go test -timeout 30m -run '^TestARM64RuntimeCapabilityStatus$' ./cmd/goc/... \
	-args -runtime-opt -runtime-status-shards=1 -runtime-status-shard=0
=== RUN   TestARM64RuntimeCapabilityStatus
=== RUN   TestARM64RuntimeCapabilityStatus/core-types/interface-nil-assertions
=== RUN   TestARM64RuntimeCapabilityStatus/core-types/string-slice-compare-swap
=== RUN   TestARM64RuntimeCapabilityStatus/core-types/interface-method-value
=== RUN   TestARM64RuntimeCapabilityStatus/core-types/slice-to-array-pointer
=== RUN   TestARM64RuntimeCapabilityStatus/core-types/string-byte-round-trip
=== RUN   TestARM64RuntimeCapabilityStatus/core-types/map-interface-values-gc
=== RUN   TestARM64RuntimeCapabilityStatus/core-types/interface-method-expression
=== RUN   TestARM64RuntimeCapabilityStatus/core-types/type-switch-pointer-values
=== RUN   TestARM64RuntimeCapabilityStatus/core-types/append-variadic-pointer-gc
=== RUN   TestARM64RuntimeCapabilityStatus/core-types/copy-interface-slice-gc
=== RUN   TestARM64RuntimeCapabilityStatus/core-types/map-range-insert-growth
=== RUN   TestARM64RuntimeCapabilityStatus/core-types/complex64-parts
=== RUN   TestARM64RuntimeCapabilityStatus/core-types/unsafe-struct-field
=== RUN   TestARM64RuntimeCapabilityStatus/core-types/map-range-delete-all
=== RUN   TestARM64RuntimeCapabilityStatus/gc/heap-struct-graph
=== RUN   TestARM64RuntimeCapabilityStatus/core-types/interface-pointer-equality-gc
=== RUN   TestARM64RuntimeCapabilityStatus/gc/scalar-stack-slots
=== RUN   TestARM64RuntimeCapabilityStatus/gc/closure-captures-roots-gc
=== RUN   TestARM64RuntimeCapabilityStatus/gc/new-composite-gc
=== RUN   TestARM64RuntimeCapabilityStatus/gc/loop-closure-gc
=== RUN   TestARM64RuntimeCapabilityStatus/gc/array-copy-pointer-gc
=== RUN   TestARM64RuntimeCapabilityStatus/gc/global-roots-gc
=== RUN   TestARM64RuntimeCapabilityStatus/gc/pinner-invalid
=== RUN   TestARM64RuntimeCapabilityStatus/stack/growth-preserves-pointers
=== RUN   TestARM64RuntimeCapabilityStatus/gc/map-pointer-values-gc
=== RUN   TestARM64RuntimeCapabilityStatus/gc/slice-struct-values-gc
=== RUN   TestARM64RuntimeCapabilityStatus/core-types/append-self-overlap
=== RUN   TestARM64RuntimeCapabilityStatus/core-types/maps-slices-interfaces
=== RUN   TestARM64RuntimeCapabilityStatus/core-types/map-growth-gc
=== RUN   TestARM64RuntimeCapabilityStatus/core-types/map-delete-iterate-gc
=== RUN   TestARM64RuntimeCapabilityStatus/core-types/slice-pointer-append-gc
=== RUN   TestARM64RuntimeCapabilityStatus/core-types/map-interface-keys-gc
=== RUN   TestARM64RuntimeCapabilityStatus/core-types/type-assertions-switch
=== RUN   TestARM64RuntimeCapabilityStatus/core-types/interface-comparable-map
=== RUN   TestARM64RuntimeCapabilityStatus/core-types/slice-copy-overlap
=== RUN   TestARM64RuntimeCapabilityStatus/core-types/string-rune-map
=== RUN   TestARM64RuntimeCapabilityStatus/core-types/array-map-key
=== RUN   TestARM64RuntimeCapabilityStatus/core-types/nil-interface-typed-pointer
=== RUN   TestARM64RuntimeCapabilityStatus/core-types/complex-arithmetic
=== RUN   TestARM64RuntimeCapabilityStatus/core-types/append-growth-pointer-elements
=== RUN   TestARM64RuntimeCapabilityStatus/core-types/map-clear
=== RUN   TestARM64RuntimeCapabilityStatus/core-types/map-iter-delete-insert
=== RUN   TestARM64RuntimeCapabilityStatus/core-types/interface-to-interface
=== RUN   TestARM64RuntimeCapabilityStatus/core-types/slice-three-index
=== RUN   TestARM64RuntimeCapabilityStatus/core-types/copy-string-to-bytes
=== RUN   TestARM64RuntimeCapabilityStatus/core-types/method-expression
=== RUN   TestARM64RuntimeCapabilityStatus/core-types/type-param-method-dispatch
=== RUN   TestARM64RuntimeCapabilityStatus/core-types/type-param-method-shapes
=== RUN   TestARM64RuntimeCapabilityStatus/stack/interface-preserved-across-gc
=== RUN   TestARM64RuntimeCapabilityStatus/goroutine/closed-channel-send-panic
=== RUN   TestARM64RuntimeCapabilityStatus/stack/method-value-gc
=== RUN   TestARM64RuntimeCapabilityStatus/goroutine/channel-interface-close-gc
=== RUN   TestARM64RuntimeCapabilityStatus/core-types/nil-map-read-delete
=== RUN   TestARM64RuntimeCapabilityStatus/stack/interface-method-gc
=== RUN   TestARM64RuntimeCapabilityStatus/stack/defer-closure-stack-gc
=== RUN   TestARM64RuntimeCapabilityStatus/goroutine/channel-handoff
=== RUN   TestARM64RuntimeCapabilityStatus/goroutine/channel-close-range
=== RUN   TestARM64RuntimeCapabilityStatus/goroutine/select-channels
=== RUN   TestARM64RuntimeCapabilityStatus/goroutine/select-global-locked-gc
=== RUN   TestARM64RuntimeCapabilityStatus/goroutine/closed-channel-receive
=== RUN   TestARM64RuntimeCapabilityStatus/goroutine/select-closed-channel
=== RUN   TestARM64RuntimeCapabilityStatus/goroutine/unbuffered-pingpong
=== RUN   TestARM64RuntimeCapabilityStatus/goroutine/closure-survives-gc
=== RUN   TestARM64RuntimeCapabilityStatus/goroutine/many-goroutines-gc
=== RUN   TestARM64RuntimeCapabilityStatus/goroutine/nil-channel-select
=== RUN   TestARM64RuntimeCapabilityStatus/goroutine/select-send-default
=== RUN   TestARM64RuntimeCapabilityStatus/goroutine/lock-osthread
=== RUN   TestARM64RuntimeCapabilityStatus/goroutine/channel-close-buffered-receive
=== RUN   TestARM64RuntimeCapabilityStatus/goroutine/double-close-panic
=== RUN   TestARM64RuntimeCapabilityStatus/goroutine/buffered-channel-fifo
=== RUN   TestARM64RuntimeCapabilityStatus/goroutine/interface-channel-gc
=== RUN   TestARM64RuntimeCapabilityStatus/goroutine/channel-of-slices-gc
=== RUN   TestARM64RuntimeCapabilityStatus/goroutine/channel-nonblocking-receive
=== RUN   TestARM64RuntimeCapabilityStatus/core-types/map-pointer-keys
=== RUN   TestARM64RuntimeCapabilityStatus/core-types/map-struct-value-replace
=== RUN   TestARM64RuntimeCapabilityStatus/goroutine/select-receive-default
=== RUN   TestARM64RuntimeCapabilityStatus/goroutine/select-nil-disable
=== RUN   TestARM64RuntimeCapabilityStatus/goroutine/channel-direction
=== RUN   TestARM64RuntimeCapabilityStatus/goroutine/select-buffered-send-receive
=== RUN   TestARM64RuntimeCapabilityStatus/goroutine/worker-fanin-gc
=== RUN   TestARM64RuntimeCapabilityStatus/goroutine/channel-struct-pointer-gc
=== RUN   TestARM64RuntimeCapabilityStatus/stack/recursive-struct-chain-gc
=== RUN   TestARM64RuntimeCapabilityStatus/goroutine/channel-struct-zero-close
=== RUN   TestARM64RuntimeCapabilityStatus/stack/many-defers-stack
=== RUN   TestARM64RuntimeCapabilityStatus/stdlib-testing/quick-check
=== RUN   TestARM64RuntimeCapabilityStatus/goroutine/select-two-ready
=== RUN   TestARM64RuntimeCapabilityStatus/goroutine/channel-pointer-zero-close
=== RUN   TestARM64RuntimeCapabilityStatus/stdlib-runtime/context-cancel-channel
=== RUN   TestARM64RuntimeCapabilityStatus/stdlib-io/readall-limited-reader
=== RUN   TestARM64RuntimeCapabilityStatus/stdlib-io/copy-buffer
=== RUN   TestARM64RuntimeCapabilityStatus/stdlib-io/multi-reader-writer
=== RUN   TestARM64RuntimeCapabilityStatus/stdlib-io/tee-reader
=== RUN   TestARM64RuntimeCapabilityStatus/stdlib-io/pipe-roundtrip
=== RUN   TestARM64RuntimeCapabilityStatus/stdlib-io/bufio-reader-writer
=== RUN   TestARM64RuntimeCapabilityStatus/stdlib-io/bufio-scanner-words
=== RUN   TestARM64RuntimeCapabilityStatus/stdlib-io/bufio-lines-after-read
=== RUN   TestARM64RuntimeCapabilityStatus/stdlib-io/bytes-buffer
=== RUN   TestARM64RuntimeCapabilityStatus/stdlib-io/strings-reader-seek
=== RUN   TestARM64RuntimeCapabilityStatus/stdlib-io/section-reader
=== RUN   TestARM64RuntimeCapabilityStatus/stdlib-io/copy-n
=== RUN   TestARM64RuntimeCapabilityStatus/stdlib-io/copy-n-writer-only
=== RUN   TestARM64RuntimeCapabilityStatus/stdlib-io/discard-write
=== RUN   TestARM64RuntimeCapabilityStatus/stdlib-io/limited-reader
=== RUN   TestARM64RuntimeCapabilityStatus/stdlib-io/write-string
=== RUN   TestARM64RuntimeCapabilityStatus/stdlib-os/file-roundtrip
=== RUN   TestARM64RuntimeCapabilityStatus/stdlib-os/rename-stat
=== RUN   TestARM64RuntimeCapabilityStatus/stdlib-os/readdir-walkdir
=== RUN   TestARM64RuntimeCapabilityStatus/stdlib-os/pipe-goroutine-close
=== RUN   TestARM64RuntimeCapabilityStatus/stdlib-os/pipe-returned-closure-close
=== RUN   TestARM64RuntimeCapabilityStatus/stdlib-os/pipe-interface-capture-close
=== RUN   TestARM64RuntimeCapabilityStatus/stdlib-os/pipe-manual-copy-shape
=== RUN   TestARM64RuntimeCapabilityStatus/stdlib-os/pipe-embedded-file-copy
=== RUN   TestARM64RuntimeCapabilityStatus/stdlib-os/exec-goroutine-shape
=== RUN   TestARM64RuntimeCapabilityStatus/stdlib-os/filepath-glob-clean
=== RUN   TestARM64RuntimeCapabilityStatus/stdlib-os/filemode-string
=== RUN   TestARM64RuntimeCapabilityStatus/stdlib-os/user-lookup
=== RUN   TestARM64RuntimeCapabilityStatus/stdlib-encoding/base64
=== RUN   TestARM64RuntimeCapabilityStatus/stdlib-encoding/hex
=== RUN   TestARM64RuntimeCapabilityStatus/stdlib-encoding/csv
=== RUN   TestARM64RuntimeCapabilityStatus/stdlib-encoding/binary
=== RUN   TestARM64RuntimeCapabilityStatus/stdlib-encoding/binary-varint
=== RUN   TestARM64RuntimeCapabilityStatus/stdlib-encoding/base32
=== RUN   TestARM64RuntimeCapabilityStatus/stdlib-encoding/ascii85
=== RUN   TestARM64RuntimeCapabilityStatus/stdlib-encoding/pem
=== RUN   TestARM64RuntimeCapabilityStatus/stdlib-encoding/xml
=== RUN   TestARM64RuntimeCapabilityStatus/stdlib-encoding/json-roundtrip
=== RUN   TestARM64RuntimeCapabilityStatus/stdlib-encoding/gob-int
=== RUN   TestARM64RuntimeCapabilityStatus/stdlib-encoding/gob-struct-int
=== RUN   TestARM64RuntimeCapabilityStatus/stdlib-encoding/gob-struct-mixed
=== RUN   TestARM64RuntimeCapabilityStatus/stdlib-encoding/gob-roundtrip
=== RUN   TestARM64RuntimeCapabilityStatus/stdlib-encoding/asn1-roundtrip
=== RUN   TestARM64RuntimeCapabilityStatus/stdlib-crypto/hash-hmac
=== RUN   TestARM64RuntimeCapabilityStatus/stdlib-crypto/aes-modes
=== RUN   TestARM64RuntimeCapabilityStatus/stdlib-crypto/hkdf
=== RUN   TestARM64RuntimeCapabilityStatus/stdlib-crypto/ed25519
=== RUN   TestARM64RuntimeCapabilityStatus/stdlib-crypto/ecdh-x25519
=== RUN   TestARM64RuntimeCapabilityStatus/stdlib-crypto/x509-ed25519
=== RUN   TestARM64RuntimeCapabilityStatus/stdlib-crypto/rsa
=== RUN   TestARM64RuntimeCapabilityStatus/stdlib-crypto/ecdsa
=== RUN   TestARM64RuntimeCapabilityStatus/stdlib-crypto/sha3-pbkdf2
=== RUN   TestARM64RuntimeCapabilityStatus/stdlib-crypto/des-rc4
=== RUN   TestARM64RuntimeCapabilityStatus/stdlib-crypto/mlkem
=== RUN   TestARM64RuntimeCapabilityStatus/stdlib-crypto/hpke
=== RUN   TestARM64RuntimeCapabilityStatus/stdlib-errors/join-is-as
=== RUN   TestARM64RuntimeCapabilityStatus/stdlib-text/strconv-roundtrip
=== RUN   TestARM64RuntimeCapabilityStatus/stdlib-text/strconv-parse-edges
=== RUN   TestARM64RuntimeCapabilityStatus/stdlib-text/regexp-find-replace
=== RUN   TestARM64RuntimeCapabilityStatus/stdlib-text/strings-transform
=== RUN   TestARM64RuntimeCapabilityStatus/stdlib-text/strings-builder-cut
=== RUN   TestARM64RuntimeCapabilityStatus/stdlib-text/text-template-parse
=== RUN   TestARM64RuntimeCapabilityStatus/stdlib-text/text-template-execute-parse-only
=== RUN   TestARM64RuntimeCapabilityStatus/stdlib-text/text-template-execute
=== RUN   TestARM64RuntimeCapabilityStatus/stdlib-text/sort-search-slice
=== RUN   TestARM64RuntimeCapabilityStatus/stdlib-text/sort-find-edges
=== RUN   TestARM64RuntimeCapabilityStatus/stdlib-fmt/println
=== RUN   TestARM64RuntimeCapabilityStatus/stdlib-fmt/sprintf
=== RUN   TestARM64RuntimeCapabilityStatus/stdlib-bytes/grow-capacity
=== RUN   TestARM64RuntimeCapabilityStatus/stdlib-bytes/reader-unread
=== RUN   TestARM64RuntimeCapabilityStatus/stdlib-containers/list-ring
=== RUN   TestARM64RuntimeCapabilityStatus/stdlib-containers/heap
=== RUN   TestARM64RuntimeCapabilityStatus/stdlib-math/math-bits
=== RUN   TestARM64RuntimeCapabilityStatus/stdlib-math/bits-wide-arithmetic
=== RUN   TestARM64RuntimeCapabilityStatus/stdlib-math/math-cmplx
=== RUN   TestARM64RuntimeCapabilityStatus/stdlib-generics/maps-slices
=== RUN   TestARM64RuntimeCapabilityStatus/stdlib-generics/maps-keys
=== RUN   TestARM64RuntimeCapabilityStatus/stdlib-generics/slices-string-sort
=== RUN   TestARM64RuntimeCapabilityStatus/stdlib-generics/maps-clone
=== RUN   TestARM64RuntimeCapabilityStatus/stdlib-time/format-parse
=== RUN   TestARM64RuntimeCapabilityStatus/stdlib-url/resolve-query
=== RUN   TestARM64RuntimeCapabilityStatus/stdlib-url/values-encode
=== RUN   TestARM64RuntimeCapabilityStatus/stdlib-mime/quotedprintable
=== RUN   TestARM64RuntimeCapabilityStatus/stdlib-compress/gzip-roundtrip
=== RUN   TestARM64RuntimeCapabilityStatus/stdlib-compress/zlib-lzw
=== RUN   TestARM64RuntimeCapabilityStatus/stdlib-compress/bzip2
=== RUN   TestARM64RuntimeCapabilityStatus/stdlib-archive/tar-roundtrip
=== RUN   TestARM64RuntimeCapabilityStatus/stdlib-archive/zip-roundtrip
=== RUN   TestARM64RuntimeCapabilityStatus/stdlib-image/png-roundtrip
=== RUN   TestARM64RuntimeCapabilityStatus/stdlib-image/jpeg-roundtrip
=== RUN   TestARM64RuntimeCapabilityStatus/stdlib-image/gif-animation
=== RUN   TestARM64RuntimeCapabilityStatus/stdlib-math/rand-shuffle-permutation
=== RUN   TestARM64RuntimeCapabilityStatus/stdlib-context/cancel-value
=== RUN   TestARM64RuntimeCapabilityStatus/stdlib-flag/parse
=== RUN   TestARM64RuntimeCapabilityStatus/stdlib-log/buffer
=== RUN   TestARM64RuntimeCapabilityStatus/stdlib-log/slog-structured
=== RUN   TestARM64RuntimeCapabilityStatus/stdlib-fs/mapfs-walk
=== RUN   TestARM64RuntimeCapabilityStatus/defer-panic/error-recover
=== RUN   TestARM64RuntimeCapabilityStatus/stdlib-net-values/mail-textproto
=== RUN   TestARM64RuntimeCapabilityStatus/stdlib-net-values/netip
=== RUN   TestARM64RuntimeCapabilityStatus/stdlib-net-values/smtp-session
=== RUN   TestARM64RuntimeCapabilityStatus/stdlib-http/client-server
=== RUN   TestARM64RuntimeCapabilityStatus/stdlib-http/parse-roundtrip
=== RUN   TestARM64RuntimeCapabilityStatus/stdlib-http/cookiejar
=== RUN   TestARM64RuntimeCapabilityStatus/stdlib-http/multipart-form
=== RUN   TestARM64RuntimeCapabilityStatus/stdlib-http/tls-client-server
=== RUN   TestARM64RuntimeCapabilityStatus/stdlib-http/redirect-keepalive
=== RUN   TestARM64RuntimeCapabilityStatus/stdlib-sync/once-map-cond
=== RUN   TestARM64RuntimeCapabilityStatus/stdlib-sync/once-func
=== RUN   TestARM64RuntimeCapabilityStatus/stdlib-sync/atomic-typed
=== RUN   TestARM64RuntimeCapabilityStatus/stdlib-runtime-values/unique-handle
=== RUN   TestARM64RuntimeCapabilityStatus/stdlib-runtime-values/weak-pointer
=== RUN   TestARM64RuntimeCapabilityStatus/stdlib-path/match-clean
=== RUN   TestARM64RuntimeCapabilityStatus/stdlib-unicode/utf8-decode
=== RUN   TestARM64RuntimeCapabilityStatus/stdlib-math/big-rat-int
=== RUN   TestARM64RuntimeCapabilityStatus/stdlib-math/rand-v2
=== RUN   TestARM64RuntimeCapabilityStatus/stdlib-hash/crc32-fnv
=== RUN   TestARM64RuntimeCapabilityStatus/stdlib-hash/adler32-state
=== RUN   TestARM64RuntimeCapabilityStatus/stdlib-generics/cmp-order
=== RUN   TestARM64RuntimeCapabilityStatus/stdlib-generics/iter-pull
=== RUN   TestARM64RuntimeCapabilityStatus/stdlib-io/ioutil-tempfile
=== RUN   TestARM64RuntimeCapabilityStatus/stdlib-runtime-diagnostics/metrics-read
=== RUN   TestARM64RuntimeCapabilityStatus/stdlib-runtime-diagnostics/trace-start-stop
=== RUN   TestARM64RuntimeCapabilityStatus/stdlib-runtime-diagnostics/trace-start-only
=== RUN   TestARM64RuntimeCapabilityStatus/stdlib-runtime-diagnostics/trace-start-probe
=== RUN   TestARM64RuntimeCapabilityStatus/stdlib-runtime-diagnostics/trace-log
=== RUN   TestARM64RuntimeCapabilityStatus/stdlib-runtime-diagnostics/trace-buffer
=== RUN   TestARM64RuntimeCapabilityStatus/stdlib-os-process/exec-echo
=== RUN   TestARM64RuntimeCapabilityStatus/stdlib-netpoll/pipe-roundtrip
=== RUN   TestARM64RuntimeCapabilityStatus/stdlib-netpoll/syscall-socket-listen
=== RUN   TestARM64RuntimeCapabilityStatus/stdlib-netpoll/udp-loopback
=== RUN   TestARM64RuntimeCapabilityStatus/loop-variables/three-clause
=== RUN   TestARM64RuntimeCapabilityStatus/loop-variables/range-forms
=== RUN   TestARM64RuntimeCapabilityStatus/loop-variables/goroutine-and-defer
=== RUN   TestARM64RuntimeCapabilityStatus/loop-variables/address-gc
=== RUN   TestARM64RuntimeCapabilityStatus/loop-variables/value-shapes
=== RUN   TestARM64RuntimeCapabilityStatus/loop-variables/shared-scope
=== RUN   TestARM64RuntimeCapabilityStatus/print-builtin/operand-separation
=== RUN   TestARM64RuntimeCapabilityStatus/assignment-targets/range-target-forms
=== RUN   TestARM64RuntimeCapabilityStatus/assignment-targets/range-target-order
=== RUN   TestARM64RuntimeCapabilityStatus/assignment-targets/multi-assignment-forms
=== RUN   TestARM64RuntimeCapabilityStatus/closure-capture/assigned-string
=== RUN   TestARM64RuntimeCapabilityStatus/closure-capture/assigned-header-values
=== RUN   TestARM64RuntimeCapabilityStatus/defer-panic/panic-string-output
=== RUN   TestARM64RuntimeCapabilityStatus/defer-panic/basic-recover
=== RUN   TestARM64RuntimeCapabilityStatus/runtime-packages/reflect-value-call
=== RUN   TestARM64RuntimeCapabilityStatus/defer-panic/goexit-runs-defer
=== RUN   TestARM64RuntimeCapabilityStatus/defer-panic/panic-stack-recover-gc
=== RUN   TestARM64RuntimeCapabilityStatus/defer-panic/defer-order-panic
=== RUN   TestARM64RuntimeCapabilityStatus/defer-panic/goroutine-panic-recover
=== RUN   TestARM64RuntimeCapabilityStatus/defer-panic/defer-argument-evaluation
=== RUN   TestARM64RuntimeCapabilityStatus/defer-panic/defer-named-return
=== RUN   TestARM64RuntimeCapabilityStatus/defer-panic/sync-once-panic
=== RUN   TestARM64RuntimeCapabilityStatus/defer-panic/panic-repanic
=== RUN   TestARM64RuntimeCapabilityStatus/defer-panic/recover-outside-panic
=== RUN   TestARM64RuntimeCapabilityStatus/defer-panic/panic-recover-identity
=== RUN   TestARM64RuntimeCapabilityStatus/defer-panic/defer-replace-panic
=== RUN   TestARM64RuntimeCapabilityStatus/defer-panic/defer-method-value-order
=== RUN   TestARM64RuntimeCapabilityStatus/defer-panic/panic-nil-recover
=== RUN   TestARM64RuntimeCapabilityStatus/defer-panic/panic-deep-unwind
=== RUN   TestARM64RuntimeCapabilityStatus/defer-panic/panic-struct-recover
=== RUN   TestARM64RuntimeCapabilityStatus/defer-panic/defer-named-result-panic
=== RUN   TestARM64RuntimeCapabilityStatus/defer-panic/panic-alloc-recover-gc
=== RUN   TestARM64RuntimeCapabilityStatus/runtime-packages/sync-pool-interface-gc
=== RUN   TestARM64RuntimeCapabilityStatus/runtime-packages/sync-waitgroup-mutex-once
=== RUN   TestARM64RuntimeCapabilityStatus/runtime-packages/sync-cond-rwmutex
=== RUN   TestARM64RuntimeCapabilityStatus/runtime-packages/sync-map
=== RUN   TestARM64RuntimeCapabilityStatus/runtime-packages/atomic-counter
=== RUN   TestARM64RuntimeCapabilityStatus/runtime-packages/atomic-value
=== RUN   TestARM64RuntimeCapabilityStatus/runtime-packages/callers-stack
=== RUN   TestARM64RuntimeCapabilityStatus/runtime-packages/reflect-type-metadata
=== RUN   TestARM64RuntimeCapabilityStatus/runtime-packages/reflect-value-int
=== RUN   TestARM64RuntimeCapabilityStatus/runtime-packages/reflect-value-indirect-call
=== RUN   TestARM64RuntimeCapabilityStatus/runtime-packages/reflect-value-instruction-op
=== RUN   TestARM64RuntimeCapabilityStatus/runtime-packages/reflect-call-aggregate
=== RUN   TestARM64RuntimeCapabilityStatus/runtime-packages/reflect-call-aggregate-probe
=== RUN   TestARM64RuntimeCapabilityStatus/runtime-packages/reflect-call-aggregate-matrix
=== RUN   TestARM64RuntimeCapabilityStatus/runtime-packages/reflect-call-aggregate-function
=== RUN   TestARM64RuntimeCapabilityStatus/runtime-packages/reflect-make-values
=== RUN   TestARM64RuntimeCapabilityStatus/runtime-packages/reflect-map-slice
=== RUN   TestARM64RuntimeCapabilityStatus/runtime-packages/reflect-select
=== RUN   TestARM64RuntimeCapabilityStatus/runtime-packages/reflect-interface-method
=== RUN   TestARM64RuntimeCapabilityStatus/runtime-packages/reflect-deep-equal
=== RUN   TestARM64RuntimeCapabilityStatus/defer-panic/typed-recover
=== RUN   TestARM64RuntimeCapabilityStatus/runtime-packages/sync-once-value
=== RUN   TestARM64RuntimeCapabilityStatus/runtime-packages/reflect-set-fields
=== RUN   TestARM64RuntimeCapabilityStatus/runtime-packages/reflect-method-metadata
=== RUN   TestARM64RuntimeCapabilityStatus/runtime-packages/reflect-interface-extract
=== RUN   TestARM64RuntimeCapabilityStatus/runtime-packages/reflect-interface-extract-probe
=== RUN   TestARM64RuntimeCapabilityStatus/runtime-packages/reflect-type-assert
=== RUN   TestARM64RuntimeCapabilityStatus/runtime-packages/sync-once-concurrent
=== RUN   TestARM64RuntimeCapabilityStatus/runtime-packages/sync-mutex-defer
=== RUN   TestARM64RuntimeCapabilityStatus/runtime-packages/sync-rwmutex-readers
=== RUN   TestARM64RuntimeCapabilityStatus/runtime-packages/timer-callback-shape
=== RUN   TestARM64RuntimeCapabilityStatus/runtime-packages/waitgroup-reuse
=== RUN   TestARM64RuntimeCapabilityStatus/stack/panic-stack-gc
=== RUN   TestARM64RuntimeCapabilityStatus/defer-panic/nested-defer
=== NAME  TestARM64RuntimeCapabilityStatus/stdlib-mime/quotedprintable
    runtime_status_test.go:2690: PASS stdlib_mime_quotedprintable.go
=== NAME  TestARM64RuntimeCapabilityStatus/stdlib-url/resolve-query
    runtime_status_test.go:2690: PASS stdlib_url_resolve_query.go
=== NAME  TestARM64RuntimeCapabilityStatus/stdlib-log/buffer
    runtime_status_test.go:2690: PASS stdlib_log_buffer.go
=== NAME  TestARM64RuntimeCapabilityStatus/stdlib-runtime-diagnostics/trace-start-stop
    runtime_status_test.go:2690: PASS stdlib_runtime_trace_start_stop.go
=== NAME  TestARM64RuntimeCapabilityStatus/stdlib-crypto/hash-hmac
    runtime_status_test.go:2690: PASS stdlib_crypto_hash_hmac.go
=== NAME  TestARM64RuntimeCapabilityStatus/stdlib-runtime-diagnostics/trace-start-probe
    runtime_status_test.go:2690: PASS stdlib_runtime_trace_start_probe.go
=== NAME  TestARM64RuntimeCapabilityStatus/stdlib-encoding/csv
    runtime_status_test.go:2690: PASS stdlib_encoding_csv.go
=== NAME  TestARM64RuntimeCapabilityStatus/stdlib-runtime-diagnostics/trace-buffer
    runtime_status_test.go:2690: PASS stdlib_runtime_trace_buffer.go
=== NAME  TestARM64RuntimeCapabilityStatus/stdlib-runtime-diagnostics/trace-start-only
    runtime_status_test.go:2690: PASS stdlib_runtime_trace_start_only.go
=== NAME  TestARM64RuntimeCapabilityStatus/stdlib-image/gif-animation
    runtime_status_test.go:2690: PASS stdlib_image_gif_animation.go
=== NAME  TestARM64RuntimeCapabilityStatus/stdlib-runtime-diagnostics/trace-log
    runtime_status_test.go:2690: PASS stdlib_runtime_trace_log.go
=== NAME  TestARM64RuntimeCapabilityStatus/stdlib-url/values-encode
    runtime_status_test.go:2690: PASS stdlib_url_values_encode.go
=== NAME  TestARM64RuntimeCapabilityStatus/stdlib-os/user-lookup
    runtime_status_test.go:2690: PASS stdlib_os_user_lookup.go
=== NAME  TestARM64RuntimeCapabilityStatus/stdlib-crypto/hpke
    runtime_status_test.go:2690: PASS stdlib_crypto_hpke.go
=== NAME  TestARM64RuntimeCapabilityStatus/stdlib-compress/gzip-roundtrip
    runtime_status_test.go:2690: PASS stdlib_compress_gzip_roundtrip.go
=== NAME  TestARM64RuntimeCapabilityStatus/stdlib-archive/tar-roundtrip
    runtime_status_test.go:2690: PASS stdlib_archive_tar_roundtrip.go
=== NAME  TestARM64RuntimeCapabilityStatus/stdlib-compress/zlib-lzw
    runtime_status_test.go:2690: PASS stdlib_compress_zlib_lzw.go
=== NAME  TestARM64RuntimeCapabilityStatus/stdlib-flag/parse
    runtime_status_test.go:2690: PASS stdlib_flag_parse.go
=== NAME  TestARM64RuntimeCapabilityStatus/stdlib-fs/mapfs-walk
    runtime_status_test.go:2690: PASS stdlib_fstest_mapfs.go
=== NAME  TestARM64RuntimeCapabilityStatus/stdlib-crypto/aes-modes
    runtime_status_test.go:2690: PASS stdlib_crypto_aes_modes.go
=== NAME  TestARM64RuntimeCapabilityStatus/stdlib-math/big-rat-int
    runtime_status_test.go:2690: PASS stdlib_math_big_rat_int.go
=== NAME  TestARM64RuntimeCapabilityStatus/stdlib-crypto/des-rc4
    runtime_status_test.go:2690: PASS stdlib_crypto_des_rc4.go
=== NAME  TestARM64RuntimeCapabilityStatus/stdlib-testing/quick-check
    runtime_status_test.go:2690: PASS stdlib_testing_quick.go
=== NAME  TestARM64RuntimeCapabilityStatus/stdlib-encoding/gob-roundtrip
    runtime_status_test.go:2690: PASS stdlib_encoding_gob_roundtrip.go
=== NAME  TestARM64RuntimeCapabilityStatus/stdlib-text/text-template-execute-parse-only
    runtime_status_test.go:2690: PASS stdlib_text_template_execute_parse_only.go
=== NAME  TestARM64RuntimeCapabilityStatus/stdlib-archive/zip-roundtrip
    runtime_status_test.go:2690: PASS stdlib_archive_zip_roundtrip.go
=== NAME  TestARM64RuntimeCapabilityStatus/stdlib-text/text-template-parse
    runtime_status_test.go:2690: PASS stdlib_text_template_parse.go
=== NAME  TestARM64RuntimeCapabilityStatus/stdlib-crypto/hkdf
    runtime_status_test.go:2690: PASS stdlib_crypto_hkdf.go
=== NAME  TestARM64RuntimeCapabilityStatus/stdlib-text/text-template-execute
    runtime_status_test.go:2690: PASS stdlib_text_template_execute.go
=== NAME  TestARM64RuntimeCapabilityStatus/stdlib-encoding/gob-int
    runtime_status_test.go:2690: PASS stdlib_encoding_gob_int.go
=== NAME  TestARM64RuntimeCapabilityStatus/stdlib-crypto/sha3-pbkdf2
    runtime_status_test.go:2690: PASS stdlib_crypto_sha3_pbkdf2.go
=== NAME  TestARM64RuntimeCapabilityStatus/stdlib-crypto/ed25519
    runtime_status_test.go:2690: PASS stdlib_crypto_ed25519.go
=== NAME  TestARM64RuntimeCapabilityStatus/stdlib-encoding/json-roundtrip
    runtime_status_test.go:2690: PASS stdlib_encoding_json_roundtrip.go
=== NAME  TestARM64RuntimeCapabilityStatus/stdlib-encoding/asn1-roundtrip
    runtime_status_test.go:2690: PASS stdlib_encoding_asn1_roundtrip.go
=== NAME  TestARM64RuntimeCapabilityStatus/stdlib-encoding/xml
    runtime_status_test.go:2690: PASS stdlib_encoding_xml.go
=== NAME  TestARM64RuntimeCapabilityStatus/stdlib-image/png-roundtrip
    runtime_status_test.go:2690: PASS stdlib_image_png_roundtrip.go
=== NAME  TestARM64RuntimeCapabilityStatus/stdlib-encoding/gob-struct-int
    runtime_status_test.go:2690: PASS stdlib_encoding_gob_struct_int.go
=== NAME  TestARM64RuntimeCapabilityStatus/stdlib-net-values/mail-textproto
    runtime_status_test.go:2690: PASS stdlib_net_mail_textproto.go
=== NAME  TestARM64RuntimeCapabilityStatus/stdlib-crypto/rsa
    runtime_status_test.go:2690: PASS stdlib_crypto_rsa.go
=== NAME  TestARM64RuntimeCapabilityStatus/stdlib-log/slog-structured
    runtime_status_test.go:2690: PASS stdlib_slog_structured.go
=== NAME  TestARM64RuntimeCapabilityStatus/stdlib-encoding/gob-struct-mixed
    runtime_status_test.go:2690: PASS stdlib_encoding_gob_struct_mixed.go
=== NAME  TestARM64RuntimeCapabilityStatus/stdlib-crypto/ecdsa
    runtime_status_test.go:2690: PASS stdlib_crypto_ecdsa.go
=== NAME  TestARM64RuntimeCapabilityStatus/stdlib-crypto/ecdh-x25519
    runtime_status_test.go:2690: PASS stdlib_crypto_ecdh_x25519.go
=== NAME  TestARM64RuntimeCapabilityStatus/assignment-targets/multi-assignment-forms
    runtime_status_test.go:2690: PASS runtime_assign_target_forms.go
=== NAME  TestARM64RuntimeCapabilityStatus/loop-variables/value-shapes
    runtime_status_test.go:2690: PASS runtime_loopvar_value_shapes.go
=== NAME  TestARM64RuntimeCapabilityStatus/stdlib-encoding/hex
    runtime_status_test.go:2690: PASS stdlib_encoding_hex.go
=== NAME  TestARM64RuntimeCapabilityStatus/loop-variables/three-clause
    runtime_status_test.go:2690: PASS runtime_loopvar_three_clause.go
=== NAME  TestARM64RuntimeCapabilityStatus/stdlib-os-process/exec-echo
    runtime_status_test.go:2690: PASS stdlib_os_exec_echo.go
=== NAME  TestARM64RuntimeCapabilityStatus/loop-variables/range-forms
    runtime_status_test.go:2690: PASS runtime_loopvar_range.go
=== NAME  TestARM64RuntimeCapabilityStatus/closure-capture/assigned-string
    runtime_status_test.go:2690: PASS runtime_closure_captured_string.go
=== NAME  TestARM64RuntimeCapabilityStatus/runtime-packages/reflect-value-indirect-call
    runtime_status_test.go:2690: PASS runtime_reflect_value_indirect_call.go
=== NAME  TestARM64RuntimeCapabilityStatus/stdlib-fmt/sprintf
    runtime_status_test.go:2690: PASS fmt_sprintf.go
=== NAME  TestARM64RuntimeCapabilityStatus/loop-variables/address-gc
    runtime_status_test.go:2690: PASS runtime_loopvar_address_gc.go
=== NAME  TestARM64RuntimeCapabilityStatus/defer-panic/error-recover
    runtime_status_test.go:2690: PASS runtime_panic_error_recover.go
=== NAME  TestARM64RuntimeCapabilityStatus/assignment-targets/range-target-forms
    runtime_status_test.go:2690: PASS runtime_range_target_forms.go
=== NAME  TestARM64RuntimeCapabilityStatus/runtime-packages/reflect-value-instruction-op
    runtime_status_test.go:2690: PASS runtime_reflect_value_instruction_op.go
=== NAME  TestARM64RuntimeCapabilityStatus/assignment-targets/range-target-order
    runtime_status_test.go:2690: PASS runtime_range_target_order.go
=== NAME  TestARM64RuntimeCapabilityStatus/stdlib-encoding/binary-varint
    runtime_status_test.go:2690: PASS stdlib_encoding_binary_varint.go
=== NAME  TestARM64RuntimeCapabilityStatus/loop-variables/goroutine-and-defer
    runtime_status_test.go:2690: PASS runtime_loopvar_goroutine_defer.go
=== NAME  TestARM64RuntimeCapabilityStatus/stdlib-fmt/println
    runtime_status_test.go:2690: PASS fmt_println.go
=== NAME  TestARM64RuntimeCapabilityStatus/closure-capture/assigned-header-values
    runtime_status_test.go:2690: PASS runtime_closure_captured_header_values.go
=== NAME  TestARM64RuntimeCapabilityStatus/runtime-packages/reflect-call-aggregate-matrix
    runtime_status_test.go:2690: PASS runtime_reflect_call_aggregate_matrix.go
=== NAME  TestARM64RuntimeCapabilityStatus/runtime-packages/reflect-value-int
    runtime_status_test.go:2690: PASS runtime_reflect_value_int.go
=== NAME  TestARM64RuntimeCapabilityStatus/loop-variables/shared-scope
    runtime_status_test.go:2690: PASS runtime_loopvar_shared_scope.go
=== NAME  TestARM64RuntimeCapabilityStatus/runtime-packages/reflect-call-aggregate-probe
    runtime_status_test.go:2690: PASS runtime_reflect_call_aggregate_probe.go
=== NAME  TestARM64RuntimeCapabilityStatus/stdlib-net-values/smtp-session
    runtime_status_test.go:2690: PASS stdlib_smtp_session.go
=== NAME  TestARM64RuntimeCapabilityStatus/stdlib-encoding/binary
    runtime_status_test.go:2690: PASS stdlib_encoding_binary.go
=== NAME  TestARM64RuntimeCapabilityStatus/runtime-packages/reflect-interface-extract-probe
    runtime_status_test.go:2690: PASS runtime_reflect_interface_extract_probe.go
=== NAME  TestARM64RuntimeCapabilityStatus/stdlib-netpoll/udp-loopback
    runtime_status_test.go:2690: PASS stdlib_netpoll_udp_loopback.go
=== NAME  TestARM64RuntimeCapabilityStatus/stdlib-crypto/mlkem
    runtime_status_test.go:2690: PASS stdlib_crypto_mlkem.go
=== NAME  TestARM64RuntimeCapabilityStatus/stdlib-crypto/x509-ed25519
    runtime_status_test.go:2690: PASS stdlib_crypto_x509_ed25519.go
=== NAME  TestARM64RuntimeCapabilityStatus/stdlib-os/pipe-interface-capture-close
    runtime_status_test.go:2690: PASS stdlib_os_pipe_interface_capture_close.go
=== NAME  TestARM64RuntimeCapabilityStatus/stdlib-os/readdir-walkdir
    runtime_status_test.go:2690: PASS stdlib_os_readdir_walkdir.go
=== NAME  TestARM64RuntimeCapabilityStatus/stdlib-os/file-roundtrip
    runtime_status_test.go:2690: PASS stdlib_os_file_roundtrip.go
=== NAME  TestARM64RuntimeCapabilityStatus/stdlib-os/pipe-manual-copy-shape
    runtime_status_test.go:2690: PASS stdlib_os_pipe_manual_copy_shape.go
=== NAME  TestARM64RuntimeCapabilityStatus/stdlib-os/exec-goroutine-shape
    runtime_status_test.go:2690: PASS stdlib_os_exec_goroutine_shape.go
=== NAME  TestARM64RuntimeCapabilityStatus/stdlib-os/filepath-glob-clean
    runtime_status_test.go:2690: PASS stdlib_filepath_glob_clean.go
=== NAME  TestARM64RuntimeCapabilityStatus/stdlib-os/pipe-embedded-file-copy
    runtime_status_test.go:2690: PASS stdlib_os_pipe_embedded_file_copy.go
=== NAME  TestARM64RuntimeCapabilityStatus/stdlib-io/ioutil-tempfile
    runtime_status_test.go:2690: PASS stdlib_ioutil_tempfile.go
=== NAME  TestARM64RuntimeCapabilityStatus/print-builtin/operand-separation
    runtime_status_test.go:2690: PASS runtime_println_operand_separation.go
=== NAME  TestARM64RuntimeCapabilityStatus/stdlib-os/rename-stat
    runtime_status_test.go:2690: PASS stdlib_os_rename_stat.go
=== NAME  TestARM64RuntimeCapabilityStatus/stdlib-netpoll/pipe-roundtrip
    runtime_status_test.go:2690: PASS stdlib_netpoll_pipe_roundtrip.go
=== NAME  TestARM64RuntimeCapabilityStatus/stdlib-context/cancel-value
    runtime_status_test.go:2690: PASS stdlib_context_cancel_value.go
=== NAME  TestARM64RuntimeCapabilityStatus/stdlib-compress/bzip2
    runtime_status_test.go:2690: PASS stdlib_compress_bzip2.go
=== NAME  TestARM64RuntimeCapabilityStatus/stdlib-runtime/context-cancel-channel
    runtime_status_test.go:2690: PASS context_cancel.go
=== NAME  TestARM64RuntimeCapabilityStatus/runtime-packages/reflect-call-aggregate-function
    runtime_status_test.go:2690: PASS runtime_reflect_call_aggregate_function_probe.go
=== NAME  TestARM64RuntimeCapabilityStatus/runtime-packages/reflect-map-slice
    runtime_status_test.go:2690: PASS runtime_reflect_map_slice.go
=== NAME  TestARM64RuntimeCapabilityStatus/stdlib-encoding/pem
    runtime_status_test.go:2690: PASS stdlib_encoding_pem.go
=== NAME  TestARM64RuntimeCapabilityStatus/runtime-packages/reflect-type-metadata
    runtime_status_test.go:2690: PASS runtime_reflect_type_metadata.go
=== NAME  TestARM64RuntimeCapabilityStatus/runtime-packages/reflect-set-fields
    runtime_status_test.go:2690: PASS runtime_reflect_set_fields.go
=== NAME  TestARM64RuntimeCapabilityStatus/runtime-packages/reflect-type-assert
    runtime_status_test.go:2690: PASS runtime_reflect_type_assert_probe.go
=== NAME  TestARM64RuntimeCapabilityStatus/stdlib-os/filemode-string
    runtime_status_test.go:2690: PASS filemode_string.go
=== NAME  TestARM64RuntimeCapabilityStatus/runtime-packages/reflect-method-metadata
    runtime_status_test.go:2690: PASS runtime_reflect_method_metadata.go
=== NAME  TestARM64RuntimeCapabilityStatus/runtime-packages/reflect-interface-method
    runtime_status_test.go:2690: PASS runtime_reflect_interface_method.go
=== NAME  TestARM64RuntimeCapabilityStatus/runtime-packages/reflect-select
    runtime_status_test.go:2690: PASS runtime_reflect_select.go
=== NAME  TestARM64RuntimeCapabilityStatus/runtime-packages/reflect-make-values
    runtime_status_test.go:2690: PASS runtime_reflect_make_values.go
=== NAME  TestARM64RuntimeCapabilityStatus/runtime-packages/reflect-value-call
    runtime_status_test.go:2690: PASS runtime_reflect_value_call.go
=== NAME  TestARM64RuntimeCapabilityStatus/runtime-packages/reflect-deep-equal
    runtime_status_test.go:2690: PASS runtime_reflect_deep_equal.go
=== NAME  TestARM64RuntimeCapabilityStatus/runtime-packages/reflect-interface-extract
    runtime_status_test.go:2690: PASS runtime_reflect_interface_extract.go
=== NAME  TestARM64RuntimeCapabilityStatus/stdlib-io/tee-reader
    runtime_status_test.go:2690: PASS stdlib_io_tee_reader.go
=== NAME  TestARM64RuntimeCapabilityStatus/stdlib-text/regexp-find-replace
    runtime_status_test.go:2690: PASS stdlib_regexp_find_replace.go
=== NAME  TestARM64RuntimeCapabilityStatus/stdlib-io/bufio-lines-after-read
    runtime_status_test.go:2690: PASS bufio_lines_after_read.go
=== NAME  TestARM64RuntimeCapabilityStatus/stdlib-io/bufio-reader-writer
    runtime_status_test.go:2690: PASS stdlib_bufio_reader_writer.go
=== NAME  TestARM64RuntimeCapabilityStatus/runtime-packages/reflect-call-aggregate
    runtime_status_test.go:2690: PASS runtime_reflect_call_aggregate.go
=== NAME  TestARM64RuntimeCapabilityStatus/stdlib-io/multi-reader-writer
    runtime_status_test.go:2690: PASS stdlib_io_multi_reader_writer.go
=== NAME  TestARM64RuntimeCapabilityStatus/stdlib-math/rand-v2
    runtime_status_test.go:2690: PASS stdlib_rand_v2.go
=== NAME  TestARM64RuntimeCapabilityStatus/stdlib-os/pipe-returned-closure-close
    runtime_status_test.go:2690: PASS stdlib_os_pipe_returned_closure_close.go
=== NAME  TestARM64RuntimeCapabilityStatus/stdlib-io/bufio-scanner-words
    runtime_status_test.go:2690: PASS stdlib_bufio_scanner_words.go
=== NAME  TestARM64RuntimeCapabilityStatus/stdlib-os/pipe-goroutine-close
    runtime_status_test.go:2690: PASS stdlib_os_pipe_goroutine_close.go
=== NAME  TestARM64RuntimeCapabilityStatus/stdlib-image/jpeg-roundtrip
    runtime_status_test.go:2690: PASS stdlib_image_jpeg_roundtrip.go
=== NAME  TestARM64RuntimeCapabilityStatus/stdlib-time/format-parse
    runtime_status_test.go:2690: PASS stdlib_time_format_parse.go
=== NAME  TestARM64RuntimeCapabilityStatus/stdlib-io/limited-reader
    runtime_status_test.go:2690: PASS io_limited_reader.go
=== NAME  TestARM64RuntimeCapabilityStatus/stdlib-bytes/reader-unread
    runtime_status_test.go:2690: PASS stdlib_bytes_reader_unread.go
=== NAME  TestARM64RuntimeCapabilityStatus/stdlib-io/pipe-roundtrip
    runtime_status_test.go:2690: PASS stdlib_io_pipe_roundtrip.go
=== NAME  TestARM64RuntimeCapabilityStatus/stdlib-text/strings-builder-cut
    runtime_status_test.go:2690: PASS stdlib_strings_builder_cut.go
=== NAME  TestARM64RuntimeCapabilityStatus/stdlib-io/section-reader
    runtime_status_test.go:2690: PASS stdlib_io_section_reader.go
=== NAME  TestARM64RuntimeCapabilityStatus/stdlib-io/strings-reader-seek
    runtime_status_test.go:2690: PASS stdlib_strings_reader_seek.go
=== NAME  TestARM64RuntimeCapabilityStatus/stdlib-runtime-diagnostics/metrics-read
    runtime_status_test.go:2690: PASS stdlib_runtime_metrics_read.go
=== NAME  TestARM64RuntimeCapabilityStatus/stdlib-text/strings-transform
    runtime_status_test.go:2690: PASS stdlib_strings_transform.go
=== NAME  TestARM64RuntimeCapabilityStatus/stdlib-containers/heap
    runtime_status_test.go:2690: PASS stdlib_container_heap.go
=== NAME  TestARM64RuntimeCapabilityStatus/stdlib-hash/crc32-fnv
    runtime_status_test.go:2690: PASS stdlib_hash_crc32_fnv.go
=== NAME  TestARM64RuntimeCapabilityStatus/stdlib-netpoll/syscall-socket-listen
    runtime_status_test.go:2690: PASS stdlib_netpoll_syscall_socket_listen.go
=== NAME  TestARM64RuntimeCapabilityStatus/stdlib-encoding/base64
    runtime_status_test.go:2690: PASS stdlib_encoding_base64.go
=== NAME  TestARM64RuntimeCapabilityStatus/stdlib-io/copy-buffer
    runtime_status_test.go:2690: PASS stdlib_io_copy_buffer.go
=== NAME  TestARM64RuntimeCapabilityStatus/stdlib-encoding/ascii85
    runtime_status_test.go:2690: PASS stdlib_encoding_ascii85.go
=== NAME  TestARM64RuntimeCapabilityStatus/stdlib-text/sort-search-slice
    runtime_status_test.go:2690: PASS stdlib_sort_search_slice.go
=== NAME  TestARM64RuntimeCapabilityStatus/stdlib-runtime-values/unique-handle
    runtime_status_test.go:2690: PASS stdlib_unique_handle.go
=== NAME  TestARM64RuntimeCapabilityStatus/stdlib-text/sort-find-edges
    runtime_status_test.go:2690: PASS stdlib_sort_find_edges.go
=== NAME  TestARM64RuntimeCapabilityStatus/stdlib-encoding/base32
    runtime_status_test.go:2690: PASS stdlib_encoding_base32.go
=== NAME  TestARM64RuntimeCapabilityStatus/runtime-packages/sync-pool-interface-gc
    runtime_status_test.go:2690: PASS sync_pool_interface.go
=== NAME  TestARM64RuntimeCapabilityStatus/stdlib-hash/adler32-state
    runtime_status_test.go:2690: PASS adler32_marshal_loop.go
=== NAME  TestARM64RuntimeCapabilityStatus/stdlib-io/copy-n
    runtime_status_test.go:2690: PASS io_copy_n.go
=== NAME  TestARM64RuntimeCapabilityStatus/stdlib-io/bytes-buffer
    runtime_status_test.go:2690: PASS stdlib_bytes_buffer.go
=== NAME  TestARM64RuntimeCapabilityStatus/stdlib-io/readall-limited-reader
    runtime_status_test.go:2690: PASS stdlib_io_readall_limited_reader.go
=== NAME  TestARM64RuntimeCapabilityStatus/stdlib-generics/slices-string-sort
    runtime_status_test.go:2690: PASS stdlib_slices_string_sort.go
=== NAME  TestARM64RuntimeCapabilityStatus/stdlib-io/write-string
    runtime_status_test.go:2690: PASS io_write_string.go
=== NAME  TestARM64RuntimeCapabilityStatus/stdlib-net-values/netip
    runtime_status_test.go:2690: PASS stdlib_net_netip.go
=== NAME  TestARM64RuntimeCapabilityStatus/runtime-packages/waitgroup-reuse
    runtime_status_test.go:2690: PASS runtime_waitgroup_reuse.go
=== NAME  TestARM64RuntimeCapabilityStatus/stdlib-math/rand-shuffle-permutation
    runtime_status_test.go:2690: PASS stdlib_rand_shuffle_permutation.go
=== NAME  TestARM64RuntimeCapabilityStatus/runtime-packages/sync-once-concurrent
    runtime_status_test.go:2690: PASS runtime_sync_once_concurrent.go
=== NAME  TestARM64RuntimeCapabilityStatus/runtime-packages/sync-cond-rwmutex
    runtime_status_test.go:2690: PASS runtime_sync_cond_rwmutex.go
=== NAME  TestARM64RuntimeCapabilityStatus/stdlib-bytes/grow-capacity
    runtime_status_test.go:2690: PASS bytes_grow_capacity.go
=== NAME  TestARM64RuntimeCapabilityStatus/defer-panic/sync-once-panic
    runtime_status_test.go:2690: PASS runtime_sync_once_panic.go
=== NAME  TestARM64RuntimeCapabilityStatus/stdlib-sync/once-map-cond
    runtime_status_test.go:2690: PASS stdlib_sync_once_map_cond.go
=== NAME  TestARM64RuntimeCapabilityStatus/stdlib-io/discard-write
    runtime_status_test.go:2690: PASS io_discard_write.go
=== NAME  TestARM64RuntimeCapabilityStatus/stdlib-generics/maps-keys
    runtime_status_test.go:2690: PASS stdlib_maps_keys.go
=== NAME  TestARM64RuntimeCapabilityStatus/runtime-packages/sync-rwmutex-readers
    runtime_status_test.go:2690: PASS runtime_sync_rwmutex_readers.go
=== NAME  TestARM64RuntimeCapabilityStatus/runtime-packages/sync-map
    runtime_status_test.go:2690: PASS runtime_sync_map.go
=== NAME  TestARM64RuntimeCapabilityStatus/stdlib-text/strconv-parse-edges
    runtime_status_test.go:2690: PASS stdlib_strconv_parse_edges.go
=== NAME  TestARM64RuntimeCapabilityStatus/runtime-packages/atomic-counter
    runtime_status_test.go:2690: PASS runtime_atomic_counter.go
=== NAME  TestARM64RuntimeCapabilityStatus/stdlib-sync/once-func
    runtime_status_test.go:2690: PASS runtime_sync_once_func.go
=== NAME  TestARM64RuntimeCapabilityStatus/stdlib-io/copy-n-writer-only
    runtime_status_test.go:2690: PASS io_copy_n_writer_only.go
=== NAME  TestARM64RuntimeCapabilityStatus/core-types/type-param-method-shapes
    runtime_status_test.go:2690: PASS runtime_type_param_method_shapes.go
=== NAME  TestARM64RuntimeCapabilityStatus/runtime-packages/sync-mutex-defer
    runtime_status_test.go:2690: PASS runtime_sync_mutex_defer.go
=== NAME  TestARM64RuntimeCapabilityStatus/goroutine/many-goroutines-gc
    runtime_status_test.go:2690: PASS runtime_many_goroutines_gc.go
=== NAME  TestARM64RuntimeCapabilityStatus/stdlib-text/strconv-roundtrip
    runtime_status_test.go:2690: PASS stdlib_strconv_roundtrip.go
=== NAME  TestARM64RuntimeCapabilityStatus/runtime-packages/sync-waitgroup-mutex-once
    runtime_status_test.go:2690: PASS runtime_sync_waitgroup_mutex.go
=== NAME  TestARM64RuntimeCapabilityStatus/stdlib-errors/join-is-as
    runtime_status_test.go:2690: PASS stdlib_errors_join_is_as.go
=== NAME  TestARM64RuntimeCapabilityStatus/stdlib-generics/maps-slices
    runtime_status_test.go:2690: PASS stdlib_maps_slices.go
=== NAME  TestARM64RuntimeCapabilityStatus/runtime-packages/sync-once-value
    runtime_status_test.go:2690: PASS runtime_sync_once_value.go
=== NAME  TestARM64RuntimeCapabilityStatus/stdlib-path/match-clean
    runtime_status_test.go:2690: PASS stdlib_path_match_clean.go
=== NAME  TestARM64RuntimeCapabilityStatus/gc/slice-struct-values-gc
    runtime_status_test.go:2690: PASS runtime_slice_struct_values_gc.go
=== NAME  TestARM64RuntimeCapabilityStatus/gc/closure-captures-roots-gc
    runtime_status_test.go:2690: PASS runtime_closure_captures_roots_gc.go
=== NAME  TestARM64RuntimeCapabilityStatus/goroutine/worker-fanin-gc
    runtime_status_test.go:2690: PASS runtime_worker_fanin_gc.go
=== NAME  TestARM64RuntimeCapabilityStatus/stdlib-generics/iter-pull
    runtime_status_test.go:2690: PASS stdlib_iter_pull.go
=== NAME  TestARM64RuntimeCapabilityStatus/gc/heap-struct-graph
    runtime_status_test.go:2690: PASS gc_struct.go
=== NAME  TestARM64RuntimeCapabilityStatus/core-types/type-switch-pointer-values
    runtime_status_test.go:2690: PASS runtime_type_switch_pointer_values.go
=== NAME  TestARM64RuntimeCapabilityStatus/stack/panic-stack-gc
    runtime_status_test.go:2690: PASS runtime_panic_stack_gc.go
=== NAME  TestARM64RuntimeCapabilityStatus/goroutine/select-global-locked-gc
    runtime_status_test.go:2690: PASS runtime_select_global_locked_gc.go
=== NAME  TestARM64RuntimeCapabilityStatus/defer-panic/panic-stack-recover-gc
    runtime_status_test.go:2690: PASS runtime_panic_stack_recover_gc.go
=== NAME  TestARM64RuntimeCapabilityStatus/goroutine/channel-interface-close-gc
    runtime_status_test.go:2690: PASS runtime_channel_interface_close_gc.go
=== NAME  TestARM64RuntimeCapabilityStatus/gc/map-pointer-values-gc
    runtime_status_test.go:2690: PASS runtime_map_pointer_values_gc.go
=== NAME  TestARM64RuntimeCapabilityStatus/gc/new-composite-gc
    runtime_status_test.go:2690: PASS runtime_new_composite_gc.go
=== NAME  TestARM64RuntimeCapabilityStatus/core-types/copy-interface-slice-gc
    runtime_status_test.go:2690: PASS runtime_copy_interface_slice_gc.go
=== NAME  TestARM64RuntimeCapabilityStatus/core-types/interface-pointer-equality-gc
    runtime_status_test.go:2690: PASS runtime_interface_pointer_equality_gc.go
=== NAME  TestARM64RuntimeCapabilityStatus/gc/global-roots-gc
    runtime_status_test.go:2690: PASS runtime_global_roots_gc.go
=== NAME  TestARM64RuntimeCapabilityStatus/stdlib-runtime-values/weak-pointer
    runtime_status_test.go:2690: PASS stdlib_weak_pointer.go
=== NAME  TestARM64RuntimeCapabilityStatus/core-types/map-delete-iterate-gc
    runtime_status_test.go:2690: PASS runtime_map_delete_iter_gc.go
=== NAME  TestARM64RuntimeCapabilityStatus/stack/interface-preserved-across-gc
    runtime_status_test.go:2690: PASS runtime_interface_stack_gc.go
=== NAME  TestARM64RuntimeCapabilityStatus/core-types/map-interface-values-gc
    runtime_status_test.go:2690: PASS runtime_map_interface_values_gc.go
=== NAME  TestARM64RuntimeCapabilityStatus/goroutine/channel-struct-pointer-gc
    runtime_status_test.go:2690: PASS runtime_channel_struct_pointer_gc.go
=== NAME  TestARM64RuntimeCapabilityStatus/stdlib-generics/maps-clone
    runtime_status_test.go:2690: PASS stdlib_maps_clone.go
=== NAME  TestARM64RuntimeCapabilityStatus/defer-panic/panic-alloc-recover-gc
    runtime_status_test.go:2690: PASS runtime_panic_alloc_recover_gc.go
=== NAME  TestARM64RuntimeCapabilityStatus/stack/defer-closure-stack-gc
    runtime_status_test.go:2690: PASS runtime_defer_closure_stack_gc.go
=== NAME  TestARM64RuntimeCapabilityStatus/gc/pinner-invalid
    runtime_status_test.go:2690: PASS runtime_pinner_invalid.go
=== NAME  TestARM64RuntimeCapabilityStatus/gc/loop-closure-gc
    runtime_status_test.go:2690: PASS runtime_loop_closure_gc.go
=== NAME  TestARM64RuntimeCapabilityStatus/goroutine/interface-channel-gc
    runtime_status_test.go:2690: PASS runtime_interface_channel_gc.go
=== NAME  TestARM64RuntimeCapabilityStatus/gc/scalar-stack-slots
    runtime_status_test.go:2690: PASS runtime_accurate_gc_scalars.go
=== NAME  TestARM64RuntimeCapabilityStatus/core-types/map-pointer-keys
    runtime_status_test.go:2690: PASS runtime_map_pointer_keys.go
=== NAME  TestARM64RuntimeCapabilityStatus/stack/growth-preserves-pointers
    runtime_status_test.go:2690: PASS runtime_stack_growth.go
=== NAME  TestARM64RuntimeCapabilityStatus/stdlib-http/cookiejar
    runtime_status_test.go:2690: PASS stdlib_http_cookiejar.go
=== NAME  TestARM64RuntimeCapabilityStatus/core-types/append-growth-pointer-elements
    runtime_status_test.go:2690: PASS runtime_append_growth_pointer_elements.go
=== NAME  TestARM64RuntimeCapabilityStatus/stack/recursive-struct-chain-gc
    runtime_status_test.go:2690: PASS runtime_recursive_struct_chain_gc.go
=== NAME  TestARM64RuntimeCapabilityStatus/stack/interface-method-gc
    runtime_status_test.go:2690: PASS runtime_interface_method_gc.go
=== NAME  TestARM64RuntimeCapabilityStatus/core-types/map-growth-gc
    runtime_status_test.go:2690: PASS runtime_map_growth_gc.go
=== NAME  TestARM64RuntimeCapabilityStatus/runtime-packages/callers-stack
    runtime_status_test.go:2690: PASS runtime_callers_stack.go
=== NAME  TestARM64RuntimeCapabilityStatus/gc/array-copy-pointer-gc
    runtime_status_test.go:2690: PASS runtime_array_copy_pointer_gc.go
=== NAME  TestARM64RuntimeCapabilityStatus/core-types/append-variadic-pointer-gc
    runtime_status_test.go:2690: PASS runtime_append_variadic_pointer_gc.go
=== NAME  TestARM64RuntimeCapabilityStatus/goroutine/channel-of-slices-gc
    runtime_status_test.go:2690: PASS runtime_channel_of_slices_gc.go
=== NAME  TestARM64RuntimeCapabilityStatus/stdlib-sync/atomic-typed
    runtime_status_test.go:2690: PASS stdlib_sync_atomic_typed.go
=== NAME  TestARM64RuntimeCapabilityStatus/core-types/slice-pointer-append-gc
    runtime_status_test.go:2690: PASS runtime_slice_pointer_append_gc.go
=== NAME  TestARM64RuntimeCapabilityStatus/goroutine/closure-survives-gc
    runtime_status_test.go:2690: PASS runtime_goroutine_closure_gc.go
=== NAME  TestARM64RuntimeCapabilityStatus/stack/method-value-gc
    runtime_status_test.go:2690: PASS runtime_method_value_gc.go
=== NAME  TestARM64RuntimeCapabilityStatus/core-types/map-interface-keys-gc
    runtime_status_test.go:2690: PASS runtime_map_interface_keys_gc.go
=== NAME  TestARM64RuntimeCapabilityStatus/core-types/method-expression
    runtime_status_test.go:2690: PASS runtime_method_expression.go
=== NAME  TestARM64RuntimeCapabilityStatus/runtime-packages/atomic-value
    runtime_status_test.go:2690: PASS runtime_atomic_value.go
=== NAME  TestARM64RuntimeCapabilityStatus/core-types/complex64-parts
    runtime_status_test.go:2690: PASS runtime_complex64_parts.go
=== NAME  TestARM64RuntimeCapabilityStatus/defer-panic/goexit-runs-defer
    runtime_status_test.go:2690: PASS runtime_goexit_defer.go
=== NAME  TestARM64RuntimeCapabilityStatus/goroutine/lock-osthread
    runtime_status_test.go:2690: PASS runtime_lock_osthread.go
=== NAME  TestARM64RuntimeCapabilityStatus/core-types/interface-to-interface
    runtime_status_test.go:2690: PASS runtime_interface_to_interface.go
=== NAME  TestARM64RuntimeCapabilityStatus/stdlib-unicode/utf8-decode
    runtime_status_test.go:2690: PASS stdlib_unicode_utf8_decode.go
=== NAME  TestARM64RuntimeCapabilityStatus/stdlib-containers/list-ring
    runtime_status_test.go:2690: PASS stdlib_container_list_ring.go
=== NAME  TestARM64RuntimeCapabilityStatus/core-types/type-assertions-switch
    runtime_status_test.go:2690: PASS runtime_type_assertions_switch.go
=== NAME  TestARM64RuntimeCapabilityStatus/stdlib-math/math-bits
    runtime_status_test.go:2690: PASS stdlib_math_bits.go
=== NAME  TestARM64RuntimeCapabilityStatus/core-types/type-param-method-dispatch
    runtime_status_test.go:2690: PASS runtime_type_param_method_dispatch.go
=== NAME  TestARM64RuntimeCapabilityStatus/core-types/maps-slices-interfaces
    runtime_status_test.go:2690: PASS runtime_core_types.go
=== NAME  TestARM64RuntimeCapabilityStatus/core-types/slice-copy-overlap
    runtime_status_test.go:2690: PASS runtime_slice_copy_overlap.go
=== NAME  TestARM64RuntimeCapabilityStatus/goroutine/select-buffered-send-receive
    runtime_status_test.go:2690: PASS runtime_select_buffered_send_receive.go
=== NAME  TestARM64RuntimeCapabilityStatus/core-types/map-struct-value-replace
    runtime_status_test.go:2690: PASS runtime_map_struct_value_replace.go
=== NAME  TestARM64RuntimeCapabilityStatus/defer-panic/defer-method-value-order
    runtime_status_test.go:2690: PASS runtime_defer_method_value_order.go
=== NAME  TestARM64RuntimeCapabilityStatus/core-types/interface-nil-assertions
    runtime_status_test.go:2690: PASS runtime_interface_nil_assertions.go
=== NAME  TestARM64RuntimeCapabilityStatus/stdlib-generics/cmp-order
    runtime_status_test.go:2690: PASS stdlib_cmp_order.go
=== NAME  TestARM64RuntimeCapabilityStatus/stdlib-math/math-cmplx
    runtime_status_test.go:2690: PASS stdlib_math_cmplx.go
=== NAME  TestARM64RuntimeCapabilityStatus/stdlib-math/bits-wide-arithmetic
    runtime_status_test.go:2690: PASS stdlib_math_bits_wide.go
=== NAME  TestARM64RuntimeCapabilityStatus/core-types/interface-comparable-map
    runtime_status_test.go:2690: PASS runtime_interface_comparable_map.go
=== NAME  TestARM64RuntimeCapabilityStatus/goroutine/select-receive-default
    runtime_status_test.go:2690: PASS runtime_select_receive_default.go
=== NAME  TestARM64RuntimeCapabilityStatus/defer-panic/defer-order-panic
    runtime_status_test.go:2690: PASS runtime_defer_order_panic.go
=== NAME  TestARM64RuntimeCapabilityStatus/core-types/append-self-overlap
    runtime_status_test.go:2690: PASS runtime_append_self_overlap.go
=== NAME  TestARM64RuntimeCapabilityStatus/core-types/interface-method-value
    runtime_status_test.go:2690: PASS runtime_interface_method_value.go
=== NAME  TestARM64RuntimeCapabilityStatus/goroutine/channel-struct-zero-close
    runtime_status_test.go:2690: PASS runtime_channel_struct_zero_close.go
=== NAME  TestARM64RuntimeCapabilityStatus/core-types/slice-three-index
    runtime_status_test.go:2690: PASS runtime_slice_three_index.go
=== NAME  TestARM64RuntimeCapabilityStatus/goroutine/channel-direction
    runtime_status_test.go:2690: PASS runtime_channel_direction.go
=== NAME  TestARM64RuntimeCapabilityStatus/core-types/map-iter-delete-insert
    runtime_status_test.go:2690: PASS runtime_map_iter_delete_insert.go
=== NAME  TestARM64RuntimeCapabilityStatus/core-types/unsafe-struct-field
    runtime_status_test.go:2690: PASS runtime_unsafe_struct_field.go
=== NAME  TestARM64RuntimeCapabilityStatus/goroutine/select-nil-disable
    runtime_status_test.go:2690: PASS runtime_select_nil_disable.go
=== NAME  TestARM64RuntimeCapabilityStatus/defer-panic/panic-recover-identity
    runtime_status_test.go:2690: PASS runtime_panic_recover_identity.go
=== NAME  TestARM64RuntimeCapabilityStatus/goroutine/channel-pointer-zero-close
    runtime_status_test.go:2690: PASS runtime_channel_pointer_zero_close.go
=== NAME  TestARM64RuntimeCapabilityStatus/goroutine/select-channels
    runtime_status_test.go:2690: PASS runtime_select_channels.go
=== NAME  TestARM64RuntimeCapabilityStatus/defer-panic/typed-recover
    runtime_status_test.go:2690: PASS runtime_panic_typed_recover.go
=== NAME  TestARM64RuntimeCapabilityStatus/goroutine/select-closed-channel
    runtime_status_test.go:2690: PASS runtime_select_closed_channel.go
=== NAME  TestARM64RuntimeCapabilityStatus/goroutine/select-two-ready
    runtime_status_test.go:2690: PASS runtime_select_two_ready.go
=== NAME  TestARM64RuntimeCapabilityStatus/goroutine/unbuffered-pingpong
    runtime_status_test.go:2690: PASS runtime_unbuffered_pingpong.go
=== NAME  TestARM64RuntimeCapabilityStatus/core-types/array-map-key
    runtime_status_test.go:2690: PASS runtime_array_map_key.go
=== NAME  TestARM64RuntimeCapabilityStatus/goroutine/select-send-default
    runtime_status_test.go:2690: PASS runtime_select_send_default.go
=== NAME  TestARM64RuntimeCapabilityStatus/core-types/nil-map-read-delete
    runtime_status_test.go:2690: PASS runtime_nil_map_read_delete.go
=== NAME  TestARM64RuntimeCapabilityStatus/stack/many-defers-stack
    runtime_status_test.go:2690: PASS runtime_many_defers_stack.go
=== NAME  TestARM64RuntimeCapabilityStatus/defer-panic/defer-replace-panic
    runtime_status_test.go:2690: PASS runtime_defer_replace_panic.go
=== NAME  TestARM64RuntimeCapabilityStatus/defer-panic/defer-argument-evaluation
    runtime_status_test.go:2690: PASS runtime_defer_argument_evaluation.go
=== NAME  TestARM64RuntimeCapabilityStatus/defer-panic/panic-struct-recover
    runtime_status_test.go:2690: PASS runtime_panic_struct_recover.go
=== NAME  TestARM64RuntimeCapabilityStatus/defer-panic/panic-deep-unwind
    runtime_status_test.go:2690: PASS runtime_panic_deep_unwind.go
=== NAME  TestARM64RuntimeCapabilityStatus/core-types/interface-method-expression
    runtime_status_test.go:2690: PASS runtime_interface_method_expression.go
=== NAME  TestARM64RuntimeCapabilityStatus/goroutine/channel-close-buffered-receive
    runtime_status_test.go:2690: PASS runtime_channel_close_buffered_receive.go
=== NAME  TestARM64RuntimeCapabilityStatus/stdlib-http/multipart-form
    runtime_status_test.go:2690: PASS stdlib_http_multipart_form.go
=== NAME  TestARM64RuntimeCapabilityStatus/core-types/slice-to-array-pointer
    runtime_status_test.go:2690: PASS runtime_slice_to_array_pointer.go
=== NAME  TestARM64RuntimeCapabilityStatus/core-types/nil-interface-typed-pointer
    runtime_status_test.go:2690: PASS runtime_nil_interface_typed_pointer.go
=== NAME  TestARM64RuntimeCapabilityStatus/core-types/map-range-insert-growth
    runtime_status_test.go:2690: PASS runtime_map_range_insert_growth.go
=== NAME  TestARM64RuntimeCapabilityStatus/core-types/string-byte-round-trip
    runtime_status_test.go:2690: PASS runtime_string_byte_round_trip.go
=== NAME  TestARM64RuntimeCapabilityStatus/goroutine/nil-channel-select
    runtime_status_test.go:2690: PASS runtime_nil_channel_select.go
=== NAME  TestARM64RuntimeCapabilityStatus/runtime-packages/timer-callback-shape
    runtime_status_test.go:2690: PASS runtime_timer_callback_shape.go
=== NAME  TestARM64RuntimeCapabilityStatus/stdlib-http/parse-roundtrip
    runtime_status_test.go:2690: PASS stdlib_http_parse_roundtrip.go
=== NAME  TestARM64RuntimeCapabilityStatus/goroutine/channel-nonblocking-receive
    runtime_status_test.go:2690: PASS runtime_channel_nonblocking_receive.go
=== NAME  TestARM64RuntimeCapabilityStatus/goroutine/closed-channel-receive
    runtime_status_test.go:2690: PASS runtime_closed_channel_receive.go
=== NAME  TestARM64RuntimeCapabilityStatus/goroutine/channel-close-range
    runtime_status_test.go:2690: PASS runtime_channel_close_range.go
=== NAME  TestARM64RuntimeCapabilityStatus/core-types/string-slice-compare-swap
    runtime_status_test.go:2690: PASS runtime_string_slice_compare_swap.go
=== NAME  TestARM64RuntimeCapabilityStatus/defer-panic/defer-named-result-panic
    runtime_status_test.go:2690: PASS runtime_defer_named_result_panic.go
=== NAME  TestARM64RuntimeCapabilityStatus/defer-panic/panic-nil-recover
    runtime_status_test.go:2690: PASS runtime_panic_nil_recover.go
=== NAME  TestARM64RuntimeCapabilityStatus/goroutine/channel-handoff
    runtime_status_test.go:2690: PASS runtime_goroutine_channel.go
=== NAME  TestARM64RuntimeCapabilityStatus/defer-panic/basic-recover
    runtime_status_test.go:2690: PASS panic_recover.go
=== NAME  TestARM64RuntimeCapabilityStatus/core-types/map-clear
    runtime_status_test.go:2690: PASS runtime_map_clear.go
=== NAME  TestARM64RuntimeCapabilityStatus/goroutine/double-close-panic
    runtime_status_test.go:2690: PASS runtime_double_close_panic.go
=== NAME  TestARM64RuntimeCapabilityStatus/defer-panic/panic-repanic
    runtime_status_test.go:2690: PASS runtime_panic_repanic.go
=== NAME  TestARM64RuntimeCapabilityStatus/core-types/complex-arithmetic
    runtime_status_test.go:2690: PASS runtime_complex_arithmetic.go
=== NAME  TestARM64RuntimeCapabilityStatus/core-types/string-rune-map
    runtime_status_test.go:2690: PASS runtime_string_rune_map.go
=== NAME  TestARM64RuntimeCapabilityStatus/core-types/map-range-delete-all
    runtime_status_test.go:2690: PASS runtime_map_range_delete_all.go
=== NAME  TestARM64RuntimeCapabilityStatus/core-types/copy-string-to-bytes
    runtime_status_test.go:2690: PASS runtime_copy_string_to_bytes.go
=== NAME  TestARM64RuntimeCapabilityStatus/defer-panic/panic-string-output
    runtime_status_test.go:2687: EXPECTED FAILURE runtime_panic_print_string.go
=== NAME  TestARM64RuntimeCapabilityStatus/defer-panic/goroutine-panic-recover
    runtime_status_test.go:2690: PASS runtime_goroutine_panic_recover.go
=== NAME  TestARM64RuntimeCapabilityStatus/goroutine/closed-channel-send-panic
    runtime_status_test.go:2690: PASS runtime_closed_channel_send_panic.go
=== NAME  TestARM64RuntimeCapabilityStatus/goroutine/buffered-channel-fifo
    runtime_status_test.go:2690: PASS runtime_buffered_channel_fifo.go
=== NAME  TestARM64RuntimeCapabilityStatus/defer-panic/nested-defer
    runtime_status_test.go:2690: PASS nested_defer.go
=== NAME  TestARM64RuntimeCapabilityStatus/defer-panic/recover-outside-panic
    runtime_status_test.go:2690: PASS runtime_recover_outside_panic.go
=== NAME  TestARM64RuntimeCapabilityStatus/defer-panic/defer-named-return
    runtime_status_test.go:2690: PASS runtime_defer_named_return.go
=== NAME  TestARM64RuntimeCapabilityStatus/stdlib-http/redirect-keepalive
    runtime_status_test.go:2690: PASS stdlib_http_redirect_keepalive.go
=== NAME  TestARM64RuntimeCapabilityStatus/stdlib-http/client-server
    runtime_status_test.go:2690: PASS stdlib_http_client_server.go
=== NAME  TestARM64RuntimeCapabilityStatus/stdlib-http/tls-client-server
    runtime_status_test.go:2690: PASS stdlib_http_tls_client_server.go
=== RUN   TestARM64RuntimeCapabilityStatus/gc/keepalive-finalizer
    runtime_status_test.go:2690: PASS runtime_keepalive_finalizer.go
=== RUN   TestARM64RuntimeCapabilityStatus/gc/finalizer-stack-growth
    runtime_status_test.go:2690: PASS runtime_finalizer_stack_growth.go
=== RUN   TestARM64RuntimeCapabilityStatus/gc/setfinalizer-clear
    runtime_status_test.go:2690: PASS runtime_setfinalizer_nil.go
=== RUN   TestARM64RuntimeCapabilityStatus/gc/cleanup-basic
    runtime_status_test.go:2690: PASS runtime_cleanup_basic.go
=== RUN   TestARM64RuntimeCapabilityStatus/gc/cleanup-stop
    runtime_status_test.go:2690: PASS runtime_cleanup_stop.go
=== RUN   TestARM64RuntimeCapabilityStatus/gc/cleanup-multiple
    runtime_status_test.go:2690: PASS runtime_cleanup_multiple.go
=== RUN   TestARM64RuntimeCapabilityStatus/gc/cleanup-frame-retention
    runtime_status_test.go:2690: PASS runtime_cleanup_frame_retention.go
=== RUN   TestARM64RuntimeCapabilityStatus/gc/assist-alloc-recursion
    runtime_status_test.go:2690: PASS runtime_gc_assist_stack_growth.go
=== RUN   TestARM64RuntimeCapabilityStatus/gc/defer-capture-allocs
    runtime_status_test.go:2690: PASS runtime_defer_capture_allocs.go
=== RUN   TestARM64RuntimeCapabilityStatus/gc/cleanup-frame-retention-masked
    runtime_status_test.go:2690: PASS runtime_cleanup_frame_retention_masked.go
=== RUN   TestARM64RuntimeCapabilityStatus/gc/cleanup-frame-retention-scribble
    runtime_status_test.go:2690: PASS runtime_cleanup_frame_retention_scribble.go
=== RUN   TestARM64RuntimeCapabilityStatus/gc/span-metadata-barrier
    runtime_status_test.go:2690: PASS runtime_span_metadata_barrier.go
=== RUN   TestARM64RuntimeCapabilityStatus/gc/stack-argument-roots
    runtime_status_test.go:2690: PASS runtime_stack_argument_roots.go
=== RUN   TestARM64RuntimeCapabilityStatus/gc/keepalive-stack-root
    runtime_status_test.go:2690: PASS runtime_keepalive_stack_root.go
=== RUN   TestARM64RuntimeCapabilityStatus/gc/goroutine-entry-stack-map
    runtime_status_test.go:2690: PASS runtime_goroutine_entry_stack_map.go
=== RUN   TestARM64RuntimeCapabilityStatus/gc/finalizer-cleanup-order
    runtime_status_test.go:2690: PASS runtime_finalizer_cleanup_order.go
=== RUN   TestARM64RuntimeCapabilityStatus/gc/finalizer-dependency-order
    runtime_status_test.go:2690: PASS runtime_finalizer_dependency_order.go
=== RUN   TestARM64RuntimeCapabilityStatus/gc/finalizer-tiny
    runtime_status_test.go:2690: PASS runtime_finalizer_tiny.go
=== RUN   TestARM64RuntimeCapabilityStatus/gc/pinner-lifecycle
    runtime_status_test.go:2690: PASS runtime_pinner_lifecycle.go
=== RUN   TestARM64RuntimeCapabilityStatus/goroutine/gosched-progress
    runtime_status_test.go:2690: PASS runtime_gosched_progress.go
=== RUN   TestARM64RuntimeCapabilityStatus/scheduler-stress/ring-handoff
    runtime_status_test.go:2690: PASS runtime_scheduler_ring_handoff.go
=== RUN   TestARM64RuntimeCapabilityStatus/scheduler-stress/timer-select-churn
    runtime_status_test.go:2690: PASS runtime_timer_select_churn.go
=== RUN   TestARM64RuntimeCapabilityStatus/scheduler-stress/gc-churn
    runtime_status_test.go:2690: PASS runtime_scheduler_gc_churn.go
=== RUN   TestARM64RuntimeCapabilityStatus/stdlib-bytes/grow-compare
    runtime_status_test.go:2690: PASS bytes_grow_compare.go
=== RUN   TestARM64RuntimeCapabilityStatus/stdlib-bytes/grow-stats
    runtime_status_test.go:2690: PASS bytes_grow_stats.go
=== RUN   TestARM64RuntimeCapabilityStatus/stdlib-bytes/grow-allocs
    runtime_status_test.go:2690: PASS bytes_grow_allocs.go
=== RUN   TestARM64RuntimeCapabilityStatus/stdlib-bytes/replace-allocs
    runtime_status_test.go:2690: PASS bytes_replace_allocs.go
=== RUN   TestARM64RuntimeCapabilityStatus/stdlib-signals/notify-context
    runtime_status_test.go:2690: PASS stdlib_signal_notify_context.go
=== RUN   TestARM64RuntimeCapabilityStatus/stdlib-signals/repeated-stop-reset
    runtime_status_test.go:2690: PASS stdlib_signal_repeated_stop_reset.go
=== RUN   TestARM64RuntimeCapabilityStatus/stdlib-signals/during-gc
    runtime_status_test.go:2690: PASS stdlib_signal_during_gc.go
=== RUN   TestARM64RuntimeCapabilityStatus/stdlib-signals/during-netpoll
    runtime_status_test.go:2690: PASS stdlib_signal_during_netpoll.go
=== RUN   TestARM64RuntimeCapabilityStatus/stdlib-signals/atomic-contention
    runtime_status_test.go:2690: PASS stdlib_signal_atomic_contention.go
=== RUN   TestARM64RuntimeCapabilityStatus/stdlib-runtime-diagnostics/debug-stack-gc
    runtime_status_test.go:2690: PASS stdlib_runtime_debug_stack_gc.go
=== RUN   TestARM64RuntimeCapabilityStatus/stdlib-runtime-diagnostics/allocs-per-run
    runtime_status_test.go:2690: PASS allocs_per_run.go
=== RUN   TestARM64RuntimeCapabilityStatus/stdlib-netpoll/pipe-past-deadline
    runtime_status_test.go:2690: PASS stdlib_netpoll_pipe_past_deadline.go
=== RUN   TestARM64RuntimeCapabilityStatus/stdlib-netpoll/pipe-deadline
    runtime_status_test.go:2690: PASS stdlib_netpoll_pipe_deadline.go
=== RUN   TestARM64RuntimeCapabilityStatus/stdlib-netpoll/pipe-close-unblocks-read
    runtime_status_test.go:2690: PASS stdlib_netpoll_pipe_close_unblocks_read.go
=== RUN   TestARM64RuntimeCapabilityStatus/stdlib-netpoll/pipe-afterfunc-close
    runtime_status_test.go:2690: PASS stdlib_netpoll_pipe_afterfunc_close.go
=== RUN   TestARM64RuntimeCapabilityStatus/stdlib-netpoll-stress/pipe-deadline-reset
    runtime_status_test.go:2690: PASS stdlib_netpoll_stress_pipe_deadline_reset.go
=== RUN   TestARM64RuntimeCapabilityStatus/stdlib-netpoll-stress/pipe-close-churn
    runtime_status_test.go:2690: PASS stdlib_netpoll_stress_pipe_close_churn.go
=== RUN   TestARM64RuntimeCapabilityStatus/stdlib-netpoll-stress/tcp-churn
    runtime_status_test.go:2690: PASS stdlib_netpoll_stress_tcp_churn.go
=== RUN   TestARM64RuntimeCapabilityStatus/stdlib-netpoll-stress/udp-burst
    runtime_status_test.go:2690: PASS stdlib_netpoll_stress_udp_burst.go
=== RUN   TestARM64RuntimeCapabilityStatus/stdlib-netpoll/tcp-echo
    runtime_status_test.go:2690: PASS stdlib_netpoll_tcp_echo.go
=== RUN   TestARM64RuntimeCapabilityStatus/stdlib-netpoll/tcp-read-deadline
    runtime_status_test.go:2690: PASS stdlib_netpoll_tcp_read_deadline.go
=== RUN   TestARM64RuntimeCapabilityStatus/stdlib-netpoll/tcp-accept-deadline
    runtime_status_test.go:2690: PASS stdlib_netpoll_tcp_accept_deadline.go
=== RUN   TestARM64RuntimeCapabilityStatus/stdlib-netpoll/tcp-concurrent-clients
    runtime_status_test.go:2690: PASS stdlib_netpoll_tcp_concurrent_clients.go
=== RUN   TestARM64RuntimeCapabilityStatus/stdlib-netpoll/udp-deadline
    runtime_status_test.go:2690: PASS stdlib_netpoll_udp_deadline.go
=== RUN   TestARM64RuntimeCapabilityStatus/stdlib-netpoll/close-unblocks-read
    runtime_status_test.go:2690: PASS stdlib_netpoll_close_unblocks_read.go
=== RUN   TestARM64RuntimeCapabilityStatus/print-builtin/statement-atomicity
    runtime_status_test.go:2690: PASS runtime_println_statement_atomicity.go
=== RUN   TestARM64RuntimeCapabilityStatus/runtime-packages/time-timers
    runtime_status_test.go:2690: PASS runtime_timer_sleep.go
=== RUN   TestARM64RuntimeCapabilityStatus/runtime-packages/gomaxprocs-memstats
    runtime_status_test.go:2690: PASS gomaxprocs_memstats.go
=== RUN   TestARM64RuntimeCapabilityStatus/runtime-packages/time-reset-stop
    runtime_status_test.go:2690: PASS runtime_timer_reset_stop.go
=== RUN   TestARM64RuntimeCapabilityStatus/runtime-packages/ticker-stop
    runtime_status_test.go:2690: PASS runtime_ticker_stop.go
=== RUN   TestARM64RuntimeCapabilityStatus/runtime-packages/select-timeout
    runtime_status_test.go:2690: PASS runtime_select_timeout.go
=== RUN   TestARM64RuntimeCapabilityStatus/runtime-packages/debug-gc-controls
    runtime_status_test.go:2690: PASS runtime_debug_gc_controls.go
=== RUN   TestARM64RuntimeCapabilityStatus/runtime-packages/finalizer-basic
    runtime_status_test.go:2690: PASS runtime_finalizer_basic.go
=== RUN   TestARM64RuntimeCapabilityStatus/runtime-packages/time-afterfunc
    runtime_status_test.go:2690: PASS runtime_time_afterfunc.go
=== RUN   TestARM64RuntimeCapabilityStatus/runtime-packages/time-after
    runtime_status_test.go:2690: PASS runtime_time_after.go
=== RUN   TestARM64RuntimeCapabilityStatus/runtime-packages/finalizer-resurrect
    runtime_status_test.go:2690: PASS runtime_finalizer_resurrect.go
=== RUN   TestARM64RuntimeCapabilityStatus/runtime-packages/timer-gc-channel
    runtime_status_test.go:2690: PASS runtime_timer_gc_channel.go
=== RUN   TestARM64RuntimeCapabilityStatus/runtime-packages/ticker-multi-tick
    runtime_status_test.go:2690: PASS runtime_ticker_multi_tick.go
=== RUN   TestARM64RuntimeCapabilityStatus/runtime-packages/timer-reset-after-drain
    runtime_status_test.go:2690: PASS runtime_timer_reset_after_drain.go
=== RUN   TestARM64RuntimeCapabilityStatus/stack-scan/loop-safepoints
    runtime_status_test.go:2664: runtime_stack_scan_loop_safepoints.go should pass: exit status 2
        cg12scanroots: runtime_gcBgMarkWorker local slot 19 at 0x3345163b5ee8 retains 0x3345163352c0 size 480 head 0x3345163b4000
        cg12scanroots: runtime_gcBgMarkWorker local slot 22 at 0x3345163b5f00 retains 0x3345163c2000 size 512 head 0x0
        cg12scanroots: runtime_gcBgMarkWorker local slot 26 at 0x3345163b5f20 retains 0x334516378000 size 14336 head 0x5ffdf8
        cg12scanroots: main_carried local slot 27 at 0x3345163b7a58 retains 0x3345163680c0 size 16 head 0x7272616300000062
        cg12scanroots: main_carried local slot 41 at 0x3345163b7ac8 retains 0x3345163680c0 size 16 head 0x7272616300000062
        cg12scanroots: runtime_runCleanups local slot 13 at 0x33451639af68 retains 0x3345163420d0 size 16 head 0x92b636
        cg12scanroots: runtime_runCleanups local slot 16 at 0x33451639af80 retains 0x3345163420d0 size 16 head 0x92b636
        cg12scanroots: runtime_gcBgMarkWorker local slot 19 at 0x3345163b5ee8 retains 0x3345163352c0 size 480 head 0x3345163b4000
        cg12scanroots: runtime_gcBgMarkWorker local slot 22 at 0x3345163b5f00 retains 0x3345163c2000 size 512 head 0x0
        cg12scanroots: runtime_gcBgMarkWorker local slot 26 at 0x3345163b5f20 retains 0x334516378000 size 14336 head 0x5ffdf8
        collected while live: carried-0 at carried before rewrite
        panic: a stack slot live across a loop back edge was not a GC root
        
        goroutine 1 []:
        runtime_gopanic()
        	?:0 +0xb00
        main_drain()
        	?:0 +0x340
        main_carried()
        	?:0 +0x278
        main_main()
        	?:0 +0x1c8
        main_main_gointernal_funcvalue_main_main_func___func_83860b9e97d614a8()
        	?:0 +0x30
        runtime_main()
        	?:0 +0x740
        runtime_goexit()
        	?:0 +0x4
=== RUN   TestARM64RuntimeCapabilityStatus/stack-scan/blocked-goroutines
    runtime_status_test.go:2690: PASS runtime_stack_scan_blocked_goroutines.go
=== RUN   TestARM64RuntimeCapabilityStatus/stack-scan/syscall-transitions
    runtime_status_test.go:2690: PASS runtime_stack_scan_syscall.go
=== RUN   TestARM64RuntimeCapabilityStatus/stack-scan/panic-unwind
    runtime_status_test.go:2690: PASS runtime_stack_scan_panic_unwind.go
=== RUN   TestARM64RuntimeCapabilityStatus/stack-scan/stack-copy-roots
    runtime_status_test.go:2690: PASS runtime_stack_copy_roots.go
=== RUN   TestARM64RuntimeCapabilityStatus/stack-scan/callfree-loop-roots
    runtime_status_test.go:2690: PASS runtime_stack_scan_callfree_loop.go
=== RUN   TestARM64RuntimeCapabilityStatus/gc/channel-buffer-roots
    runtime_status_test.go:2690: PASS runtime_channel_buffer_roots.go
=== RUN   TestARM64RuntimeCapabilityStatus/gc-stress/concurrent-mark
    runtime_status_test.go:2690: PASS runtime_gc_concurrent_mark.go
=== RUN   TestARM64RuntimeCapabilityStatus/gc-stress/assist-credit
    runtime_status_test.go:2690: PASS runtime_gc_assist_credit.go
=== RUN   TestARM64RuntimeCapabilityStatus/gc-stress/sweep-pacing
    runtime_status_test.go:2690: PASS runtime_gc_sweep_pacing.go
=== RUN   TestARM64RuntimeCapabilityStatus/gc-stress/scavenge-release
    runtime_status_test.go:2690: PASS runtime_gc_scavenge_release.go
=== RUN   TestARM64RuntimeCapabilityStatus/gc-stress/heap-growth-shrink
    runtime_status_test.go:2690: PASS runtime_gc_heap_growth_shrink.go
=== RUN   TestARM64RuntimeCapabilityStatus/gc-stress/memory-limit
    runtime_status_test.go:2690: PASS runtime_gc_memory_limit.go
=== RUN   TestARM64RuntimeCapabilityStatus/gc-invariants/checkmark
    runtime_status_test.go:2690: PASS runtime_gc_checkmark.go
=== RUN   TestARM64RuntimeCapabilityStatus/gc-invariants/mark-workers
    runtime_status_test.go:2690: PASS runtime_gc_mark_workers.go
=== RUN   TestARM64RuntimeCapabilityStatus/gc-invariants/metadata-hugepages
    runtime_status_test.go:2690: PASS runtime_gc_metadata_hugepages.go
=== RUN   TestARM64RuntimeCapabilityStatus/gc-invariants/type-mask-padding
    runtime_status_test.go:2690: PASS runtime_gc_type_mask_padding.go
--- FAIL: TestARM64RuntimeCapabilityStatus (220.71s)
    --- PASS: TestARM64RuntimeCapabilityStatus/stdlib-mime/quotedprintable (36.52s)
    --- PASS: TestARM64RuntimeCapabilityStatus/stdlib-url/resolve-query (37.08s)
    --- PASS: TestARM64RuntimeCapabilityStatus/stdlib-log/buffer (39.13s)
    --- PASS: TestARM64RuntimeCapabilityStatus/stdlib-runtime-diagnostics/trace-start-stop (42.19s)
    --- PASS: TestARM64RuntimeCapabilityStatus/stdlib-crypto/hash-hmac (42.47s)
    --- PASS: TestARM64RuntimeCapabilityStatus/stdlib-runtime-diagnostics/trace-start-probe (43.07s)
    --- PASS: TestARM64RuntimeCapabilityStatus/stdlib-encoding/csv (43.13s)
    --- PASS: TestARM64RuntimeCapabilityStatus/stdlib-runtime-diagnostics/trace-buffer (45.49s)
    --- PASS: TestARM64RuntimeCapabilityStatus/stdlib-runtime-diagnostics/trace-start-only (46.10s)
    --- PASS: TestARM64RuntimeCapabilityStatus/stdlib-image/gif-animation (46.84s)
    --- PASS: TestARM64RuntimeCapabilityStatus/stdlib-runtime-diagnostics/trace-log (47.03s)
    --- PASS: TestARM64RuntimeCapabilityStatus/stdlib-url/values-encode (47.15s)
    --- PASS: TestARM64RuntimeCapabilityStatus/stdlib-os/user-lookup (47.27s)
    --- PASS: TestARM64RuntimeCapabilityStatus/stdlib-crypto/hpke (48.02s)
    --- PASS: TestARM64RuntimeCapabilityStatus/stdlib-compress/gzip-roundtrip (48.42s)
    --- PASS: TestARM64RuntimeCapabilityStatus/stdlib-archive/tar-roundtrip (48.52s)
    --- PASS: TestARM64RuntimeCapabilityStatus/stdlib-compress/zlib-lzw (48.75s)
    --- PASS: TestARM64RuntimeCapabilityStatus/stdlib-flag/parse (48.79s)
    --- PASS: TestARM64RuntimeCapabilityStatus/stdlib-fs/mapfs-walk (48.98s)
    --- PASS: TestARM64RuntimeCapabilityStatus/stdlib-crypto/aes-modes (49.10s)
    --- PASS: TestARM64RuntimeCapabilityStatus/stdlib-math/big-rat-int (49.43s)
    --- PASS: TestARM64RuntimeCapabilityStatus/stdlib-crypto/des-rc4 (49.56s)
    --- PASS: TestARM64RuntimeCapabilityStatus/stdlib-testing/quick-check (50.13s)
    --- PASS: TestARM64RuntimeCapabilityStatus/stdlib-encoding/gob-roundtrip (50.81s)
    --- PASS: TestARM64RuntimeCapabilityStatus/stdlib-text/text-template-execute-parse-only (51.69s)
    --- PASS: TestARM64RuntimeCapabilityStatus/stdlib-archive/zip-roundtrip (51.81s)
    --- PASS: TestARM64RuntimeCapabilityStatus/stdlib-text/text-template-parse (52.95s)
    --- PASS: TestARM64RuntimeCapabilityStatus/stdlib-crypto/hkdf (53.47s)
    --- PASS: TestARM64RuntimeCapabilityStatus/stdlib-text/text-template-execute (54.36s)
    --- PASS: TestARM64RuntimeCapabilityStatus/stdlib-encoding/gob-int (54.78s)
    --- PASS: TestARM64RuntimeCapabilityStatus/stdlib-crypto/sha3-pbkdf2 (55.28s)
    --- PASS: TestARM64RuntimeCapabilityStatus/stdlib-crypto/ed25519 (55.73s)
    --- PASS: TestARM64RuntimeCapabilityStatus/stdlib-encoding/json-roundtrip (55.90s)
    --- PASS: TestARM64RuntimeCapabilityStatus/stdlib-encoding/asn1-roundtrip (55.96s)
    --- PASS: TestARM64RuntimeCapabilityStatus/stdlib-encoding/xml (56.00s)
    --- PASS: TestARM64RuntimeCapabilityStatus/stdlib-image/png-roundtrip (56.82s)
    --- PASS: TestARM64RuntimeCapabilityStatus/stdlib-encoding/gob-struct-int (57.32s)
    --- PASS: TestARM64RuntimeCapabilityStatus/stdlib-net-values/mail-textproto (59.60s)
    --- PASS: TestARM64RuntimeCapabilityStatus/stdlib-crypto/rsa (59.81s)
    --- PASS: TestARM64RuntimeCapabilityStatus/stdlib-log/slog-structured (60.84s)
    --- PASS: TestARM64RuntimeCapabilityStatus/stdlib-encoding/gob-struct-mixed (62.00s)
    --- PASS: TestARM64RuntimeCapabilityStatus/stdlib-crypto/ecdsa (63.81s)
    --- PASS: TestARM64RuntimeCapabilityStatus/stdlib-crypto/ecdh-x25519 (64.39s)
    --- PASS: TestARM64RuntimeCapabilityStatus/assignment-targets/multi-assignment-forms (76.69s)
    --- PASS: TestARM64RuntimeCapabilityStatus/loop-variables/value-shapes (80.15s)
    --- PASS: TestARM64RuntimeCapabilityStatus/stdlib-encoding/hex (81.18s)
    --- PASS: TestARM64RuntimeCapabilityStatus/loop-variables/three-clause (81.41s)
    --- PASS: TestARM64RuntimeCapabilityStatus/stdlib-os-process/exec-echo (81.60s)
    --- PASS: TestARM64RuntimeCapabilityStatus/loop-variables/range-forms (82.14s)
    --- PASS: TestARM64RuntimeCapabilityStatus/closure-capture/assigned-string (82.92s)
    --- PASS: TestARM64RuntimeCapabilityStatus/runtime-packages/reflect-value-indirect-call (86.30s)
    --- PASS: TestARM64RuntimeCapabilityStatus/stdlib-fmt/sprintf (86.67s)
    --- PASS: TestARM64RuntimeCapabilityStatus/loop-variables/address-gc (86.99s)
    --- PASS: TestARM64RuntimeCapabilityStatus/defer-panic/error-recover (86.99s)
    --- PASS: TestARM64RuntimeCapabilityStatus/assignment-targets/range-target-forms (87.15s)
    --- PASS: TestARM64RuntimeCapabilityStatus/runtime-packages/reflect-value-instruction-op (88.08s)
    --- PASS: TestARM64RuntimeCapabilityStatus/assignment-targets/range-target-order (88.42s)
    --- PASS: TestARM64RuntimeCapabilityStatus/stdlib-encoding/binary-varint (88.65s)
    --- PASS: TestARM64RuntimeCapabilityStatus/loop-variables/goroutine-and-defer (88.65s)
    --- PASS: TestARM64RuntimeCapabilityStatus/stdlib-fmt/println (89.19s)
    --- PASS: TestARM64RuntimeCapabilityStatus/closure-capture/assigned-header-values (89.64s)
    --- PASS: TestARM64RuntimeCapabilityStatus/runtime-packages/reflect-call-aggregate-matrix (89.69s)
    --- PASS: TestARM64RuntimeCapabilityStatus/runtime-packages/reflect-value-int (89.79s)
    --- PASS: TestARM64RuntimeCapabilityStatus/loop-variables/shared-scope (90.68s)
    --- PASS: TestARM64RuntimeCapabilityStatus/runtime-packages/reflect-call-aggregate-probe (91.02s)
    --- PASS: TestARM64RuntimeCapabilityStatus/stdlib-net-values/smtp-session (91.29s)
    --- PASS: TestARM64RuntimeCapabilityStatus/stdlib-encoding/binary (91.58s)
    --- PASS: TestARM64RuntimeCapabilityStatus/runtime-packages/reflect-interface-extract-probe (92.36s)
    --- PASS: TestARM64RuntimeCapabilityStatus/stdlib-netpoll/udp-loopback (93.31s)
    --- PASS: TestARM64RuntimeCapabilityStatus/stdlib-crypto/mlkem (93.55s)
    --- PASS: TestARM64RuntimeCapabilityStatus/stdlib-crypto/x509-ed25519 (97.46s)
    --- PASS: TestARM64RuntimeCapabilityStatus/stdlib-os/pipe-interface-capture-close (98.68s)
    --- PASS: TestARM64RuntimeCapabilityStatus/stdlib-os/readdir-walkdir (99.07s)
    --- PASS: TestARM64RuntimeCapabilityStatus/stdlib-os/file-roundtrip (99.13s)
    --- PASS: TestARM64RuntimeCapabilityStatus/stdlib-os/pipe-manual-copy-shape (99.90s)
    --- PASS: TestARM64RuntimeCapabilityStatus/stdlib-os/exec-goroutine-shape (100.94s)
    --- PASS: TestARM64RuntimeCapabilityStatus/stdlib-os/filepath-glob-clean (101.43s)
    --- PASS: TestARM64RuntimeCapabilityStatus/stdlib-os/pipe-embedded-file-copy (102.81s)
    --- PASS: TestARM64RuntimeCapabilityStatus/stdlib-io/ioutil-tempfile (103.10s)
    --- PASS: TestARM64RuntimeCapabilityStatus/print-builtin/operand-separation (103.43s)
    --- PASS: TestARM64RuntimeCapabilityStatus/stdlib-os/rename-stat (105.28s)
    --- PASS: TestARM64RuntimeCapabilityStatus/stdlib-netpoll/pipe-roundtrip (106.02s)
    --- PASS: TestARM64RuntimeCapabilityStatus/stdlib-context/cancel-value (107.31s)
    --- PASS: TestARM64RuntimeCapabilityStatus/stdlib-compress/bzip2 (108.77s)
    --- PASS: TestARM64RuntimeCapabilityStatus/stdlib-runtime/context-cancel-channel (109.82s)
    --- PASS: TestARM64RuntimeCapabilityStatus/runtime-packages/reflect-call-aggregate-function (110.44s)
    --- PASS: TestARM64RuntimeCapabilityStatus/runtime-packages/reflect-map-slice (110.61s)
    --- PASS: TestARM64RuntimeCapabilityStatus/stdlib-encoding/pem (110.69s)
    --- PASS: TestARM64RuntimeCapabilityStatus/runtime-packages/reflect-type-metadata (111.52s)
    --- PASS: TestARM64RuntimeCapabilityStatus/runtime-packages/reflect-set-fields (111.73s)
    --- PASS: TestARM64RuntimeCapabilityStatus/runtime-packages/reflect-type-assert (112.64s)
    --- PASS: TestARM64RuntimeCapabilityStatus/stdlib-os/filemode-string (112.70s)
    --- PASS: TestARM64RuntimeCapabilityStatus/runtime-packages/reflect-method-metadata (112.73s)
    --- PASS: TestARM64RuntimeCapabilityStatus/runtime-packages/reflect-interface-method (113.25s)
    --- PASS: TestARM64RuntimeCapabilityStatus/runtime-packages/reflect-select (113.29s)
    --- PASS: TestARM64RuntimeCapabilityStatus/runtime-packages/reflect-make-values (113.76s)
    --- PASS: TestARM64RuntimeCapabilityStatus/runtime-packages/reflect-value-call (115.85s)
    --- PASS: TestARM64RuntimeCapabilityStatus/runtime-packages/reflect-deep-equal (116.04s)
    --- PASS: TestARM64RuntimeCapabilityStatus/runtime-packages/reflect-interface-extract (116.34s)
    --- PASS: TestARM64RuntimeCapabilityStatus/stdlib-io/tee-reader (118.38s)
    --- PASS: TestARM64RuntimeCapabilityStatus/stdlib-text/regexp-find-replace (119.01s)
    --- PASS: TestARM64RuntimeCapabilityStatus/stdlib-io/bufio-lines-after-read (119.27s)
    --- PASS: TestARM64RuntimeCapabilityStatus/stdlib-io/bufio-reader-writer (119.67s)
    --- PASS: TestARM64RuntimeCapabilityStatus/runtime-packages/reflect-call-aggregate (120.02s)
    --- PASS: TestARM64RuntimeCapabilityStatus/stdlib-io/multi-reader-writer (120.45s)
    --- PASS: TestARM64RuntimeCapabilityStatus/stdlib-math/rand-v2 (120.61s)
    --- PASS: TestARM64RuntimeCapabilityStatus/stdlib-os/pipe-returned-closure-close (121.58s)
    --- PASS: TestARM64RuntimeCapabilityStatus/stdlib-io/bufio-scanner-words (121.83s)
    --- PASS: TestARM64RuntimeCapabilityStatus/stdlib-os/pipe-goroutine-close (122.13s)
    --- PASS: TestARM64RuntimeCapabilityStatus/stdlib-image/jpeg-roundtrip (122.56s)
    --- PASS: TestARM64RuntimeCapabilityStatus/stdlib-time/format-parse (124.04s)
    --- PASS: TestARM64RuntimeCapabilityStatus/stdlib-io/limited-reader (125.05s)
    --- PASS: TestARM64RuntimeCapabilityStatus/stdlib-bytes/reader-unread (125.06s)
    --- PASS: TestARM64RuntimeCapabilityStatus/stdlib-io/pipe-roundtrip (125.48s)
    --- PASS: TestARM64RuntimeCapabilityStatus/stdlib-text/strings-builder-cut (125.71s)
    --- PASS: TestARM64RuntimeCapabilityStatus/stdlib-io/section-reader (125.96s)
    --- PASS: TestARM64RuntimeCapabilityStatus/stdlib-io/strings-reader-seek (125.98s)
    --- PASS: TestARM64RuntimeCapabilityStatus/stdlib-runtime-diagnostics/metrics-read (126.05s)
    --- PASS: TestARM64RuntimeCapabilityStatus/stdlib-text/strings-transform (126.09s)
    --- PASS: TestARM64RuntimeCapabilityStatus/stdlib-containers/heap (126.26s)
    --- PASS: TestARM64RuntimeCapabilityStatus/stdlib-hash/crc32-fnv (126.50s)
    --- PASS: TestARM64RuntimeCapabilityStatus/stdlib-netpoll/syscall-socket-listen (126.77s)
    --- PASS: TestARM64RuntimeCapabilityStatus/stdlib-encoding/base64 (126.99s)
    --- PASS: TestARM64RuntimeCapabilityStatus/stdlib-io/copy-buffer (127.03s)
    --- PASS: TestARM64RuntimeCapabilityStatus/stdlib-encoding/ascii85 (127.05s)
    --- PASS: TestARM64RuntimeCapabilityStatus/stdlib-text/sort-search-slice (127.12s)
    --- PASS: TestARM64RuntimeCapabilityStatus/stdlib-runtime-values/unique-handle (127.13s)
    --- PASS: TestARM64RuntimeCapabilityStatus/stdlib-text/sort-find-edges (127.20s)
    --- PASS: TestARM64RuntimeCapabilityStatus/stdlib-encoding/base32 (127.24s)
    --- PASS: TestARM64RuntimeCapabilityStatus/runtime-packages/sync-pool-interface-gc (127.33s)
    --- PASS: TestARM64RuntimeCapabilityStatus/stdlib-hash/adler32-state (127.56s)
    --- PASS: TestARM64RuntimeCapabilityStatus/stdlib-io/copy-n (127.62s)
    --- PASS: TestARM64RuntimeCapabilityStatus/stdlib-io/bytes-buffer (127.81s)
    --- PASS: TestARM64RuntimeCapabilityStatus/stdlib-io/readall-limited-reader (128.25s)
    --- PASS: TestARM64RuntimeCapabilityStatus/stdlib-generics/slices-string-sort (128.42s)
    --- PASS: TestARM64RuntimeCapabilityStatus/stdlib-io/write-string (128.75s)
    --- PASS: TestARM64RuntimeCapabilityStatus/stdlib-net-values/netip (129.01s)
    --- PASS: TestARM64RuntimeCapabilityStatus/runtime-packages/waitgroup-reuse (129.14s)
    --- PASS: TestARM64RuntimeCapabilityStatus/stdlib-math/rand-shuffle-permutation (129.18s)
    --- PASS: TestARM64RuntimeCapabilityStatus/runtime-packages/sync-once-concurrent (129.29s)
    --- PASS: TestARM64RuntimeCapabilityStatus/runtime-packages/sync-cond-rwmutex (129.74s)
    --- PASS: TestARM64RuntimeCapabilityStatus/stdlib-bytes/grow-capacity (129.87s)
    --- PASS: TestARM64RuntimeCapabilityStatus/defer-panic/sync-once-panic (129.94s)
    --- PASS: TestARM64RuntimeCapabilityStatus/stdlib-sync/once-map-cond (130.26s)
    --- PASS: TestARM64RuntimeCapabilityStatus/stdlib-io/discard-write (130.82s)
    --- PASS: TestARM64RuntimeCapabilityStatus/stdlib-generics/maps-keys (130.92s)
    --- PASS: TestARM64RuntimeCapabilityStatus/runtime-packages/sync-rwmutex-readers (131.23s)
    --- PASS: TestARM64RuntimeCapabilityStatus/runtime-packages/sync-map (131.51s)
    --- PASS: TestARM64RuntimeCapabilityStatus/stdlib-text/strconv-parse-edges (131.57s)
    --- PASS: TestARM64RuntimeCapabilityStatus/runtime-packages/atomic-counter (131.99s)
    --- PASS: TestARM64RuntimeCapabilityStatus/stdlib-sync/once-func (132.05s)
    --- PASS: TestARM64RuntimeCapabilityStatus/stdlib-io/copy-n-writer-only (132.07s)
    --- PASS: TestARM64RuntimeCapabilityStatus/core-types/type-param-method-shapes (132.53s)
    --- PASS: TestARM64RuntimeCapabilityStatus/runtime-packages/sync-mutex-defer (132.52s)
    --- PASS: TestARM64RuntimeCapabilityStatus/goroutine/many-goroutines-gc (132.61s)
    --- PASS: TestARM64RuntimeCapabilityStatus/stdlib-text/strconv-roundtrip (132.61s)
    --- PASS: TestARM64RuntimeCapabilityStatus/runtime-packages/sync-waitgroup-mutex-once (132.73s)
    --- PASS: TestARM64RuntimeCapabilityStatus/stdlib-errors/join-is-as (132.96s)
    --- PASS: TestARM64RuntimeCapabilityStatus/stdlib-generics/maps-slices (133.03s)
    --- PASS: TestARM64RuntimeCapabilityStatus/runtime-packages/sync-once-value (133.15s)
    --- PASS: TestARM64RuntimeCapabilityStatus/stdlib-path/match-clean (133.70s)
    --- PASS: TestARM64RuntimeCapabilityStatus/gc/slice-struct-values-gc (134.25s)
    --- PASS: TestARM64RuntimeCapabilityStatus/gc/closure-captures-roots-gc (134.66s)
    --- PASS: TestARM64RuntimeCapabilityStatus/goroutine/worker-fanin-gc (134.57s)
    --- PASS: TestARM64RuntimeCapabilityStatus/stdlib-generics/iter-pull (134.98s)
    --- PASS: TestARM64RuntimeCapabilityStatus/gc/heap-struct-graph (135.34s)
    --- PASS: TestARM64RuntimeCapabilityStatus/core-types/type-switch-pointer-values (135.35s)
    --- PASS: TestARM64RuntimeCapabilityStatus/stack/panic-stack-gc (135.24s)
    --- PASS: TestARM64RuntimeCapabilityStatus/goroutine/select-global-locked-gc (135.29s)
    --- PASS: TestARM64RuntimeCapabilityStatus/defer-panic/panic-stack-recover-gc (135.30s)
    --- PASS: TestARM64RuntimeCapabilityStatus/goroutine/channel-interface-close-gc (135.34s)
    --- PASS: TestARM64RuntimeCapabilityStatus/gc/map-pointer-values-gc (135.72s)
    --- PASS: TestARM64RuntimeCapabilityStatus/gc/new-composite-gc (135.80s)
    --- PASS: TestARM64RuntimeCapabilityStatus/core-types/copy-interface-slice-gc (135.85s)
    --- PASS: TestARM64RuntimeCapabilityStatus/core-types/interface-pointer-equality-gc (135.94s)
    --- PASS: TestARM64RuntimeCapabilityStatus/gc/global-roots-gc (136.22s)
    --- PASS: TestARM64RuntimeCapabilityStatus/stdlib-runtime-values/weak-pointer (136.33s)
    --- PASS: TestARM64RuntimeCapabilityStatus/core-types/map-delete-iterate-gc (136.47s)
    --- PASS: TestARM64RuntimeCapabilityStatus/stack/interface-preserved-across-gc (136.52s)
    --- PASS: TestARM64RuntimeCapabilityStatus/core-types/map-interface-values-gc (136.56s)
    --- PASS: TestARM64RuntimeCapabilityStatus/goroutine/channel-struct-pointer-gc (136.51s)
    --- PASS: TestARM64RuntimeCapabilityStatus/stdlib-generics/maps-clone (136.52s)
    --- PASS: TestARM64RuntimeCapabilityStatus/defer-panic/panic-alloc-recover-gc (136.86s)
    --- PASS: TestARM64RuntimeCapabilityStatus/stack/defer-closure-stack-gc (136.89s)
    --- PASS: TestARM64RuntimeCapabilityStatus/gc/pinner-invalid (137.07s)
    --- PASS: TestARM64RuntimeCapabilityStatus/gc/loop-closure-gc (137.12s)
    --- PASS: TestARM64RuntimeCapabilityStatus/goroutine/interface-channel-gc (137.35s)
    --- PASS: TestARM64RuntimeCapabilityStatus/gc/scalar-stack-slots (137.47s)
    --- PASS: TestARM64RuntimeCapabilityStatus/core-types/map-pointer-keys (137.49s)
    --- PASS: TestARM64RuntimeCapabilityStatus/stack/growth-preserves-pointers (137.66s)
    --- PASS: TestARM64RuntimeCapabilityStatus/stdlib-http/cookiejar (137.68s)
    --- PASS: TestARM64RuntimeCapabilityStatus/core-types/append-growth-pointer-elements (137.83s)
    --- PASS: TestARM64RuntimeCapabilityStatus/stack/recursive-struct-chain-gc (137.82s)
    --- PASS: TestARM64RuntimeCapabilityStatus/stack/interface-method-gc (138.06s)
    --- PASS: TestARM64RuntimeCapabilityStatus/core-types/map-growth-gc (138.23s)
    --- PASS: TestARM64RuntimeCapabilityStatus/runtime-packages/callers-stack (138.13s)
    --- PASS: TestARM64RuntimeCapabilityStatus/gc/array-copy-pointer-gc (138.47s)
    --- PASS: TestARM64RuntimeCapabilityStatus/core-types/append-variadic-pointer-gc (138.85s)
    --- PASS: TestARM64RuntimeCapabilityStatus/goroutine/channel-of-slices-gc (138.93s)
    --- PASS: TestARM64RuntimeCapabilityStatus/stdlib-sync/atomic-typed (139.45s)
    --- PASS: TestARM64RuntimeCapabilityStatus/core-types/slice-pointer-append-gc (139.70s)
    --- PASS: TestARM64RuntimeCapabilityStatus/goroutine/closure-survives-gc (139.73s)
    --- PASS: TestARM64RuntimeCapabilityStatus/stack/method-value-gc (139.79s)
    --- PASS: TestARM64RuntimeCapabilityStatus/core-types/map-interface-keys-gc (139.93s)
    --- PASS: TestARM64RuntimeCapabilityStatus/core-types/method-expression (139.95s)
    --- PASS: TestARM64RuntimeCapabilityStatus/runtime-packages/atomic-value (140.03s)
    --- PASS: TestARM64RuntimeCapabilityStatus/core-types/complex64-parts (140.17s)
    --- PASS: TestARM64RuntimeCapabilityStatus/defer-panic/goexit-runs-defer (140.46s)
    --- PASS: TestARM64RuntimeCapabilityStatus/goroutine/lock-osthread (140.50s)
    --- PASS: TestARM64RuntimeCapabilityStatus/core-types/interface-to-interface (140.80s)
    --- PASS: TestARM64RuntimeCapabilityStatus/stdlib-unicode/utf8-decode (140.69s)
    --- PASS: TestARM64RuntimeCapabilityStatus/stdlib-containers/list-ring (140.87s)
    --- PASS: TestARM64RuntimeCapabilityStatus/core-types/type-assertions-switch (141.60s)
    --- PASS: TestARM64RuntimeCapabilityStatus/stdlib-math/math-bits (141.55s)
    --- PASS: TestARM64RuntimeCapabilityStatus/core-types/type-param-method-dispatch (141.72s)
    --- PASS: TestARM64RuntimeCapabilityStatus/core-types/maps-slices-interfaces (141.85s)
    --- PASS: TestARM64RuntimeCapabilityStatus/core-types/slice-copy-overlap (141.92s)
    --- PASS: TestARM64RuntimeCapabilityStatus/goroutine/select-buffered-send-receive (142.01s)
    --- PASS: TestARM64RuntimeCapabilityStatus/core-types/map-struct-value-replace (142.05s)
    --- PASS: TestARM64RuntimeCapabilityStatus/defer-panic/defer-method-value-order (142.12s)
    --- PASS: TestARM64RuntimeCapabilityStatus/core-types/interface-nil-assertions (142.30s)
    --- PASS: TestARM64RuntimeCapabilityStatus/stdlib-generics/cmp-order (142.31s)
    --- PASS: TestARM64RuntimeCapabilityStatus/stdlib-math/math-cmplx (142.43s)
    --- PASS: TestARM64RuntimeCapabilityStatus/stdlib-math/bits-wide-arithmetic (142.73s)
    --- PASS: TestARM64RuntimeCapabilityStatus/core-types/interface-comparable-map (143.24s)
    --- PASS: TestARM64RuntimeCapabilityStatus/goroutine/select-receive-default (143.30s)
    --- PASS: TestARM64RuntimeCapabilityStatus/defer-panic/defer-order-panic (143.31s)
    --- PASS: TestARM64RuntimeCapabilityStatus/core-types/append-self-overlap (143.48s)
    --- PASS: TestARM64RuntimeCapabilityStatus/core-types/interface-method-value (143.49s)
    --- PASS: TestARM64RuntimeCapabilityStatus/goroutine/channel-struct-zero-close (143.41s)
    --- PASS: TestARM64RuntimeCapabilityStatus/core-types/slice-three-index (143.66s)
    --- PASS: TestARM64RuntimeCapabilityStatus/goroutine/channel-direction (143.60s)
    --- PASS: TestARM64RuntimeCapabilityStatus/core-types/map-iter-delete-insert (143.78s)
    --- PASS: TestARM64RuntimeCapabilityStatus/core-types/unsafe-struct-field (143.79s)
    --- PASS: TestARM64RuntimeCapabilityStatus/goroutine/select-nil-disable (143.81s)
    --- PASS: TestARM64RuntimeCapabilityStatus/defer-panic/panic-recover-identity (143.95s)
    --- PASS: TestARM64RuntimeCapabilityStatus/goroutine/channel-pointer-zero-close (143.98s)
    --- PASS: TestARM64RuntimeCapabilityStatus/goroutine/select-channels (144.06s)
    --- PASS: TestARM64RuntimeCapabilityStatus/defer-panic/typed-recover (144.17s)
    --- PASS: TestARM64RuntimeCapabilityStatus/goroutine/select-closed-channel (144.38s)
    --- PASS: TestARM64RuntimeCapabilityStatus/goroutine/select-two-ready (144.44s)
    --- PASS: TestARM64RuntimeCapabilityStatus/goroutine/unbuffered-pingpong (144.51s)
    --- PASS: TestARM64RuntimeCapabilityStatus/core-types/array-map-key (144.63s)
    --- PASS: TestARM64RuntimeCapabilityStatus/goroutine/select-send-default (144.55s)
    --- PASS: TestARM64RuntimeCapabilityStatus/core-types/nil-map-read-delete (144.59s)
    --- PASS: TestARM64RuntimeCapabilityStatus/stack/many-defers-stack (144.64s)
    --- PASS: TestARM64RuntimeCapabilityStatus/defer-panic/defer-replace-panic (144.64s)
    --- PASS: TestARM64RuntimeCapabilityStatus/defer-panic/defer-argument-evaluation (144.68s)
    --- PASS: TestARM64RuntimeCapabilityStatus/defer-panic/panic-struct-recover (144.82s)
    --- PASS: TestARM64RuntimeCapabilityStatus/defer-panic/panic-deep-unwind (144.85s)
    --- PASS: TestARM64RuntimeCapabilityStatus/core-types/interface-method-expression (145.07s)
    --- PASS: TestARM64RuntimeCapabilityStatus/goroutine/channel-close-buffered-receive (144.96s)
    --- PASS: TestARM64RuntimeCapabilityStatus/stdlib-http/multipart-form (144.96s)
    --- PASS: TestARM64RuntimeCapabilityStatus/core-types/slice-to-array-pointer (145.24s)
    --- PASS: TestARM64RuntimeCapabilityStatus/core-types/nil-interface-typed-pointer (145.29s)
    --- PASS: TestARM64RuntimeCapabilityStatus/core-types/map-range-insert-growth (145.31s)
    --- PASS: TestARM64RuntimeCapabilityStatus/core-types/string-byte-round-trip (145.43s)
    --- PASS: TestARM64RuntimeCapabilityStatus/goroutine/nil-channel-select (145.33s)
    --- PASS: TestARM64RuntimeCapabilityStatus/runtime-packages/timer-callback-shape (145.34s)
    --- PASS: TestARM64RuntimeCapabilityStatus/stdlib-http/parse-roundtrip (145.48s)
    --- PASS: TestARM64RuntimeCapabilityStatus/goroutine/channel-nonblocking-receive (145.50s)
    --- PASS: TestARM64RuntimeCapabilityStatus/goroutine/closed-channel-receive (145.66s)
    --- PASS: TestARM64RuntimeCapabilityStatus/goroutine/channel-close-range (145.84s)
    --- PASS: TestARM64RuntimeCapabilityStatus/core-types/string-slice-compare-swap (145.96s)
    --- PASS: TestARM64RuntimeCapabilityStatus/defer-panic/defer-named-result-panic (145.91s)
    --- PASS: TestARM64RuntimeCapabilityStatus/defer-panic/panic-nil-recover (145.91s)
    --- PASS: TestARM64RuntimeCapabilityStatus/goroutine/channel-handoff (145.96s)
    --- PASS: TestARM64RuntimeCapabilityStatus/defer-panic/basic-recover (146.00s)
    --- PASS: TestARM64RuntimeCapabilityStatus/core-types/map-clear (146.37s)
    --- PASS: TestARM64RuntimeCapabilityStatus/goroutine/double-close-panic (146.31s)
    --- PASS: TestARM64RuntimeCapabilityStatus/defer-panic/panic-repanic (146.31s)
    --- PASS: TestARM64RuntimeCapabilityStatus/core-types/complex-arithmetic (146.46s)
    --- PASS: TestARM64RuntimeCapabilityStatus/core-types/string-rune-map (146.46s)
    --- PASS: TestARM64RuntimeCapabilityStatus/core-types/map-range-delete-all (146.47s)
    --- PASS: TestARM64RuntimeCapabilityStatus/core-types/copy-string-to-bytes (146.62s)
    --- PASS: TestARM64RuntimeCapabilityStatus/defer-panic/panic-string-output (146.56s)
    --- PASS: TestARM64RuntimeCapabilityStatus/defer-panic/goroutine-panic-recover (146.56s)
    --- PASS: TestARM64RuntimeCapabilityStatus/goroutine/closed-channel-send-panic (146.61s)
    --- PASS: TestARM64RuntimeCapabilityStatus/goroutine/buffered-channel-fifo (146.60s)
    --- PASS: TestARM64RuntimeCapabilityStatus/defer-panic/nested-defer (146.67s)
    --- PASS: TestARM64RuntimeCapabilityStatus/defer-panic/recover-outside-panic (146.70s)
    --- PASS: TestARM64RuntimeCapabilityStatus/defer-panic/defer-named-return (146.70s)
    --- PASS: TestARM64RuntimeCapabilityStatus/stdlib-http/redirect-keepalive (149.28s)
    --- PASS: TestARM64RuntimeCapabilityStatus/stdlib-http/client-server (150.13s)
    --- PASS: TestARM64RuntimeCapabilityStatus/stdlib-http/tls-client-server (151.40s)
    --- PASS: TestARM64RuntimeCapabilityStatus/gc/keepalive-finalizer (0.04s)
    --- PASS: TestARM64RuntimeCapabilityStatus/gc/finalizer-stack-growth (0.02s)
    --- PASS: TestARM64RuntimeCapabilityStatus/gc/setfinalizer-clear (0.20s)
    --- PASS: TestARM64RuntimeCapabilityStatus/gc/cleanup-basic (0.02s)
    --- PASS: TestARM64RuntimeCapabilityStatus/gc/cleanup-stop (0.04s)
    --- PASS: TestARM64RuntimeCapabilityStatus/gc/cleanup-multiple (0.01s)
    --- PASS: TestARM64RuntimeCapabilityStatus/gc/cleanup-frame-retention (0.02s)
    --- PASS: TestARM64RuntimeCapabilityStatus/gc/assist-alloc-recursion (0.02s)
    --- PASS: TestARM64RuntimeCapabilityStatus/gc/defer-capture-allocs (0.02s)
    --- PASS: TestARM64RuntimeCapabilityStatus/gc/cleanup-frame-retention-masked (0.03s)
    --- PASS: TestARM64RuntimeCapabilityStatus/gc/cleanup-frame-retention-scribble (0.02s)
    --- PASS: TestARM64RuntimeCapabilityStatus/gc/span-metadata-barrier (0.07s)
    --- PASS: TestARM64RuntimeCapabilityStatus/gc/stack-argument-roots (0.04s)
    --- PASS: TestARM64RuntimeCapabilityStatus/gc/keepalive-stack-root (0.03s)
    --- PASS: TestARM64RuntimeCapabilityStatus/gc/goroutine-entry-stack-map (1.14s)
    --- PASS: TestARM64RuntimeCapabilityStatus/gc/finalizer-cleanup-order (0.02s)
    --- PASS: TestARM64RuntimeCapabilityStatus/gc/finalizer-dependency-order (0.02s)
    --- PASS: TestARM64RuntimeCapabilityStatus/gc/finalizer-tiny (0.08s)
    --- PASS: TestARM64RuntimeCapabilityStatus/gc/pinner-lifecycle (0.09s)
    --- PASS: TestARM64RuntimeCapabilityStatus/goroutine/gosched-progress (0.01s)
    --- PASS: TestARM64RuntimeCapabilityStatus/scheduler-stress/ring-handoff (0.01s)
    --- PASS: TestARM64RuntimeCapabilityStatus/scheduler-stress/timer-select-churn (0.07s)
    --- PASS: TestARM64RuntimeCapabilityStatus/scheduler-stress/gc-churn (0.08s)
    --- PASS: TestARM64RuntimeCapabilityStatus/stdlib-bytes/grow-compare (0.05s)
    --- PASS: TestARM64RuntimeCapabilityStatus/stdlib-bytes/grow-stats (0.02s)
    --- PASS: TestARM64RuntimeCapabilityStatus/stdlib-bytes/grow-allocs (0.27s)
    --- PASS: TestARM64RuntimeCapabilityStatus/stdlib-bytes/replace-allocs (0.02s)
    --- PASS: TestARM64RuntimeCapabilityStatus/stdlib-signals/notify-context (0.02s)
    --- PASS: TestARM64RuntimeCapabilityStatus/stdlib-signals/repeated-stop-reset (0.03s)
    --- PASS: TestARM64RuntimeCapabilityStatus/stdlib-signals/during-gc (0.03s)
    --- PASS: TestARM64RuntimeCapabilityStatus/stdlib-signals/during-netpoll (0.02s)
    --- PASS: TestARM64RuntimeCapabilityStatus/stdlib-signals/atomic-contention (5.21s)
    --- PASS: TestARM64RuntimeCapabilityStatus/stdlib-runtime-diagnostics/debug-stack-gc (0.02s)
    --- PASS: TestARM64RuntimeCapabilityStatus/stdlib-runtime-diagnostics/allocs-per-run (0.02s)
    --- PASS: TestARM64RuntimeCapabilityStatus/stdlib-netpoll/pipe-past-deadline (0.01s)
    --- PASS: TestARM64RuntimeCapabilityStatus/stdlib-netpoll/pipe-deadline (0.04s)
    --- PASS: TestARM64RuntimeCapabilityStatus/stdlib-netpoll/pipe-close-unblocks-read (0.03s)
    --- PASS: TestARM64RuntimeCapabilityStatus/stdlib-netpoll/pipe-afterfunc-close (0.04s)
    --- PASS: TestARM64RuntimeCapabilityStatus/stdlib-netpoll-stress/pipe-deadline-reset (0.04s)
    --- PASS: TestARM64RuntimeCapabilityStatus/stdlib-netpoll-stress/pipe-close-churn (0.05s)
    --- PASS: TestARM64RuntimeCapabilityStatus/stdlib-netpoll-stress/tcp-churn (0.04s)
    --- PASS: TestARM64RuntimeCapabilityStatus/stdlib-netpoll-stress/udp-burst (0.02s)
    --- PASS: TestARM64RuntimeCapabilityStatus/stdlib-netpoll/tcp-echo (0.02s)
    --- PASS: TestARM64RuntimeCapabilityStatus/stdlib-netpoll/tcp-read-deadline (0.05s)
    --- PASS: TestARM64RuntimeCapabilityStatus/stdlib-netpoll/tcp-accept-deadline (0.04s)
    --- PASS: TestARM64RuntimeCapabilityStatus/stdlib-netpoll/tcp-concurrent-clients (0.03s)
    --- PASS: TestARM64RuntimeCapabilityStatus/stdlib-netpoll/udp-deadline (0.04s)
    --- PASS: TestARM64RuntimeCapabilityStatus/stdlib-netpoll/close-unblocks-read (0.02s)
    --- PASS: TestARM64RuntimeCapabilityStatus/print-builtin/statement-atomicity (0.08s)
    --- PASS: TestARM64RuntimeCapabilityStatus/runtime-packages/time-timers (0.02s)
    --- PASS: TestARM64RuntimeCapabilityStatus/runtime-packages/gomaxprocs-memstats (0.01s)
    --- PASS: TestARM64RuntimeCapabilityStatus/runtime-packages/time-reset-stop (0.02s)
    --- PASS: TestARM64RuntimeCapabilityStatus/runtime-packages/ticker-stop (0.02s)
    --- PASS: TestARM64RuntimeCapabilityStatus/runtime-packages/select-timeout (0.01s)
    --- PASS: TestARM64RuntimeCapabilityStatus/runtime-packages/debug-gc-controls (0.02s)
    --- PASS: TestARM64RuntimeCapabilityStatus/runtime-packages/finalizer-basic (0.02s)
    --- PASS: TestARM64RuntimeCapabilityStatus/runtime-packages/time-afterfunc (0.01s)
    --- PASS: TestARM64RuntimeCapabilityStatus/runtime-packages/time-after (0.01s)
    --- PASS: TestARM64RuntimeCapabilityStatus/runtime-packages/finalizer-resurrect (0.02s)
    --- PASS: TestARM64RuntimeCapabilityStatus/runtime-packages/timer-gc-channel (0.03s)
    --- PASS: TestARM64RuntimeCapabilityStatus/runtime-packages/ticker-multi-tick (0.02s)
    --- PASS: TestARM64RuntimeCapabilityStatus/runtime-packages/timer-reset-after-drain (0.01s)
    --- FAIL: TestARM64RuntimeCapabilityStatus/stack-scan/loop-safepoints (0.02s)
    --- PASS: TestARM64RuntimeCapabilityStatus/stack-scan/blocked-goroutines (0.04s)
    --- PASS: TestARM64RuntimeCapabilityStatus/stack-scan/syscall-transitions (0.03s)
    --- PASS: TestARM64RuntimeCapabilityStatus/stack-scan/panic-unwind (0.07s)
    --- PASS: TestARM64RuntimeCapabilityStatus/stack-scan/stack-copy-roots (9.85s)
    --- PASS: TestARM64RuntimeCapabilityStatus/stack-scan/callfree-loop-roots (0.21s)
    --- PASS: TestARM64RuntimeCapabilityStatus/gc/channel-buffer-roots (0.09s)
    --- PASS: TestARM64RuntimeCapabilityStatus/gc-stress/concurrent-mark (4.07s)
    --- PASS: TestARM64RuntimeCapabilityStatus/gc-stress/assist-credit (0.67s)
    --- PASS: TestARM64RuntimeCapabilityStatus/gc-stress/sweep-pacing (0.20s)
    --- PASS: TestARM64RuntimeCapabilityStatus/gc-stress/scavenge-release (0.21s)
    --- PASS: TestARM64RuntimeCapabilityStatus/gc-stress/heap-growth-shrink (0.62s)
    --- PASS: TestARM64RuntimeCapabilityStatus/gc-stress/memory-limit (1.21s)
    --- PASS: TestARM64RuntimeCapabilityStatus/gc-invariants/checkmark (0.15s)
    --- PASS: TestARM64RuntimeCapabilityStatus/gc-invariants/mark-workers (0.36s)
    --- PASS: TestARM64RuntimeCapabilityStatus/gc-invariants/metadata-hugepages (0.55s)
    --- PASS: TestARM64RuntimeCapabilityStatus/gc-invariants/type-mask-padding (0.27s)
FAIL
FAIL	github.com/evanphx/cg12/cmd/goc	220.728s
FAIL
make: *** [Makefile:109: test-goc-status-opt] Error 1
