go test github.com/evanphx/cg12/amd64 github.com/evanphx/cg12/amd64/x64 github.com/evanphx/cg12/analysis github.com/evanphx/cg12/analysis/batchdiff github.com/evanphx/cg12/analysis/determinism github.com/evanphx/cg12/analysis/sepcompile github.com/evanphx/cg12/analysis/seplink github.com/evanphx/cg12/analysis/splitdiff github.com/evanphx/cg12/analysis/typeoff github.com/evanphx/cg12/arm64 github.com/evanphx/cg12/arm64/a64 github.com/evanphx/cg12/bpf github.com/evanphx/cg12/bpf/internal/libbpfload github.com/evanphx/cg12/cmd/cc github.com/evanphx/cg12/cmd/cg12 github.com/evanphx/cg12/cmd/cg12cc github.com/evanphx/cg12/cmd/viz github.com/evanphx/cg12/internal/backendtest github.com/evanphx/cg12/internal/cc github.com/evanphx/cg12/internal/gometa github.com/evanphx/cg12/internal/permodule github.com/evanphx/cg12/internal/prebuilt github.com/evanphx/cg12/internal/runtimepack github.com/evanphx/cg12/internal/testenv github.com/evanphx/cg12/interp github.com/evanphx/cg12/ir github.com/evanphx/cg12/lift github.com/evanphx/cg12/link github.com/evanphx/cg12/lower github.com/evanphx/cg12/obj github.com/evanphx/cg12/opt github.com/evanphx/cg12/parse github.com/evanphx/cg12/pe github.com/evanphx/cg12/plan9asm github.com/evanphx/cg12/plan9asm/sem github.com/evanphx/cg12/wasm
=== RUN   TestGoABIArgumentRegistersMatchRuntime
--- PASS: TestGoABIArgumentRegistersMatchRuntime (0.00s)
=== RUN   TestGoABIScratchDoesNotAliasArgumentRegisters
--- PASS: TestGoABIScratchDoesNotAliasArgumentRegisters (0.00s)
=== RUN   TestGoABIFloatScratchAvoidsZeroRegister
--- PASS: TestGoABIFloatScratchAvoidsZeroRegister (0.00s)
=== RUN   TestRuntimeReservedRegistersLeaveAllocation
--- PASS: TestRuntimeReservedRegistersLeaveAllocation (0.00s)
=== RUN   TestCalleeSavedByConvention
--- PASS: TestCalleeSavedByConvention (0.00s)
=== RUN   TestReservesRuntimeRegistersKeysOffFrameAndConvention
--- PASS: TestReservesRuntimeRegistersKeysOffFrameAndConvention (0.00s)
=== RUN   TestPlatformConventionUnchanged
--- PASS: TestPlatformConventionUnchanged (0.00s)
=== RUN   TestStackLinkBytesZeroOnAMD64
--- PASS: TestStackLinkBytesZeroOnAMD64 (0.00s)
=== RUN   TestCalleeConventionsResolvesFromTheCallee
=== RUN   TestCalleeConventionsResolvesFromTheCallee/unmarked_call_to_a_platform_callee_from_an_ABIInternal_function
=== RUN   TestCalleeConventionsResolvesFromTheCallee/explicit_convention_on_the_call_wins
=== RUN   TestCalleeConventionsResolvesFromTheCallee/unmarked_call_to_an_ABIInternal_callee
=== RUN   TestCalleeConventionsResolvesFromTheCallee/call_to_a_symbol_this_module_does_not_define
--- PASS: TestCalleeConventionsResolvesFromTheCallee (0.00s)
    --- PASS: TestCalleeConventionsResolvesFromTheCallee/unmarked_call_to_a_platform_callee_from_an_ABIInternal_function (0.00s)
    --- PASS: TestCalleeConventionsResolvesFromTheCallee/explicit_convention_on_the_call_wins (0.00s)
    --- PASS: TestCalleeConventionsResolvesFromTheCallee/unmarked_call_to_an_ABIInternal_callee (0.00s)
    --- PASS: TestCalleeConventionsResolvesFromTheCallee/call_to_a_symbol_this_module_does_not_define (0.00s)
=== RUN   TestArgAssignerPacksOnlyUnderGoABI
--- PASS: TestArgAssignerPacksOnlyUnderGoABI (0.00s)
=== RUN   TestInlineAsmFixedReg
    asm_fixedreg_test.go:32: ld.lld not available
--- SKIP: TestInlineAsmFixedReg (0.00s)
=== RUN   TestInlineAsmPassthrough
    asm_test.go:80: ld.lld not available
--- SKIP: TestInlineAsmPassthrough (0.00s)
=== RUN   TestInlineAsmUnsupportedMnemonicErrors
--- PASS: TestInlineAsmUnsupportedMnemonicErrors (0.05s)
=== RUN   TestInlineAsmSyscall
    asm_test.go:115: ld.lld not available
--- SKIP: TestInlineAsmSyscall (0.00s)
=== RUN   TestInlineAsmDivide
    asm_test.go:133: ld.lld not available
--- SKIP: TestInlineAsmDivide (0.00s)
=== RUN   TestAtomicIntrinsicsAreAllImplemented
=== RUN   TestAtomicIntrinsicsAreAllImplemented/atomic.load.b
=== RUN   TestAtomicIntrinsicsAreAllImplemented/atomic.store.b
=== RUN   TestAtomicIntrinsicsAreAllImplemented/atomic.xchg.b
=== RUN   TestAtomicIntrinsicsAreAllImplemented/atomic.cas.b
=== RUN   TestAtomicIntrinsicsAreAllImplemented/atomic.add.b
=== RUN   TestAtomicIntrinsicsAreAllImplemented/atomic.sub.b
=== RUN   TestAtomicIntrinsicsAreAllImplemented/atomic.and.b
=== RUN   TestAtomicIntrinsicsAreAllImplemented/atomic.or.b
=== RUN   TestAtomicIntrinsicsAreAllImplemented/atomic.xor.b
=== RUN   TestAtomicIntrinsicsAreAllImplemented/atomic.load.h
=== RUN   TestAtomicIntrinsicsAreAllImplemented/atomic.store.h
=== RUN   TestAtomicIntrinsicsAreAllImplemented/atomic.xchg.h
=== RUN   TestAtomicIntrinsicsAreAllImplemented/atomic.cas.h
=== RUN   TestAtomicIntrinsicsAreAllImplemented/atomic.add.h
=== RUN   TestAtomicIntrinsicsAreAllImplemented/atomic.sub.h
=== RUN   TestAtomicIntrinsicsAreAllImplemented/atomic.and.h
=== RUN   TestAtomicIntrinsicsAreAllImplemented/atomic.or.h
=== RUN   TestAtomicIntrinsicsAreAllImplemented/atomic.xor.h
=== RUN   TestAtomicIntrinsicsAreAllImplemented/atomic.load.w
=== RUN   TestAtomicIntrinsicsAreAllImplemented/atomic.store.w
=== RUN   TestAtomicIntrinsicsAreAllImplemented/atomic.xchg.w
=== RUN   TestAtomicIntrinsicsAreAllImplemented/atomic.cas.w
=== RUN   TestAtomicIntrinsicsAreAllImplemented/atomic.add.w
=== RUN   TestAtomicIntrinsicsAreAllImplemented/atomic.sub.w
=== RUN   TestAtomicIntrinsicsAreAllImplemented/atomic.and.w
=== RUN   TestAtomicIntrinsicsAreAllImplemented/atomic.or.w
=== RUN   TestAtomicIntrinsicsAreAllImplemented/atomic.xor.w
=== RUN   TestAtomicIntrinsicsAreAllImplemented/atomic.load.l
=== RUN   TestAtomicIntrinsicsAreAllImplemented/atomic.store.l
=== RUN   TestAtomicIntrinsicsAreAllImplemented/atomic.xchg.l
=== RUN   TestAtomicIntrinsicsAreAllImplemented/atomic.cas.l
=== RUN   TestAtomicIntrinsicsAreAllImplemented/atomic.add.l
=== RUN   TestAtomicIntrinsicsAreAllImplemented/atomic.sub.l
=== RUN   TestAtomicIntrinsicsAreAllImplemented/atomic.and.l
=== RUN   TestAtomicIntrinsicsAreAllImplemented/atomic.or.l
=== RUN   TestAtomicIntrinsicsAreAllImplemented/atomic.xor.l
=== RUN   TestAtomicIntrinsicsAreAllImplemented/atomic.fence
--- PASS: TestAtomicIntrinsicsAreAllImplemented (0.01s)
    --- PASS: TestAtomicIntrinsicsAreAllImplemented/atomic.load.b (0.00s)
    --- PASS: TestAtomicIntrinsicsAreAllImplemented/atomic.store.b (0.00s)
    --- PASS: TestAtomicIntrinsicsAreAllImplemented/atomic.xchg.b (0.00s)
    --- PASS: TestAtomicIntrinsicsAreAllImplemented/atomic.cas.b (0.00s)
    --- PASS: TestAtomicIntrinsicsAreAllImplemented/atomic.add.b (0.00s)
    --- PASS: TestAtomicIntrinsicsAreAllImplemented/atomic.sub.b (0.00s)
    --- PASS: TestAtomicIntrinsicsAreAllImplemented/atomic.and.b (0.00s)
    --- PASS: TestAtomicIntrinsicsAreAllImplemented/atomic.or.b (0.00s)
    --- PASS: TestAtomicIntrinsicsAreAllImplemented/atomic.xor.b (0.00s)
    --- PASS: TestAtomicIntrinsicsAreAllImplemented/atomic.load.h (0.00s)
    --- PASS: TestAtomicIntrinsicsAreAllImplemented/atomic.store.h (0.00s)
    --- PASS: TestAtomicIntrinsicsAreAllImplemented/atomic.xchg.h (0.00s)
    --- PASS: TestAtomicIntrinsicsAreAllImplemented/atomic.cas.h (0.00s)
    --- PASS: TestAtomicIntrinsicsAreAllImplemented/atomic.add.h (0.00s)
    --- PASS: TestAtomicIntrinsicsAreAllImplemented/atomic.sub.h (0.00s)
    --- PASS: TestAtomicIntrinsicsAreAllImplemented/atomic.and.h (0.00s)
    --- PASS: TestAtomicIntrinsicsAreAllImplemented/atomic.or.h (0.00s)
    --- PASS: TestAtomicIntrinsicsAreAllImplemented/atomic.xor.h (0.00s)
    --- PASS: TestAtomicIntrinsicsAreAllImplemented/atomic.load.w (0.00s)
    --- PASS: TestAtomicIntrinsicsAreAllImplemented/atomic.store.w (0.00s)
    --- PASS: TestAtomicIntrinsicsAreAllImplemented/atomic.xchg.w (0.00s)
    --- PASS: TestAtomicIntrinsicsAreAllImplemented/atomic.cas.w (0.00s)
    --- PASS: TestAtomicIntrinsicsAreAllImplemented/atomic.add.w (0.00s)
    --- PASS: TestAtomicIntrinsicsAreAllImplemented/atomic.sub.w (0.00s)
    --- PASS: TestAtomicIntrinsicsAreAllImplemented/atomic.and.w (0.00s)
    --- PASS: TestAtomicIntrinsicsAreAllImplemented/atomic.or.w (0.00s)
    --- PASS: TestAtomicIntrinsicsAreAllImplemented/atomic.xor.w (0.00s)
    --- PASS: TestAtomicIntrinsicsAreAllImplemented/atomic.load.l (0.00s)
    --- PASS: TestAtomicIntrinsicsAreAllImplemented/atomic.store.l (0.00s)
    --- PASS: TestAtomicIntrinsicsAreAllImplemented/atomic.xchg.l (0.00s)
    --- PASS: TestAtomicIntrinsicsAreAllImplemented/atomic.cas.l (0.00s)
    --- PASS: TestAtomicIntrinsicsAreAllImplemented/atomic.add.l (0.00s)
    --- PASS: TestAtomicIntrinsicsAreAllImplemented/atomic.sub.l (0.00s)
    --- PASS: TestAtomicIntrinsicsAreAllImplemented/atomic.and.l (0.00s)
    --- PASS: TestAtomicIntrinsicsAreAllImplemented/atomic.or.l (0.00s)
    --- PASS: TestAtomicIntrinsicsAreAllImplemented/atomic.xor.l (0.00s)
    --- PASS: TestAtomicIntrinsicsAreAllImplemented/atomic.fence (0.00s)
=== RUN   TestAtomicEncodingCarriesLockPrefix
=== RUN   TestAtomicEncodingCarriesLockPrefix/atomic.add.b
    atomic_test.go:237: llvm-mc not available
=== RUN   TestAtomicEncodingCarriesLockPrefix/atomic.add.h
    atomic_test.go:237: llvm-mc not available
=== RUN   TestAtomicEncodingCarriesLockPrefix/atomic.add.w
    atomic_test.go:237: llvm-mc not available
=== RUN   TestAtomicEncodingCarriesLockPrefix/atomic.add.l
    atomic_test.go:237: llvm-mc not available
=== RUN   TestAtomicEncodingCarriesLockPrefix/atomic.sub.b
    atomic_test.go:237: llvm-mc not available
=== RUN   TestAtomicEncodingCarriesLockPrefix/atomic.sub.h
    atomic_test.go:237: llvm-mc not available
=== RUN   TestAtomicEncodingCarriesLockPrefix/atomic.sub.w
    atomic_test.go:237: llvm-mc not available
=== RUN   TestAtomicEncodingCarriesLockPrefix/atomic.sub.l
    atomic_test.go:237: llvm-mc not available
=== RUN   TestAtomicEncodingCarriesLockPrefix/atomic.and.b
    atomic_test.go:237: llvm-mc not available
=== RUN   TestAtomicEncodingCarriesLockPrefix/atomic.and.h
    atomic_test.go:237: llvm-mc not available
=== RUN   TestAtomicEncodingCarriesLockPrefix/atomic.and.w
    atomic_test.go:237: llvm-mc not available
=== RUN   TestAtomicEncodingCarriesLockPrefix/atomic.and.l
    atomic_test.go:237: llvm-mc not available
=== RUN   TestAtomicEncodingCarriesLockPrefix/atomic.or.b
    atomic_test.go:237: llvm-mc not available
=== RUN   TestAtomicEncodingCarriesLockPrefix/atomic.or.w
    atomic_test.go:237: llvm-mc not available
=== RUN   TestAtomicEncodingCarriesLockPrefix/atomic.or.l
    atomic_test.go:237: llvm-mc not available
=== RUN   TestAtomicEncodingCarriesLockPrefix/atomic.xor.h
    atomic_test.go:237: llvm-mc not available
=== RUN   TestAtomicEncodingCarriesLockPrefix/atomic.xor.w
    atomic_test.go:237: llvm-mc not available
=== RUN   TestAtomicEncodingCarriesLockPrefix/atomic.xor.l
    atomic_test.go:237: llvm-mc not available
--- PASS: TestAtomicEncodingCarriesLockPrefix (0.00s)
    --- SKIP: TestAtomicEncodingCarriesLockPrefix/atomic.add.b (0.00s)
    --- SKIP: TestAtomicEncodingCarriesLockPrefix/atomic.add.h (0.00s)
    --- SKIP: TestAtomicEncodingCarriesLockPrefix/atomic.add.w (0.00s)
    --- SKIP: TestAtomicEncodingCarriesLockPrefix/atomic.add.l (0.00s)
    --- SKIP: TestAtomicEncodingCarriesLockPrefix/atomic.sub.b (0.00s)
    --- SKIP: TestAtomicEncodingCarriesLockPrefix/atomic.sub.h (0.00s)
    --- SKIP: TestAtomicEncodingCarriesLockPrefix/atomic.sub.w (0.00s)
    --- SKIP: TestAtomicEncodingCarriesLockPrefix/atomic.sub.l (0.00s)
    --- SKIP: TestAtomicEncodingCarriesLockPrefix/atomic.and.b (0.00s)
    --- SKIP: TestAtomicEncodingCarriesLockPrefix/atomic.and.h (0.00s)
    --- SKIP: TestAtomicEncodingCarriesLockPrefix/atomic.and.w (0.00s)
    --- SKIP: TestAtomicEncodingCarriesLockPrefix/atomic.and.l (0.00s)
    --- SKIP: TestAtomicEncodingCarriesLockPrefix/atomic.or.b (0.00s)
    --- SKIP: TestAtomicEncodingCarriesLockPrefix/atomic.or.w (0.00s)
    --- SKIP: TestAtomicEncodingCarriesLockPrefix/atomic.or.l (0.00s)
    --- SKIP: TestAtomicEncodingCarriesLockPrefix/atomic.xor.h (0.00s)
    --- SKIP: TestAtomicEncodingCarriesLockPrefix/atomic.xor.w (0.00s)
    --- SKIP: TestAtomicEncodingCarriesLockPrefix/atomic.xor.l (0.00s)
=== RUN   TestAtomicEncodingCAS
=== RUN   TestAtomicEncodingCAS/atomic.cas.b
    atomic_test.go:266: llvm-mc not available
=== RUN   TestAtomicEncodingCAS/atomic.cas.h
    atomic_test.go:266: llvm-mc not available
=== RUN   TestAtomicEncodingCAS/atomic.cas.w
    atomic_test.go:266: llvm-mc not available
=== RUN   TestAtomicEncodingCAS/atomic.cas.l
    atomic_test.go:266: llvm-mc not available
--- PASS: TestAtomicEncodingCAS (0.00s)
    --- SKIP: TestAtomicEncodingCAS/atomic.cas.b (0.00s)
    --- SKIP: TestAtomicEncodingCAS/atomic.cas.h (0.00s)
    --- SKIP: TestAtomicEncodingCAS/atomic.cas.w (0.00s)
    --- SKIP: TestAtomicEncodingCAS/atomic.cas.l (0.00s)
=== RUN   TestAtomicEncodingXchgIsImplicitlyLocked
    atomic_test.go:284: llvm-mc not available
--- SKIP: TestAtomicEncodingXchgIsImplicitlyLocked (0.00s)
=== RUN   TestAtomicEncodingLoadStoreOrdering
    atomic_test.go:298: llvm-mc not available
--- SKIP: TestAtomicEncodingLoadStoreOrdering (0.00s)
=== RUN   TestAtomicEncodingFence
    atomic_test.go:342: llvm-mc not available
--- SKIP: TestAtomicEncodingFence (0.00s)
=== RUN   TestAtomicEncodingFetchOpLoopShape
    atomic_test.go:352: llvm-mc not available
--- SKIP: TestAtomicEncodingFetchOpLoopShape (0.00s)
=== RUN   TestAtomicGlobalAddressRelocations
--- PASS: TestAtomicGlobalAddressRelocations (0.00s)
=== RUN   TestAtomicExecLoadStore
    atomic_test.go:513: ld.lld not available
--- SKIP: TestAtomicExecLoadStore (0.00s)
=== RUN   TestAtomicExecXchg
    atomic_test.go:531: ld.lld not available
--- SKIP: TestAtomicExecXchg (0.00s)
=== RUN   TestAtomicExecFetchOps
    atomic_test.go:565: ld.lld not available
--- SKIP: TestAtomicExecFetchOps (0.00s)
=== RUN   TestAtomicExecCAS
    atomic_test.go:596: ld.lld not available
--- SKIP: TestAtomicExecCAS (0.00s)
=== RUN   TestAtomicExecNarrowEdges
    atomic_test.go:651: ld.lld not available
--- SKIP: TestAtomicExecNarrowEdges (0.00s)
=== RUN   TestAtomicExecWideEdges
    atomic_test.go:696: ld.lld not available
--- SKIP: TestAtomicExecWideEdges (0.00s)
=== RUN   TestAtomicExecFence
    atomic_test.go:712: ld.lld not available
--- SKIP: TestAtomicExecFence (0.00s)
=== RUN   TestAtomicExecOnGlobal
    atomic_test.go:732: ld.lld not available
--- SKIP: TestAtomicExecOnGlobal (0.00s)
=== RUN   TestAtomicExecUnderRegisterPressure
    atomic_test.go:781: ld.lld not available
--- SKIP: TestAtomicExecUnderRegisterPressure (0.00s)
=== RUN   TestAtomicVoidFormUsesLockedALU
=== RUN   TestAtomicVoidFormUsesLockedALU/add
    atomic_test.go:808: llvm-mc not available
=== RUN   TestAtomicVoidFormUsesLockedALU/sub
    atomic_test.go:808: llvm-mc not available
=== RUN   TestAtomicVoidFormUsesLockedALU/and
    atomic_test.go:808: llvm-mc not available
=== RUN   TestAtomicVoidFormUsesLockedALU/or
    atomic_test.go:808: llvm-mc not available
=== RUN   TestAtomicVoidFormUsesLockedALU/xor
    atomic_test.go:808: llvm-mc not available
--- PASS: TestAtomicVoidFormUsesLockedALU (0.00s)
    --- SKIP: TestAtomicVoidFormUsesLockedALU/add (0.00s)
    --- SKIP: TestAtomicVoidFormUsesLockedALU/sub (0.00s)
    --- SKIP: TestAtomicVoidFormUsesLockedALU/and (0.00s)
    --- SKIP: TestAtomicVoidFormUsesLockedALU/or (0.00s)
    --- SKIP: TestAtomicVoidFormUsesLockedALU/xor (0.00s)
=== RUN   TestAtomicExecVoidForm
    atomic_test.go:837: ld.lld not available
--- SKIP: TestAtomicExecVoidForm (0.00s)
=== RUN   TestAtomicExecFromC
    atomic_test.go:883: ld.lld not available
--- SKIP: TestAtomicExecFromC (0.03s)
=== RUN   TestAtomicUnknownWidthIsRefused
--- PASS: TestAtomicUnknownWidthIsRefused (0.00s)
=== RUN   TestClzEncoding
--- PASS: TestClzEncoding (0.00s)
=== RUN   TestMulhEncoding
--- PASS: TestMulhEncoding (0.00s)
=== RUN   TestClzUsesNoFeatureGatedEncoding
--- PASS: TestClzUsesNoFeatureGatedEncoding (0.00s)
=== RUN   TestObjClz64
    bits_test.go:228: ld.lld not available
--- SKIP: TestObjClz64 (0.00s)
=== RUN   TestObjClz32
    bits_test.go:255: ld.lld not available
--- SKIP: TestObjClz32 (0.00s)
=== RUN   TestObjUMulh
    bits_test.go:284: ld.lld not available
--- SKIP: TestObjUMulh (0.00s)
=== RUN   TestObjSMulh
    bits_test.go:321: ld.lld not available
--- SKIP: TestObjSMulh (0.00s)
=== RUN   TestObjSignedVersusUnsignedMulh
    bits_test.go:356: ld.lld not available
--- SKIP: TestObjSignedVersusUnsignedMulh (0.00s)
=== RUN   TestObjClzFromCBuiltins
    bits_test.go:384: ld.lld not available
--- SKIP: TestObjClzFromCBuiltins (0.04s)
=== RUN   TestObjBitsUnderRegisterPressure
    bits_test.go:423: ld.lld not available
--- SKIP: TestObjBitsUnderRegisterPressure (0.00s)
=== RUN   TestCalleeSavedClobbersAreHonoured
    clobber_test.go:26: ld.lld not available
--- SKIP: TestCalleeSavedClobbersAreHonoured (0.03s)
=== RUN   TestCallerSavedClobbersStillWork
    clobber_test.go:41: ld.lld not available
--- SKIP: TestCallerSavedClobbersStillWork (0.04s)
=== RUN   TestUnknownClobberIsRefused
--- PASS: TestUnknownClobberIsRefused (0.11s)
=== RUN   TestClobberNamesAtAnyWidth
--- PASS: TestClobberNamesAtAnyWidth (0.18s)
=== RUN   TestComplex
    complex_test.go:59: ld.lld not available
--- SKIP: TestComplex (0.00s)
=== RUN   TestObjFloat64ToUint64
    convert_test.go:67: ld.lld not available
--- SKIP: TestObjFloat64ToUint64 (0.00s)
=== RUN   TestObjFloat32ToUint64
    convert_test.go:93: ld.lld not available
--- SKIP: TestObjFloat32ToUint64 (0.00s)
=== RUN   TestObjUint64ToFloat64
    convert_test.go:121: ld.lld not available
--- SKIP: TestObjUint64ToFloat64 (0.00s)
=== RUN   TestObjUint64ToFloat32
    convert_test.go:136: ld.lld not available
--- SKIP: TestObjUint64ToFloat32 (0.00s)
=== RUN   TestObjFloat64ToUint32
    convert_test.go:162: ld.lld not available
--- SKIP: TestObjFloat64ToUint32 (0.00s)
=== RUN   TestObjFloat32ToUint32
    convert_test.go:176: ld.lld not available
--- SKIP: TestObjFloat32ToUint32 (0.00s)
=== RUN   TestObjUint32ToFloat64
    convert_test.go:191: ld.lld not available
--- SKIP: TestObjUint32ToFloat64 (0.00s)
=== RUN   TestObjUint32ToFloat32
    convert_test.go:204: ld.lld not available
--- SKIP: TestObjUint32ToFloat32 (0.00s)
=== RUN   TestObjFloatSignedConversionsStillSigned
    convert_test.go:221: ld.lld not available
--- SKIP: TestObjFloatSignedConversionsStillSigned (0.00s)
=== RUN   TestObjUnsignedConvertConstantOperands
    convert_test.go:275: ld.lld not available
--- SKIP: TestObjUnsignedConvertConstantOperands (0.00s)
=== RUN   TestObjUnsignedConvertSpilledValues
    convert_test.go:321: ld.lld not available
--- SKIP: TestObjUnsignedConvertSpilledValues (0.00s)
=== RUN   TestObjSpilledBaseIndexedLoad
=== RUN   TestObjSpilledBaseIndexedLoad/scale1
    foldaddr_bug_test.go:157: ld.lld not available
=== RUN   TestObjSpilledBaseIndexedLoad/scale2
    foldaddr_bug_test.go:157: ld.lld not available
=== RUN   TestObjSpilledBaseIndexedLoad/scale4
    foldaddr_bug_test.go:157: ld.lld not available
=== RUN   TestObjSpilledBaseIndexedLoad/scale8
    foldaddr_bug_test.go:157: ld.lld not available
--- PASS: TestObjSpilledBaseIndexedLoad (0.01s)
    --- SKIP: TestObjSpilledBaseIndexedLoad/scale1 (0.00s)
    --- SKIP: TestObjSpilledBaseIndexedLoad/scale2 (0.00s)
    --- SKIP: TestObjSpilledBaseIndexedLoad/scale4 (0.00s)
    --- SKIP: TestObjSpilledBaseIndexedLoad/scale8 (0.01s)
=== RUN   TestObjSpilledBaseIndexedStore
=== RUN   TestObjSpilledBaseIndexedStore/scale1
    foldaddr_bug_test.go:169: ld.lld not available
=== RUN   TestObjSpilledBaseIndexedStore/scale2
    foldaddr_bug_test.go:169: ld.lld not available
=== RUN   TestObjSpilledBaseIndexedStore/scale4
    foldaddr_bug_test.go:169: ld.lld not available
=== RUN   TestObjSpilledBaseIndexedStore/scale8
    foldaddr_bug_test.go:169: ld.lld not available
--- PASS: TestObjSpilledBaseIndexedStore (0.00s)
    --- SKIP: TestObjSpilledBaseIndexedStore/scale1 (0.00s)
    --- SKIP: TestObjSpilledBaseIndexedStore/scale2 (0.00s)
    --- SKIP: TestObjSpilledBaseIndexedStore/scale4 (0.00s)
    --- SKIP: TestObjSpilledBaseIndexedStore/scale8 (0.00s)
=== RUN   TestObjSpilledBaseIndexedWideAccess
    foldaddr_bug_test.go:229: ld.lld not available
--- SKIP: TestObjSpilledBaseIndexedWideAccess (0.00s)
=== RUN   TestFoldedIndexedOperandNeverReusesOneRegisterTwice
=== RUN   TestFoldedIndexedOperandNeverReusesOneRegisterTwice/scale1/load
    foldaddr_bug_test.go:345: llvm-mc not available
=== RUN   TestFoldedIndexedOperandNeverReusesOneRegisterTwice/scale1/store
    foldaddr_bug_test.go:345: llvm-mc not available
=== RUN   TestFoldedIndexedOperandNeverReusesOneRegisterTwice/scale2/load
    foldaddr_bug_test.go:345: llvm-mc not available
=== RUN   TestFoldedIndexedOperandNeverReusesOneRegisterTwice/scale2/store
    foldaddr_bug_test.go:345: llvm-mc not available
=== RUN   TestFoldedIndexedOperandNeverReusesOneRegisterTwice/scale4/load
    foldaddr_bug_test.go:345: llvm-mc not available
=== RUN   TestFoldedIndexedOperandNeverReusesOneRegisterTwice/scale4/store
    foldaddr_bug_test.go:345: llvm-mc not available
=== RUN   TestFoldedIndexedOperandNeverReusesOneRegisterTwice/scale8/load
    foldaddr_bug_test.go:345: llvm-mc not available
=== RUN   TestFoldedIndexedOperandNeverReusesOneRegisterTwice/scale8/store
    foldaddr_bug_test.go:345: llvm-mc not available
=== RUN   TestFoldedIndexedOperandNeverReusesOneRegisterTwice/wide
    foldaddr_bug_test.go:352: llvm-mc not available
--- PASS: TestFoldedIndexedOperandNeverReusesOneRegisterTwice (0.01s)
    --- SKIP: TestFoldedIndexedOperandNeverReusesOneRegisterTwice/scale1/load (0.00s)
    --- SKIP: TestFoldedIndexedOperandNeverReusesOneRegisterTwice/scale1/store (0.00s)
    --- SKIP: TestFoldedIndexedOperandNeverReusesOneRegisterTwice/scale2/load (0.00s)
    --- SKIP: TestFoldedIndexedOperandNeverReusesOneRegisterTwice/scale2/store (0.00s)
    --- SKIP: TestFoldedIndexedOperandNeverReusesOneRegisterTwice/scale4/load (0.00s)
    --- SKIP: TestFoldedIndexedOperandNeverReusesOneRegisterTwice/scale4/store (0.00s)
    --- SKIP: TestFoldedIndexedOperandNeverReusesOneRegisterTwice/scale8/load (0.00s)
    --- SKIP: TestFoldedIndexedOperandNeverReusesOneRegisterTwice/scale8/store (0.00s)
    --- SKIP: TestFoldedIndexedOperandNeverReusesOneRegisterTwice/wide (0.00s)
=== RUN   TestSpilledBaseIndexedOperandCollapsesIntoOneRegister
    foldaddr_bug_test.go:367: llvm-mc not available
--- SKIP: TestSpilledBaseIndexedOperandCollapsesIntoOneRegister (0.00s)
=== RUN   TestUnspilledBaseIndexedOperandStaysASIB
    foldaddr_bug_test.go:387: llvm-mc not available
--- SKIP: TestUnspilledBaseIndexedOperandStaysASIB (0.00s)
=== RUN   TestFoldedIndexWithATwoRegisterBaseIsRefused
--- PASS: TestFoldedIndexWithATwoRegisterBaseIsRefused (0.00s)
=== RUN   TestManagedFrameIsRejected
=== RUN   TestManagedFrameIsRejected/CompileObject
=== RUN   TestManagedFrameIsRejected/CompileObjectWith
=== RUN   TestManagedFrameIsRejected/CompileToObject
=== RUN   TestManagedFrameIsRejected/CompileToObjectWith
=== RUN   TestManagedFrameIsRejected/Backend.CompileModule
--- PASS: TestManagedFrameIsRejected (0.00s)
    --- PASS: TestManagedFrameIsRejected/CompileObject (0.00s)
    --- PASS: TestManagedFrameIsRejected/CompileObjectWith (0.00s)
    --- PASS: TestManagedFrameIsRejected/CompileToObject (0.00s)
    --- PASS: TestManagedFrameIsRejected/CompileToObjectWith (0.00s)
    --- PASS: TestManagedFrameIsRejected/Backend.CompileModule (0.00s)
=== RUN   TestPlatformCallConventionStillCompiles
=== RUN   TestPlatformCallConventionStillCompiles/CompileObject
=== RUN   TestPlatformCallConventionStillCompiles/CompileObjectWith
=== RUN   TestPlatformCallConventionStillCompiles/CompileToObject
=== RUN   TestPlatformCallConventionStillCompiles/CompileToObjectWith
=== RUN   TestPlatformCallConventionStillCompiles/Backend.CompileModule
--- PASS: TestPlatformCallConventionStillCompiles (0.00s)
    --- PASS: TestPlatformCallConventionStillCompiles/CompileObject (0.00s)
    --- PASS: TestPlatformCallConventionStillCompiles/CompileObjectWith (0.00s)
    --- PASS: TestPlatformCallConventionStillCompiles/CompileToObject (0.00s)
    --- PASS: TestPlatformCallConventionStillCompiles/CompileToObjectWith (0.00s)
    --- PASS: TestPlatformCallConventionStillCompiles/Backend.CompileModule (0.00s)
=== RUN   TestGoInternalCallConventionWithoutManagedFrameStillCompiles
=== RUN   TestGoInternalCallConventionWithoutManagedFrameStillCompiles/CompileObject
=== RUN   TestGoInternalCallConventionWithoutManagedFrameStillCompiles/CompileObjectWith
=== RUN   TestGoInternalCallConventionWithoutManagedFrameStillCompiles/CompileToObject
=== RUN   TestGoInternalCallConventionWithoutManagedFrameStillCompiles/CompileToObjectWith
=== RUN   TestGoInternalCallConventionWithoutManagedFrameStillCompiles/Backend.CompileModule
--- PASS: TestGoInternalCallConventionWithoutManagedFrameStillCompiles (0.00s)
    --- PASS: TestGoInternalCallConventionWithoutManagedFrameStillCompiles/CompileObject (0.00s)
    --- PASS: TestGoInternalCallConventionWithoutManagedFrameStillCompiles/CompileObjectWith (0.00s)
    --- PASS: TestGoInternalCallConventionWithoutManagedFrameStillCompiles/CompileToObject (0.00s)
    --- PASS: TestGoInternalCallConventionWithoutManagedFrameStillCompiles/CompileToObjectWith (0.00s)
    --- PASS: TestGoInternalCallConventionWithoutManagedFrameStillCompiles/Backend.CompileModule (0.00s)
=== RUN   TestGoInternalCallConventionWithManagedFrameIsRejected
--- PASS: TestGoInternalCallConventionWithManagedFrameIsRejected (0.00s)
=== RUN   TestNoSplitAndSystemStackWithoutManagedFrameStillCompile
--- PASS: TestNoSplitAndSystemStackWithoutManagedFrameStillCompile (0.00s)
=== RUN   TestGoABIGuardCoversLaterFunctionsInTheModule
--- PASS: TestGoABIGuardCoversLaterFunctionsInTheModule (0.00s)
=== RUN   TestALUImmEncoding
=== RUN   TestALUImmEncoding/add/w/5
=== RUN   TestALUImmEncoding/sub/w/5
=== RUN   TestALUImmEncoding/and/w/5
=== RUN   TestALUImmEncoding/or/w/5
=== RUN   TestALUImmEncoding/xor/w/5
=== RUN   TestALUImmEncoding/add/l/5
=== RUN   TestALUImmEncoding/sub/l/5
=== RUN   TestALUImmEncoding/and/l/5
=== RUN   TestALUImmEncoding/or/l/5
=== RUN   TestALUImmEncoding/xor/l/5
=== RUN   TestALUImmEncoding/add/w/4660
=== RUN   TestALUImmEncoding/sub/w/4660
=== RUN   TestALUImmEncoding/and/w/4660
=== RUN   TestALUImmEncoding/or/w/4660
=== RUN   TestALUImmEncoding/xor/w/4660
=== RUN   TestALUImmEncoding/add/l/4660
=== RUN   TestALUImmEncoding/sub/l/4660
=== RUN   TestALUImmEncoding/and/l/4660
=== RUN   TestALUImmEncoding/or/l/4660
=== RUN   TestALUImmEncoding/xor/l/4660
--- PASS: TestALUImmEncoding (0.00s)
    --- PASS: TestALUImmEncoding/add/w/5 (0.00s)
    --- PASS: TestALUImmEncoding/sub/w/5 (0.00s)
    --- PASS: TestALUImmEncoding/and/w/5 (0.00s)
    --- PASS: TestALUImmEncoding/or/w/5 (0.00s)
    --- PASS: TestALUImmEncoding/xor/w/5 (0.00s)
    --- PASS: TestALUImmEncoding/add/l/5 (0.00s)
    --- PASS: TestALUImmEncoding/sub/l/5 (0.00s)
    --- PASS: TestALUImmEncoding/and/l/5 (0.00s)
    --- PASS: TestALUImmEncoding/or/l/5 (0.00s)
    --- PASS: TestALUImmEncoding/xor/l/5 (0.00s)
    --- PASS: TestALUImmEncoding/add/w/4660 (0.00s)
    --- PASS: TestALUImmEncoding/sub/w/4660 (0.00s)
    --- PASS: TestALUImmEncoding/and/w/4660 (0.00s)
    --- PASS: TestALUImmEncoding/or/w/4660 (0.00s)
    --- PASS: TestALUImmEncoding/xor/w/4660 (0.00s)
    --- PASS: TestALUImmEncoding/add/l/4660 (0.00s)
    --- PASS: TestALUImmEncoding/sub/l/4660 (0.00s)
    --- PASS: TestALUImmEncoding/and/l/4660 (0.00s)
    --- PASS: TestALUImmEncoding/or/l/4660 (0.00s)
    --- PASS: TestALUImmEncoding/xor/l/4660 (0.00s)
=== RUN   TestMulImmEncoding
--- PASS: TestMulImmEncoding (0.00s)
=== RUN   TestCommutedImmEncoding
--- PASS: TestCommutedImmEncoding (0.00s)
=== RUN   TestImm32BoundaryEncoding
--- PASS: TestImm32BoundaryEncoding (0.00s)
=== RUN   TestCmpImmEncoding
--- PASS: TestCmpImmEncoding (0.00s)
=== RUN   TestSelectUsesCmov
--- PASS: TestSelectUsesCmov (0.00s)
=== RUN   TestSelectRescuesAliasedCondition
    imm_test.go:260: ld.lld not available
--- SKIP: TestSelectRescuesAliasedCondition (0.00s)
=== RUN   TestFloatSelectUsesCmov
--- PASS: TestFloatSelectUsesCmov (0.00s)
=== RUN   TestRegisterOperandsAreUnchanged
--- PASS: TestRegisterOperandsAreUnchanged (0.00s)
=== RUN   TestObjAddSubImm64
=== RUN   TestObjAddSubImm64/k=0x1
    imm_test.go:359: ld.lld not available
=== RUN   TestObjAddSubImm64/k=-0x1
    imm_test.go:359: ld.lld not available
=== RUN   TestObjAddSubImm64/k=0x7fffffff
    imm_test.go:359: ld.lld not available
=== RUN   TestObjAddSubImm64/k=-0x80000000
    imm_test.go:359: ld.lld not available
=== RUN   TestObjAddSubImm64/k=0x80000000
    imm_test.go:359: ld.lld not available
=== RUN   TestObjAddSubImm64/k=-0x80000001
    imm_test.go:359: ld.lld not available
=== RUN   TestObjAddSubImm64/k=0x10000000000
    imm_test.go:359: ld.lld not available
--- PASS: TestObjAddSubImm64 (0.00s)
    --- SKIP: TestObjAddSubImm64/k=0x1 (0.00s)
    --- SKIP: TestObjAddSubImm64/k=-0x1 (0.00s)
    --- SKIP: TestObjAddSubImm64/k=0x7fffffff (0.00s)
    --- SKIP: TestObjAddSubImm64/k=-0x80000000 (0.00s)
    --- SKIP: TestObjAddSubImm64/k=0x80000000 (0.00s)
    --- SKIP: TestObjAddSubImm64/k=-0x80000001 (0.00s)
    --- SKIP: TestObjAddSubImm64/k=0x10000000000 (0.00s)
=== RUN   TestObjBitwiseImm64
=== RUN   TestObjBitwiseImm64/k=0xff
    imm_test.go:380: ld.lld not available
=== RUN   TestObjBitwiseImm64/k=0x7fffffff
    imm_test.go:380: ld.lld not available
=== RUN   TestObjBitwiseImm64/k=-0x80000000
    imm_test.go:380: ld.lld not available
=== RUN   TestObjBitwiseImm64/k=0xffffffff
    imm_test.go:380: ld.lld not available
=== RUN   TestObjBitwiseImm64/k=-0x1
    imm_test.go:380: ld.lld not available
--- PASS: TestObjBitwiseImm64 (0.00s)
    --- SKIP: TestObjBitwiseImm64/k=0xff (0.00s)
    --- SKIP: TestObjBitwiseImm64/k=0x7fffffff (0.00s)
    --- SKIP: TestObjBitwiseImm64/k=-0x80000000 (0.00s)
    --- SKIP: TestObjBitwiseImm64/k=0xffffffff (0.00s)
    --- SKIP: TestObjBitwiseImm64/k=-0x1 (0.00s)
=== RUN   TestObjMulImm64
=== RUN   TestObjMulImm64/k=0
    imm_test.go:396: ld.lld not available
=== RUN   TestObjMulImm64/k=1
    imm_test.go:396: ld.lld not available
=== RUN   TestObjMulImm64/k=-1
    imm_test.go:396: ld.lld not available
=== RUN   TestObjMulImm64/k=7
    imm_test.go:396: ld.lld not available
=== RUN   TestObjMulImm64/k=2147483647
    imm_test.go:396: ld.lld not available
=== RUN   TestObjMulImm64/k=-2147483648
    imm_test.go:396: ld.lld not available
=== RUN   TestObjMulImm64/k=2147483648
    imm_test.go:396: ld.lld not available
--- PASS: TestObjMulImm64 (0.00s)
    --- SKIP: TestObjMulImm64/k=0 (0.00s)
    --- SKIP: TestObjMulImm64/k=1 (0.00s)
    --- SKIP: TestObjMulImm64/k=-1 (0.00s)
    --- SKIP: TestObjMulImm64/k=7 (0.00s)
    --- SKIP: TestObjMulImm64/k=2147483647 (0.00s)
    --- SKIP: TestObjMulImm64/k=-2147483648 (0.00s)
    --- SKIP: TestObjMulImm64/k=2147483648 (0.00s)
=== RUN   TestObjALUImm32
=== RUN   TestObjALUImm32/k=0x1
    imm_test.go:419: ld.lld not available
=== RUN   TestObjALUImm32/k=0xffffffff
    imm_test.go:419: ld.lld not available
=== RUN   TestObjALUImm32/k=0x7fffffff
    imm_test.go:419: ld.lld not available
=== RUN   TestObjALUImm32/k=0x80000000
    imm_test.go:419: ld.lld not available
=== RUN   TestObjALUImm32/k=0x5a5a5a5a
    imm_test.go:419: ld.lld not available
--- PASS: TestObjALUImm32 (0.00s)
    --- SKIP: TestObjALUImm32/k=0x1 (0.00s)
    --- SKIP: TestObjALUImm32/k=0xffffffff (0.00s)
    --- SKIP: TestObjALUImm32/k=0x7fffffff (0.00s)
    --- SKIP: TestObjALUImm32/k=0x80000000 (0.00s)
    --- SKIP: TestObjALUImm32/k=0x5a5a5a5a (0.00s)
=== RUN   TestObjCmpImm
=== RUN   TestObjCmpImm/0/k=0x0
    imm_test.go:461: ld.lld not available
=== RUN   TestObjCmpImm/1/k=0x0
    imm_test.go:461: ld.lld not available
=== RUN   TestObjCmpImm/3/k=0x0
    imm_test.go:461: ld.lld not available
=== RUN   TestObjCmpImm/2/k=0x0
    imm_test.go:461: ld.lld not available
=== RUN   TestObjCmpImm/5/k=0x0
    imm_test.go:461: ld.lld not available
=== RUN   TestObjCmpImm/4/k=0x0
    imm_test.go:461: ld.lld not available
=== RUN   TestObjCmpImm/7/k=0x0
    imm_test.go:461: ld.lld not available
=== RUN   TestObjCmpImm/6/k=0x0
    imm_test.go:461: ld.lld not available
=== RUN   TestObjCmpImm/9/k=0x0
    imm_test.go:461: ld.lld not available
=== RUN   TestObjCmpImm/8/k=0x0
    imm_test.go:461: ld.lld not available
=== RUN   TestObjCmpImm/0/k=-0x1
    imm_test.go:461: ld.lld not available
=== RUN   TestObjCmpImm/1/k=-0x1
    imm_test.go:461: ld.lld not available
=== RUN   TestObjCmpImm/3/k=-0x1
    imm_test.go:461: ld.lld not available
=== RUN   TestObjCmpImm/2/k=-0x1
    imm_test.go:461: ld.lld not available
=== RUN   TestObjCmpImm/5/k=-0x1
    imm_test.go:461: ld.lld not available
=== RUN   TestObjCmpImm/4/k=-0x1
    imm_test.go:461: ld.lld not available
=== RUN   TestObjCmpImm/7/k=-0x1
    imm_test.go:461: ld.lld not available
=== RUN   TestObjCmpImm/6/k=-0x1
    imm_test.go:461: ld.lld not available
=== RUN   TestObjCmpImm/9/k=-0x1
    imm_test.go:461: ld.lld not available
=== RUN   TestObjCmpImm/8/k=-0x1
    imm_test.go:461: ld.lld not available
=== RUN   TestObjCmpImm/0/k=0x7fffffff
    imm_test.go:461: ld.lld not available
=== RUN   TestObjCmpImm/1/k=0x7fffffff
    imm_test.go:461: ld.lld not available
=== RUN   TestObjCmpImm/3/k=0x7fffffff
    imm_test.go:461: ld.lld not available
=== RUN   TestObjCmpImm/2/k=0x7fffffff
    imm_test.go:461: ld.lld not available
=== RUN   TestObjCmpImm/5/k=0x7fffffff
    imm_test.go:461: ld.lld not available
=== RUN   TestObjCmpImm/4/k=0x7fffffff
    imm_test.go:461: ld.lld not available
=== RUN   TestObjCmpImm/7/k=0x7fffffff
    imm_test.go:461: ld.lld not available
=== RUN   TestObjCmpImm/6/k=0x7fffffff
    imm_test.go:461: ld.lld not available
=== RUN   TestObjCmpImm/9/k=0x7fffffff
    imm_test.go:461: ld.lld not available
=== RUN   TestObjCmpImm/8/k=0x7fffffff
    imm_test.go:461: ld.lld not available
=== RUN   TestObjCmpImm/0/k=0x80000000
    imm_test.go:461: ld.lld not available
=== RUN   TestObjCmpImm/1/k=0x80000000
    imm_test.go:461: ld.lld not available
=== RUN   TestObjCmpImm/3/k=0x80000000
    imm_test.go:461: ld.lld not available
=== RUN   TestObjCmpImm/2/k=0x80000000
    imm_test.go:461: ld.lld not available
=== RUN   TestObjCmpImm/5/k=0x80000000
    imm_test.go:461: ld.lld not available
=== RUN   TestObjCmpImm/4/k=0x80000000
    imm_test.go:461: ld.lld not available
=== RUN   TestObjCmpImm/7/k=0x80000000
    imm_test.go:461: ld.lld not available
=== RUN   TestObjCmpImm/6/k=0x80000000
    imm_test.go:461: ld.lld not available
=== RUN   TestObjCmpImm/9/k=0x80000000
    imm_test.go:461: ld.lld not available
=== RUN   TestObjCmpImm/8/k=0x80000000
    imm_test.go:461: ld.lld not available
--- PASS: TestObjCmpImm (0.01s)
    --- SKIP: TestObjCmpImm/0/k=0x0 (0.00s)
    --- SKIP: TestObjCmpImm/1/k=0x0 (0.00s)
    --- SKIP: TestObjCmpImm/3/k=0x0 (0.00s)
    --- SKIP: TestObjCmpImm/2/k=0x0 (0.00s)
    --- SKIP: TestObjCmpImm/5/k=0x0 (0.00s)
    --- SKIP: TestObjCmpImm/4/k=0x0 (0.00s)
    --- SKIP: TestObjCmpImm/7/k=0x0 (0.00s)
    --- SKIP: TestObjCmpImm/6/k=0x0 (0.00s)
    --- SKIP: TestObjCmpImm/9/k=0x0 (0.00s)
    --- SKIP: TestObjCmpImm/8/k=0x0 (0.00s)
    --- SKIP: TestObjCmpImm/0/k=-0x1 (0.00s)
    --- SKIP: TestObjCmpImm/1/k=-0x1 (0.00s)
    --- SKIP: TestObjCmpImm/3/k=-0x1 (0.00s)
    --- SKIP: TestObjCmpImm/2/k=-0x1 (0.00s)
    --- SKIP: TestObjCmpImm/5/k=-0x1 (0.00s)
    --- SKIP: TestObjCmpImm/4/k=-0x1 (0.00s)
    --- SKIP: TestObjCmpImm/7/k=-0x1 (0.00s)
    --- SKIP: TestObjCmpImm/6/k=-0x1 (0.00s)
    --- SKIP: TestObjCmpImm/9/k=-0x1 (0.00s)
    --- SKIP: TestObjCmpImm/8/k=-0x1 (0.00s)
    --- SKIP: TestObjCmpImm/0/k=0x7fffffff (0.00s)
    --- SKIP: TestObjCmpImm/1/k=0x7fffffff (0.00s)
    --- SKIP: TestObjCmpImm/3/k=0x7fffffff (0.00s)
    --- SKIP: TestObjCmpImm/2/k=0x7fffffff (0.00s)
    --- SKIP: TestObjCmpImm/5/k=0x7fffffff (0.00s)
    --- SKIP: TestObjCmpImm/4/k=0x7fffffff (0.00s)
    --- SKIP: TestObjCmpImm/7/k=0x7fffffff (0.00s)
    --- SKIP: TestObjCmpImm/6/k=0x7fffffff (0.00s)
    --- SKIP: TestObjCmpImm/9/k=0x7fffffff (0.00s)
    --- SKIP: TestObjCmpImm/8/k=0x7fffffff (0.00s)
    --- SKIP: TestObjCmpImm/0/k=0x80000000 (0.00s)
    --- SKIP: TestObjCmpImm/1/k=0x80000000 (0.00s)
    --- SKIP: TestObjCmpImm/3/k=0x80000000 (0.00s)
    --- SKIP: TestObjCmpImm/2/k=0x80000000 (0.00s)
    --- SKIP: TestObjCmpImm/5/k=0x80000000 (0.00s)
    --- SKIP: TestObjCmpImm/4/k=0x80000000 (0.00s)
    --- SKIP: TestObjCmpImm/7/k=0x80000000 (0.00s)
    --- SKIP: TestObjCmpImm/6/k=0x80000000 (0.00s)
    --- SKIP: TestObjCmpImm/9/k=0x80000000 (0.00s)
    --- SKIP: TestObjCmpImm/8/k=0x80000000 (0.00s)
=== RUN   TestObjFusedCmpImmBranch
    imm_test.go:497: ld.lld not available
--- SKIP: TestObjFusedCmpImmBranch (0.00s)
=== RUN   TestObjSelectInt
=== RUN   TestObjSelectInt/w
    imm_test.go:541: ld.lld not available
=== RUN   TestObjSelectInt/l
    imm_test.go:541: ld.lld not available
--- PASS: TestObjSelectInt (0.00s)
    --- SKIP: TestObjSelectInt/w (0.00s)
    --- SKIP: TestObjSelectInt/l (0.00s)
=== RUN   TestObjSelectFloat
    imm_test.go:575: ld.lld not available
--- SKIP: TestObjSelectFloat (0.00s)
=== RUN   TestObjSelectUnderRegisterPressure
    imm_test.go:611: ld.lld not available
--- SKIP: TestObjSelectUnderRegisterPressure (0.00s)
=== RUN   TestObjImmUnderRegisterPressure
    imm_test.go:643: ld.lld not available
--- SKIP: TestObjImmUnderRegisterPressure (0.00s)
=== RUN   TestObjImmFromC
    imm_test.go:668: ld.lld not available
--- SKIP: TestObjImmFromC (0.04s)
=== RUN   TestInt128
    int128_test.go:65: ld.lld not available
--- SKIP: TestInt128 (0.00s)
=== RUN   TestJumpTableAmd64
    jumptable_test.go:33: ld.lld not available
--- SKIP: TestJumpTableAmd64 (0.00s)
=== RUN   TestComputedGotoAmd64
    jumptable_test.go:60: ld.lld not available
--- SKIP: TestComputedGotoAmd64 (0.00s)
=== RUN   TestThreadedInterpLoopAmd64
    jumptable_test.go:85: ld.lld not available
--- SKIP: TestThreadedInterpLoopAmd64 (0.00s)
=== RUN   TestStaticLabelTableAmd64
    jumptable_test.go:108: ld.lld not available
--- SKIP: TestStaticLabelTableAmd64 (0.00s)
=== RUN   TestObjAggIntPairArg
    mc_agg_test.go:40: ld.lld not available
--- SKIP: TestObjAggIntPairArg (0.00s)
=== RUN   TestObjAggFourIntArg
    mc_agg_test.go:66: ld.lld not available
--- SKIP: TestObjAggFourIntArg (0.00s)
=== RUN   TestObjAggDoublePairArg
    mc_agg_test.go:89: ld.lld not available
--- SKIP: TestObjAggDoublePairArg (0.00s)
=== RUN   TestObjAggMixedArg
    mc_agg_test.go:112: ld.lld not available
--- SKIP: TestObjAggMixedArg (0.00s)
=== RUN   TestObjAggReturn
    mc_agg_test.go:138: ld.lld not available
--- SKIP: TestObjAggReturn (0.00s)
=== RUN   TestObjAggMemoryArgReturn
    mc_agg_test.go:178: ld.lld not available
--- SKIP: TestObjAggMemoryArgReturn (0.00s)
=== RUN   TestObjDwarf
--- PASS: TestObjDwarf (0.00s)
=== RUN   TestObjDwarfParamLocations
--- PASS: TestObjDwarfParamLocations (0.00s)
=== RUN   TestObjDwarfInlined
--- PASS: TestObjDwarfInlined (0.00s)
=== RUN   TestObjStackMapRootAcrossCall
--- PASS: TestObjStackMapRootAcrossCall (0.00s)
=== RUN   TestObjStackMapExplicitSafepoint
--- PASS: TestObjStackMapExplicitSafepoint (0.00s)
=== RUN   TestObjGCPollFlagClear
    mc_gcstrategy_test.go:52: ld.lld not available
--- SKIP: TestObjGCPollFlagClear (0.00s)
=== RUN   TestObjGCPollFlagSet
    mc_gcstrategy_test.go:57: ld.lld not available
--- SKIP: TestObjGCPollFlagSet (0.00s)
=== RUN   TestObjStackGrowthFastPath
    mc_gcstrategy_test.go:83: ld.lld not available
--- SKIP: TestObjStackGrowthFastPath (0.00s)
=== RUN   TestObjRegVarReadSP
    mc_regvar_test.go:22: ld.lld not available
--- SKIP: TestObjRegVarReadSP (0.00s)
=== RUN   TestObjRegVarWriteSP
    mc_regvar_test.go:39: ld.lld not available
--- SKIP: TestObjRegVarWriteSP (0.00s)
=== RUN   TestObjTailCallDeep
    mc_tailcall_test.go:27: ld.lld not available
--- SKIP: TestObjTailCallDeep (0.00s)
=== RUN   TestObjTailCallMutual
    mc_tailcall_test.go:51: ld.lld not available
--- SKIP: TestObjTailCallMutual (0.00s)
=== RUN   TestObjTailCallIndirect
    mc_tailcall_test.go:73: ld.lld not available
--- SKIP: TestObjTailCallIndirect (0.00s)
=== RUN   TestTailCallStackArgsError
--- PASS: TestTailCallStackArgsError (0.00s)
=== RUN   TestObjArith
    mc_test.go:55: ld.lld not available
--- SKIP: TestObjArith (0.00s)
=== RUN   TestObjBitwise
    mc_test.go:65: ld.lld not available
--- SKIP: TestObjBitwise (0.00s)
=== RUN   TestObjShiftsDivRem
    mc_test.go:80: ld.lld not available
--- SKIP: TestObjShiftsDivRem (0.00s)
=== RUN   TestObjLoopSum
    mc_test.go:100: ld.lld not available
--- SKIP: TestObjLoopSum (0.00s)
=== RUN   TestObjCall
    mc_test.go:118: ld.lld not available
--- SKIP: TestObjCall (0.00s)
=== RUN   TestObjFibRecursive
    mc_test.go:137: ld.lld not available
--- SKIP: TestObjFibRecursive (0.00s)
=== RUN   TestObjMemory
    mc_test.go:152: ld.lld not available
--- SKIP: TestObjMemory (0.00s)
=== RUN   TestObjSubwordExtend
    mc_test.go:164: ld.lld not available
--- SKIP: TestObjSubwordExtend (0.00s)
=== RUN   TestObjFloat
    mc_test.go:174: ld.lld not available
--- SKIP: TestObjFloat (0.00s)
=== RUN   TestObjFloatConvertRoundtrip
    mc_test.go:186: ld.lld not available
--- SKIP: TestObjFloatConvertRoundtrip (0.00s)
=== RUN   TestObjFloatArgsAndCompare
    mc_test.go:203: ld.lld not available
--- SKIP: TestObjFloatArgsAndCompare (0.00s)
=== RUN   TestObjIntCompareSweep
    mc_test.go:225: ld.lld not available
--- SKIP: TestObjIntCompareSweep (0.00s)
=== RUN   TestObjNegation
    mc_test.go:236: ld.lld not available
--- SKIP: TestObjNegation (0.00s)
=== RUN   TestObjSinglePrecision
    mc_test.go:245: ld.lld not available
--- SKIP: TestObjSinglePrecision (0.00s)
=== RUN   TestObjDataReference
    mc_test.go:260: ld.lld not available
--- SKIP: TestObjDataReference (0.00s)
=== RUN   TestObjIndirectCall
    mc_test.go:279: ld.lld not available
--- SKIP: TestObjIndirectCall (0.00s)
=== RUN   TestObjStackArgs
    mc_test.go:303: ld.lld not available
--- SKIP: TestObjStackArgs (0.00s)
=== RUN   TestObjTLSLocalExec
--- PASS: TestObjTLSLocalExec (0.00s)
=== RUN   TestObjVariadicIntSum
    mc_va_test.go:27: ld.lld not available
--- SKIP: TestObjVariadicIntSum (0.00s)
=== RUN   TestObjVariadicMixed
    mc_va_test.go:49: ld.lld not available
--- SKIP: TestObjVariadicMixed (0.00s)
=== RUN   TestObjVariadicOverflow
    mc_va_test.go:75: ld.lld not available
--- SKIP: TestObjVariadicOverflow (0.00s)
=== RUN   TestPackedStructByValueAmd64
    packed_test.go:34: ld.lld not available
--- SKIP: TestPackedStructByValueAmd64 (0.00s)
=== RUN   TestOddSizeAggByValueAmd64
    packed_test.go:54: ld.lld not available
--- SKIP: TestOddSizeAggByValueAmd64 (0.00s)
=== RUN   TestSwitchDispatch
    switch_test.go:69: ld.lld not available
--- SKIP: TestSwitchDispatch (0.00s)
=== RUN   TestPlainCharIsSignedOnThisTarget
    target_test.go:29: ld.lld not available
--- SKIP: TestPlainCharIsSignedOnThisTarget (0.04s)
=== RUN   TestUnknownTargetIsRefused
--- PASS: TestUnknownTargetIsRefused (0.02s)
=== RUN   TestTLSLocalExecUnchanged
--- PASS: TestTLSLocalExecUnchanged (0.00s)
=== RUN   TestTLSLocalExecFoldsSymbolOffset
--- PASS: TestTLSLocalExecFoldsSymbolOffset (0.00s)
=== RUN   TestTLSInitialExecSequence
--- PASS: TestTLSInitialExecSequence (0.00s)
=== RUN   TestTLSInitialExecSymbolOffsetIsASeparateAdd
--- PASS: TestTLSInitialExecSymbolOffsetIsASeparateAdd (0.00s)
=== RUN   TestTLSGeneralDynamicIsARefusal
--- PASS: TestTLSGeneralDynamicIsARefusal (0.00s)
=== RUN   TestTLSModelNames
--- PASS: TestTLSModelNames (0.00s)
=== RUN   TestTLSLocalExecRunsNatively
    tls_models_test.go:311: a libc-linked x86-64 image needs an x86-64 host: an emulator would also need a target sysroot
--- SKIP: TestTLSLocalExecRunsNatively (0.00s)
=== RUN   TestTLSInitialExecRunsNatively
    tls_models_test.go:315: a libc-linked x86-64 image needs an x86-64 host: an emulator would also need a target sysroot
--- SKIP: TestTLSInitialExecRunsNatively (0.00s)
=== RUN   TestTLSLocalExecIsPerThread
    tls_models_test.go:322: a libc-linked x86-64 image needs an x86-64 host: an emulator would also need a target sysroot
--- SKIP: TestTLSLocalExecIsPerThread (0.00s)
=== RUN   TestTLSInitialExecIsPerThread
    tls_models_test.go:326: a libc-linked x86-64 image needs an x86-64 host: an emulator would also need a target sysroot
--- SKIP: TestTLSInitialExecIsPerThread (0.00s)
=== RUN   TestTLSInitialExecInSharedLibrary
    tls_models_test.go:348: a libc-linked x86-64 image needs an x86-64 host: an emulator would also need a target sysroot
--- SKIP: TestTLSInitialExecInSharedLibrary (0.00s)
=== RUN   TestVLA
    vla_test.go:29: ld.lld not available
--- SKIP: TestVLA (0.00s)
=== RUN   TestVLANoLeak
    vla_test.go:43: ld.lld not available
--- SKIP: TestVLANoLeak (0.00s)
=== RUN   TestWideLoadStoreEncoding
    wide_test.go:140: llvm-mc not available
--- SKIP: TestWideLoadStoreEncoding (0.00s)
=== RUN   TestWideDisplacementFoldsIntoTheAccess
    wide_test.go:154: llvm-mc not available
--- SKIP: TestWideDisplacementFoldsIntoTheAccess (0.00s)
=== RUN   TestWideIndexedAddressFoldsIntoTheAccess
    wide_test.go:188: llvm-mc not available
--- SKIP: TestWideIndexedAddressFoldsIntoTheAccess (0.00s)
=== RUN   TestWideIndexScaleBeyondEightKeepsTheShift
    wide_test.go:207: llvm-mc not available
--- SKIP: TestWideIndexScaleBeyondEightKeepsTheShift (0.00s)
=== RUN   TestWideSymbolAddressIsRIPRelative
    wide_test.go:232: llvm-mc not available
--- SKIP: TestWideSymbolAddressIsRIPRelative (0.00s)
=== RUN   TestWidePhiCopyIsAWholeVectorMove
    wide_test.go:270: llvm-mc not available
--- SKIP: TestWidePhiCopyIsAWholeVectorMove (0.00s)
=== RUN   TestWideValueAcrossACallIsRefused
--- PASS: TestWideValueAcrossACallIsRefused (0.00s)
=== RUN   TestObjWideRoundTrip
    wide_test.go:351: ld.lld not available
--- SKIP: TestObjWideRoundTrip (0.00s)
=== RUN   TestObjWideUnalignedAccess
    wide_test.go:366: ld.lld not available
--- SKIP: TestObjWideUnalignedAccess (0.00s)
=== RUN   TestObjWideDisplacedAccess
    wide_test.go:381: ld.lld not available
--- SKIP: TestObjWideDisplacedAccess (0.00s)
=== RUN   TestObjWideIndexedAccess
    wide_test.go:404: ld.lld not available
--- SKIP: TestObjWideIndexedAccess (0.00s)
=== RUN   TestObjWideGlobalAccess
    wide_test.go:417: ld.lld not available
--- SKIP: TestObjWideGlobalAccess (0.00s)
=== RUN   TestObjWideByteArrayMove
    wide_test.go:443: ld.lld not available
--- SKIP: TestObjWideByteArrayMove (0.00s)
=== RUN   TestObjWideComplex128Move
    wide_test.go:463: ld.lld not available
--- SKIP: TestObjWideComplex128Move (0.00s)
=== RUN   TestObjWidePhiRoundTrip
    wide_test.go:505: ld.lld not available
--- SKIP: TestObjWidePhiRoundTrip (0.00s)
=== RUN   TestObjWideManyValues
    wide_test.go:537: ld.lld not available
--- SKIP: TestObjWideManyValues (0.00s)
PASS
ok  	github.com/evanphx/cg12/amd64	0.682s
=== RUN   TestProgramBranchFixups
    asm_test.go:25: llvm-mc not available
--- SKIP: TestProgramBranchFixups (0.00s)
=== RUN   TestProgramUndefinedLabel
--- PASS: TestProgramUndefinedLabel (0.00s)
=== RUN   TestAtomicCmpxchg
    atomic_test.go:49: llvm-mc not available
--- SKIP: TestAtomicCmpxchg (0.00s)
=== RUN   TestAtomicXadd
    atomic_test.go:64: llvm-mc not available
--- SKIP: TestAtomicXadd (0.00s)
=== RUN   TestAtomicXchg
    atomic_test.go:75: llvm-mc not available
--- SKIP: TestAtomicXchg (0.00s)
=== RUN   TestAtomicLockedALU
    atomic_test.go:88: llvm-mc not available
--- SKIP: TestAtomicLockedALU (0.00s)
=== RUN   TestAtomicFence
    atomic_test.go:104: llvm-mc not available
--- SKIP: TestAtomicFence (0.00s)
=== RUN   TestBitScan
    bits_test.go:11: llvm-mc not available
--- SKIP: TestBitScan (0.00s)
=== RUN   TestWideMultiply
    bits_test.go:19: llvm-mc not available
--- SKIP: TestWideMultiply (0.00s)
=== RUN   TestMisSizedOperandsAreRejected
--- PASS: TestMisSizedOperandsAreRejected (0.00s)
=== RUN   TestWellSizedOperandsStillAssemble
--- PASS: TestWellSizedOperandsStillAssemble (0.00s)
=== RUN   TestSemicolonSeparatesStatements
--- PASS: TestSemicolonSeparatesStatements (0.00s)
=== RUN   TestMovdquLoadStore
    sse2_test.go:13: llvm-mc not available
--- SKIP: TestMovdquLoadStore (0.00s)
=== RUN   TestMovdquAddressingForms
    sse2_test.go:30: llvm-mc not available
--- SKIP: TestMovdquAddressingForms (0.00s)
=== RUN   TestMovdqaReg
    sse2_test.go:47: llvm-mc not available
--- SKIP: TestMovdqaReg (0.00s)
=== RUN   TestAssembleEncodings
=== RUN   TestAssembleEncodings/addq_%rsi,_%rax
=== RUN   TestAssembleEncodings/subl_%ecx,_%edx
=== RUN   TestAssembleEncodings/andq_%r8,_%r9
=== RUN   TestAssembleEncodings/xorl_%eax,_%eax
=== RUN   TestAssembleEncodings/addq_$5,_%rax
=== RUN   TestAssembleEncodings/cmpl_$7,_%edi
=== RUN   TestAssembleEncodings/imulq_%rbx,_%rcx
=== RUN   TestAssembleEncodings/negq_%rax
=== RUN   TestAssembleEncodings/notl_%edx
=== RUN   TestAssembleEncodings/shlq_$3,_%rax
=== RUN   TestAssembleEncodings/sarl_%cl,_%edx
=== RUN   TestAssembleEncodings/movq_%rsi,_%rax
=== RUN   TestAssembleEncodings/movq_$42,_%rax
=== RUN   TestAssembleEncodings/movl_$7,_%ecx
=== RUN   TestAssembleEncodings/movq_(%rbp),_%rax
=== RUN   TestAssembleEncodings/movl_-8(%rbp),_%eax
=== RUN   TestAssembleEncodings/movq_%rax,_16(%rsp)
=== RUN   TestAssembleEncodings/leaq_8(%rdi),_%rax
=== RUN   TestAssembleEncodings/ret
=== RUN   TestAssembleEncodings/nop
--- PASS: TestAssembleEncodings (0.00s)
    --- PASS: TestAssembleEncodings/addq_%rsi,_%rax (0.00s)
    --- PASS: TestAssembleEncodings/subl_%ecx,_%edx (0.00s)
    --- PASS: TestAssembleEncodings/andq_%r8,_%r9 (0.00s)
    --- PASS: TestAssembleEncodings/xorl_%eax,_%eax (0.00s)
    --- PASS: TestAssembleEncodings/addq_$5,_%rax (0.00s)
    --- PASS: TestAssembleEncodings/cmpl_$7,_%edi (0.00s)
    --- PASS: TestAssembleEncodings/imulq_%rbx,_%rcx (0.00s)
    --- PASS: TestAssembleEncodings/negq_%rax (0.00s)
    --- PASS: TestAssembleEncodings/notl_%edx (0.00s)
    --- PASS: TestAssembleEncodings/shlq_$3,_%rax (0.00s)
    --- PASS: TestAssembleEncodings/sarl_%cl,_%edx (0.00s)
    --- PASS: TestAssembleEncodings/movq_%rsi,_%rax (0.00s)
    --- PASS: TestAssembleEncodings/movq_$42,_%rax (0.00s)
    --- PASS: TestAssembleEncodings/movl_$7,_%ecx (0.00s)
    --- PASS: TestAssembleEncodings/movq_(%rbp),_%rax (0.00s)
    --- PASS: TestAssembleEncodings/movl_-8(%rbp),_%eax (0.00s)
    --- PASS: TestAssembleEncodings/movq_%rax,_16(%rsp) (0.00s)
    --- PASS: TestAssembleEncodings/leaq_8(%rdi),_%rax (0.00s)
    --- PASS: TestAssembleEncodings/ret (0.00s)
    --- PASS: TestAssembleEncodings/nop (0.00s)
=== RUN   TestAssembleBranches
--- PASS: TestAssembleBranches (0.00s)
=== RUN   TestAssembleErrors
--- PASS: TestAssembleErrors (0.00s)
=== RUN   TestLinkExternalCall
--- PASS: TestLinkExternalCall (0.00s)
=== RUN   TestAddGotTPOff
    tls_test.go:10: llvm-mc not available
--- SKIP: TestAddGotTPOff (0.00s)
=== RUN   TestAddGotTPOffLayout
--- PASS: TestAddGotTPOffLayout (0.00s)
=== RUN   TestWidenedParsingMatchesReference
    widen_test.go:34: llvm-mc not available
--- SKIP: TestWidenedParsingMatchesReference (0.00s)
=== RUN   TestWidenedFormsRejectBadOperands
--- PASS: TestWidenedFormsRejectBadOperands (0.00s)
=== RUN   TestSSEParsingMatchesReference
    widen_test.go:93: llvm-mc not available
--- SKIP: TestSSEParsingMatchesReference (0.00s)
=== RUN   TestSSEWrongRegisterFileIsRejected
--- PASS: TestSSEWrongRegisterFileIsRejected (0.00s)
=== RUN   TestMovReg
    x64_test.go:56: llvm-mc not available
--- SKIP: TestMovReg (0.00s)
=== RUN   TestMovImm
    x64_test.go:65: llvm-mc not available
--- SKIP: TestMovImm (0.00s)
=== RUN   TestLoadStore
    x64_test.go:74: llvm-mc not available
--- SKIP: TestLoadStore (0.00s)
=== RUN   TestAluMem
    x64_test.go:89: llvm-mc not available
--- SKIP: TestAluMem (0.00s)
=== RUN   TestLoadStoreRIP
    x64_test.go:102: llvm-mc not available
--- SKIP: TestLoadStoreRIP (0.00s)
=== RUN   TestAlu
    x64_test.go:107: llvm-mc not available
--- SKIP: TestAlu (0.00s)
=== RUN   TestAluImm
    x64_test.go:117: llvm-mc not available
--- SKIP: TestAluImm (0.00s)
=== RUN   TestMulDiv
    x64_test.go:129: llvm-mc not available
--- SKIP: TestMulDiv (0.00s)
=== RUN   TestShift
    x64_test.go:141: llvm-mc not available
--- SKIP: TestShift (0.00s)
=== RUN   TestExtend
    x64_test.go:150: llvm-mc not available
--- SKIP: TestExtend (0.00s)
=== RUN   TestExtendLoad
    x64_test.go:161: llvm-mc not available
--- SKIP: TestExtendLoad (0.00s)
=== RUN   TestLea
    x64_test.go:169: llvm-mc not available
--- SKIP: TestLea (0.00s)
=== RUN   TestStoreImm
    x64_test.go:175: llvm-mc not available
--- SKIP: TestStoreImm (0.00s)
=== RUN   TestBranch
    x64_test.go:182: llvm-mc not available
--- SKIP: TestBranch (0.00s)
=== RUN   TestSetccCmov
    x64_test.go:199: llvm-mc not available
--- SKIP: TestSetccCmov (0.00s)
=== RUN   TestFPArith
    x64_test.go:207: llvm-mc not available
--- SKIP: TestFPArith (0.00s)
=== RUN   TestFPMove
    x64_test.go:216: llvm-mc not available
--- SKIP: TestFPMove (0.00s)
=== RUN   TestFPCompareBitwise
    x64_test.go:224: llvm-mc not available
--- SKIP: TestFPCompareBitwise (0.00s)
=== RUN   TestFPConvert
    x64_test.go:231: llvm-mc not available
--- SKIP: TestFPConvert (0.00s)
=== RUN   TestTLSEncodings
    x64_test.go:242: llvm-mc not available
--- SKIP: TestTLSEncodings (0.00s)
=== RUN   TestGPRXMM
    x64_test.go:249: llvm-mc not available
--- SKIP: TestGPRXMM (0.00s)
PASS
ok  	github.com/evanphx/cg12/amd64/x64	0.025s
=== RUN   TestTempSetBasics
--- PASS: TestTempSetBasics (0.00s)
=== RUN   TestTempSetAddRef
--- PASS: TestTempSetAddRef (0.00s)
=== RUN   TestTempSetUnion
--- PASS: TestTempSetUnion (0.00s)
=== RUN   TestTempSetCopyAndEqual
--- PASS: TestTempSetCopyAndEqual (0.00s)
=== RUN   TestFillPredsAndRPO
--- PASS: TestFillPredsAndRPO (0.00s)
=== RUN   TestPredsDedupOnDoubleEdge
--- PASS: TestPredsDedupOnDoubleEdge (0.00s)
=== RUN   TestUnreachableBlock
--- PASS: TestUnreachableBlock (0.00s)
=== RUN   TestSyntheticSuccessorParticipatesInControlFlow
--- PASS: TestSyntheticSuccessorParticipatesInControlFlow (0.00s)
=== RUN   TestRPORebuildsPredsIdempotent
--- PASS: TestRPORebuildsPredsIdempotent (0.00s)
=== RUN   TestEmptyFunctionCFG
--- PASS: TestEmptyFunctionCFG (0.00s)
=== RUN   TestDominanceFrontierDiamond
--- PASS: TestDominanceFrontierDiamond (0.00s)
=== RUN   TestDominanceFrontierLoop
--- PASS: TestDominanceFrontierLoop (0.00s)
=== RUN   TestIteratedFrontier
--- PASS: TestIteratedFrontier (0.00s)
=== RUN   TestDominatorsDiamond
--- PASS: TestDominatorsDiamond (0.00s)
=== RUN   TestDominatorsLoop
--- PASS: TestDominatorsLoop (0.00s)
=== RUN   TestDominatorsSingleBlock
--- PASS: TestDominatorsSingleBlock (0.00s)
=== RUN   TestFrequencyDiamond
--- PASS: TestFrequencyDiamond (0.00s)
=== RUN   TestFrequencyExpect
--- PASS: TestFrequencyExpect (0.00s)
=== RUN   TestFrequencySumLoop
--- PASS: TestFrequencySumLoop (0.00s)
=== RUN   TestFrequencyNestedLoop
--- PASS: TestFrequencyNestedLoop (0.00s)
=== RUN   TestFrequencyDispatchSwitch
--- PASS: TestFrequencyDispatchSwitch (0.00s)
=== RUN   TestFrequencyBranchToHalt
--- PASS: TestFrequencyBranchToHalt (0.00s)
=== RUN   TestFrequencyDoubleEdge
--- PASS: TestFrequencyDoubleEdge (0.00s)
=== RUN   TestFrequencyEdgeProbsSumToOne
--- PASS: TestFrequencyEdgeProbsSumToOne (0.00s)
=== RUN   TestFrequencyIrreducibleTerminates
--- PASS: TestFrequencyIrreducibleTerminates (0.00s)
=== RUN   TestFrequencyUnreachableIsZero
--- PASS: TestFrequencyUnreachableIsZero (0.00s)
=== RUN   TestLivenessSumLoop
--- PASS: TestLivenessSumLoop (0.00s)
=== RUN   TestLivenessMultiRegisterCallAndReturn
--- PASS: TestLivenessMultiRegisterCallAndReturn (0.00s)
=== RUN   TestLivenessStraightLine
--- PASS: TestLivenessStraightLine (0.00s)
=== RUN   TestLoopDepthSimple
--- PASS: TestLoopDepthSimple (0.00s)
=== RUN   TestLoopDepthNoLoops
--- PASS: TestLoopDepthNoLoops (0.00s)
=== RUN   TestLoopDepthNested
--- PASS: TestLoopDepthNested (0.00s)
=== RUN   TestVerifyDominanceValid
--- PASS: TestVerifyDominanceValid (0.00s)
=== RUN   TestVerifyDominanceCatchesUndominatedUse
--- PASS: TestVerifyDominanceCatchesUndominatedUse (0.00s)
=== RUN   TestVerifyDominanceSameBlockOrder
--- PASS: TestVerifyDominanceSameBlockOrder (0.00s)
=== RUN   TestVerifyDominanceAllocaNonDominating
--- PASS: TestVerifyDominanceAllocaNonDominating (0.00s)
=== RUN   TestVerifyDominanceUnreachableUseIgnored
--- PASS: TestVerifyDominanceUnreachableUseIgnored (0.00s)
PASS
ok  	github.com/evanphx/cg12/analysis	0.024s
?   	github.com/evanphx/cg12/analysis/batchdiff	[no test files]
?   	github.com/evanphx/cg12/analysis/determinism	[no test files]
?   	github.com/evanphx/cg12/analysis/sepcompile	[no test files]
?   	github.com/evanphx/cg12/analysis/seplink	[no test files]
?   	github.com/evanphx/cg12/analysis/splitdiff	[no test files]
?   	github.com/evanphx/cg12/analysis/typeoff	[no test files]
=== RUN   TestCompileAggregateParamGP
--- PASS: TestCompileAggregateParamGP (0.00s)
=== RUN   TestCompileAggregateParamHFA
--- PASS: TestCompileAggregateParamHFA (0.00s)
=== RUN   TestCompileAggregateArg
--- PASS: TestCompileAggregateArg (0.00s)
=== RUN   TestCompileAggregateArgHFA
--- PASS: TestCompileAggregateArgHFA (0.00s)
=== RUN   TestCompileAggregateArgMemoryOnStack
--- PASS: TestCompileAggregateArgMemoryOnStack (0.00s)
=== RUN   TestCompileAggregateArgOnStack
--- PASS: TestCompileAggregateArgOnStack (0.00s)
=== RUN   TestCompileAggregateByReference
--- PASS: TestCompileAggregateByReference (0.00s)
=== RUN   TestCompileStackedAggregateParam
--- PASS: TestCompileStackedAggregateParam (0.00s)
=== RUN   TestCompileAggregateReturnGP
--- PASS: TestCompileAggregateReturnGP (0.00s)
=== RUN   TestCompileAggregateReturnHFA
--- PASS: TestCompileAggregateReturnHFA (0.00s)
=== RUN   TestCompileAggregateReturnMemory
--- PASS: TestCompileAggregateReturnMemory (0.00s)
=== RUN   TestCompileAggregateResultMemory
--- PASS: TestCompileAggregateResultMemory (0.00s)
=== RUN   TestHFAClassificationRejects
--- PASS: TestHFAClassificationRejects (0.00s)
=== RUN   TestStoreLoadOpFor
--- PASS: TestStoreLoadOpFor (0.00s)
=== RUN   TestExpandAsmQModifier
--- PASS: TestExpandAsmQModifier (0.00s)
=== RUN   TestPrepareAssemblyCollectsCodeReferencesAndFunctions
--- PASS: TestPrepareAssemblyCollectsCodeReferencesAndFunctions (0.00s)
=== RUN   TestPrepareAssemblyCarriesNoLocalPointersMetadata
--- PASS: TestPrepareAssemblyCarriesNoLocalPointersMetadata (0.00s)
=== RUN   TestAssemblyGlobalReplacesIRDataDefinition
--- PASS: TestAssemblyGlobalReplacesIRDataDefinition (0.00s)
=== RUN   TestPrepareAssemblyMarksAsyncPreemptForRuntimeStackScanning
--- PASS: TestPrepareAssemblyMarksAsyncPreemptForRuntimeStackScanning (0.00s)
=== RUN   TestPrepareAssemblyMarksMorestackForRuntimeUnwinder
--- PASS: TestPrepareAssemblyMarksMorestackForRuntimeUnwinder (0.00s)
=== RUN   TestPrepareAssemblyBuildsGoABI0EntryWrapper
--- PASS: TestPrepareAssemblyBuildsGoABI0EntryWrapper (0.00s)
=== RUN   TestUnmarkedCallResolvesCalleeConventionNotCallerConvention
--- PASS: TestUnmarkedCallResolvesCalleeConventionNotCallerConvention (0.00s)
=== RUN   TestExplicitCallConventionOverridesCalleeLookup
--- PASS: TestExplicitCallConventionOverridesCalleeLookup (0.00s)
=== RUN   TestUnmarkedCallToDefinedGoInternalCalleeResolvesGoInternal
--- PASS: TestUnmarkedCallToDefinedGoInternalCalleeResolvesGoInternal (0.00s)
=== RUN   TestUnmarkedCallToUndefinedSymbolResolvesPlatform
--- PASS: TestUnmarkedCallToUndefinedSymbolResolvesPlatform (0.00s)
=== RUN   TestStackedArgumentPackingFollowsCalleeConvention
--- PASS: TestStackedArgumentPackingFollowsCalleeConvention (0.00s)
=== RUN   TestEmitterResolvesCallConventionAsLoweringDid
--- PASS: TestEmitterResolvesCallConventionAsLoweringDid (0.00s)
=== RUN   TestCalleeConventionsForCall
--- PASS: TestCalleeConventionsForCall (0.00s)
=== RUN   TestCompareBranchFusion
--- PASS: TestCompareBranchFusion (0.00s)
=== RUN   TestFallThroughElision
--- PASS: TestFallThroughElision (0.00s)
=== RUN   TestSymbolAddressFoldsIntoAccess
--- PASS: TestSymbolAddressFoldsIntoAccess (0.00s)
=== RUN   TestUnderAlignedSymbolDoesNotFold
--- PASS: TestUnderAlignedSymbolDoesNotFold (0.00s)
=== RUN   TestCompareSelectFusion
--- PASS: TestCompareSelectFusion (0.00s)
=== RUN   TestMaskSelectFusion
--- PASS: TestMaskSelectFusion (0.00s)
=== RUN   TestSelectZeroArmUsesZeroReg
--- PASS: TestSelectZeroArmUsesZeroReg (0.00s)
=== RUN   TestCompareSelectNoFusionWhenReused
--- PASS: TestCompareSelectNoFusionWhenReused (0.00s)
=== RUN   TestConjoinedAndFuses
--- PASS: TestConjoinedAndFuses (0.00s)
=== RUN   TestConjoinedNoFusionWhenReused
--- PASS: TestConjoinedNoFusionWhenReused (0.00s)
=== RUN   TestCompareBranchNoFusionWhenReused
--- PASS: TestCompareBranchNoFusionWhenReused (0.00s)
=== RUN   TestGoRuntimeModuledataReferencesModuleInitTasks
--- PASS: TestGoRuntimeModuledataReferencesModuleInitTasks (0.00s)
=== RUN   TestGoRuntimeModuledataReferencesInterfaceTables
--- PASS: TestGoRuntimeModuledataReferencesInterfaceTables (0.00s)
=== RUN   TestGoRuntimeMetadataIncludesTranslatedAssemblyFunctions
--- PASS: TestGoRuntimeMetadataIncludesTranslatedAssemblyFunctions (0.01s)
=== RUN   TestGoAAPCSFramePCDataMarksManagedFrameBody
--- PASS: TestGoAAPCSFramePCDataMarksManagedFrameBody (0.00s)
=== RUN   TestGoAAPCSFramePCDataLeavesAssemblyUnmarked
--- PASS: TestGoAAPCSFramePCDataLeavesAssemblyUnmarked (0.00s)
=== RUN   TestGoAAPCSFrameSlotDistinguishesManagedFrames
--- PASS: TestGoAAPCSFrameSlotDistinguishesManagedFrames (0.00s)
=== RUN   TestGoRuntimeModuledataDescribesScannedGlobals
--- PASS: TestGoRuntimeModuledataDescribesScannedGlobals (0.00s)
=== RUN   TestGoModuleDataNameMustBeDeclared
--- PASS: TestGoModuleDataNameMustBeDeclared (0.00s)
=== RUN   TestSecondGoModuleBoundsItselfWithoutASidecar
--- PASS: TestSecondGoModuleBoundsItselfWithoutASidecar (0.00s)
=== RUN   TestGoModuleTypeLinksAreEmittedForMarkedDescriptors
--- PASS: TestGoModuleTypeLinksAreEmittedForMarkedDescriptors (0.00s)
=== RUN   TestCompileKeepsDeferReturnSecondaryEntry
--- PASS: TestCompileKeepsDeferReturnSecondaryEntry (0.00s)
=== RUN   TestCompileRejectsMissingDeferReturnContinuation
--- PASS: TestCompileRejectsMissingDeferReturnContinuation (0.00s)
=== RUN   TestLowerSemanticAssemblyBindsFrameSlotsToIRValues
--- PASS: TestLowerSemanticAssemblyBindsFrameSlotsToIRValues (0.00s)
=== RUN   TestPrepareAssemblyDoesNotEmitMigratedAtomicSidecars
--- PASS: TestPrepareAssemblyDoesNotEmitMigratedAtomicSidecars (0.00s)
=== RUN   TestLowerSemanticDataPreservesLayoutAndRelocations
--- PASS: TestLowerSemanticDataPreservesLayoutAndRelocations (0.00s)
=== RUN   TestLowerSemanticAssemblyWritesAdditionalResultsThroughPointers
--- PASS: TestLowerSemanticAssemblyWritesAdditionalResultsThroughPointers (0.00s)
=== RUN   TestRegNames
--- PASS: TestRegNames (0.00s)
=== RUN   TestRegisterPools
--- PASS: TestRegisterPools (0.00s)
=== RUN   TestCondCode
--- PASS: TestCondCode (0.00s)
=== RUN   TestLoadStoreSize
--- PASS: TestLoadStoreSize (0.00s)
=== RUN   TestRoundUpAndSanitize
--- PASS: TestRoundUpAndSanitize (0.00s)
=== RUN   TestLocHelpers
--- PASS: TestLocHelpers (0.00s)
=== RUN   TestAllocShape
--- PASS: TestAllocShape (0.00s)
=== RUN   TestClassifyAgg
--- PASS: TestClassifyAgg (0.00s)
=== RUN   TestLowerAcceptsFloat
--- PASS: TestLowerAcceptsFloat (0.00s)
=== RUN   TestLowerManyParamsUseStack
--- PASS: TestLowerManyParamsUseStack (0.00s)
=== RUN   TestLowerManyFloatParamsUseStack
--- PASS: TestLowerManyFloatParamsUseStack (0.00s)
=== RUN   TestLowerFloatParamsUseSeparateBank
--- PASS: TestLowerFloatParamsUseSeparateBank (0.00s)
=== RUN   TestLowerManyCallArgsUseStack
--- PASS: TestLowerManyCallArgsUseStack (0.00s)
=== RUN   TestCompileFloatFunction
--- PASS: TestCompileFloatFunction (0.00s)
=== RUN   TestLifetimeMarkersAreNoOps
--- PASS: TestLifetimeMarkersAreNoOps (0.00s)
=== RUN   TestSelectMulAddFuses
--- PASS: TestSelectMulAddFuses (0.00s)
=== RUN   TestSingleBitTestBranchFuses
--- PASS: TestSingleBitTestBranchFuses (0.00s)
=== RUN   TestTbzRangeGating
--- PASS: TestTbzRangeGating (0.00s)
=== RUN   TestStoreZeroUsesZeroRegister
--- PASS: TestStoreZeroUsesZeroRegister (0.00s)
=== RUN   TestSharedOffsetFoldsIntoEachAccess
--- PASS: TestSharedOffsetFoldsIntoEachAccess (0.00s)
=== RUN   TestBitfieldExtractFuses
--- PASS: TestBitfieldExtractFuses (0.00s)
=== RUN   TestCompareConstantFolds
--- PASS: TestCompareConstantFolds (0.00s)
=== RUN   TestCopyConstMaterializesDirect
--- PASS: TestCopyConstMaterializesDirect (0.00s)
=== RUN   TestSelectConstOffsetAddressing
--- PASS: TestSelectConstOffsetAddressing (0.00s)
=== RUN   TestGoABIZerosPointerLocalsBeforeCalls
--- PASS: TestGoABIZerosPointerLocalsBeforeCalls (0.00s)
=== RUN   TestManagedFrameKeepsAAPCS64ParameterAssignment
--- PASS: TestManagedFrameKeepsAAPCS64ParameterAssignment (0.00s)
=== RUN   TestAAPCS64FunctionCanCallGoInternalContract
--- PASS: TestAAPCS64FunctionCanCallGoInternalContract (0.00s)
=== RUN   TestAAPCS64GroupedSliceValuesUseIndirectAggregateResult
--- PASS: TestAAPCS64GroupedSliceValuesUseIndirectAggregateResult (0.00s)
=== RUN   TestAAPCS64IndirectResultBufferIsStackCopyRoot
--- PASS: TestAAPCS64IndirectResultBufferIsStackCopyRoot (0.00s)
=== RUN   TestAAPCS64AggregateParameterPointersAreStackCopyRoots
--- PASS: TestAAPCS64AggregateParameterPointersAreStackCopyRoots (0.00s)
=== RUN   TestManagedAAPCS64HomesGroupedSliceRegistersForStackGrowth
--- PASS: TestManagedAAPCS64HomesGroupedSliceRegistersForStackGrowth (0.00s)
=== RUN   TestManagedAAPCS64DoesNotSplitGroupedInterfaceAcrossRegisterBoundary
--- PASS: TestManagedAAPCS64DoesNotSplitGroupedInterfaceAcrossRegisterBoundary (0.00s)
=== RUN   TestManagedAAPCS64SeparatesIncomingArgumentsFromRegisterHomes
--- PASS: TestManagedAAPCS64SeparatesIncomingArgumentsFromRegisterHomes (0.00s)
=== RUN   TestManagedAAPCS64KeepsStackedAggregateWordsInBothArgumentMaps
--- PASS: TestManagedAAPCS64KeepsStackedAggregateWordsInBothArgumentMaps (0.00s)
=== RUN   TestManagedAAPCS64LeavesRegisterOnlyArgumentsOutOfTheBodyMap
--- PASS: TestManagedAAPCS64LeavesRegisterOnlyArgumentsOutOfTheBodyMap (0.00s)
=== RUN   TestManagedAAPCS64DoesNotHomeEmptyAggregate
--- PASS: TestManagedAAPCS64DoesNotHomeEmptyAggregate (0.00s)
=== RUN   TestManagedAAPCS64CallerReservesRegisterHomes
--- PASS: TestManagedAAPCS64CallerReservesRegisterHomes (0.00s)
=== RUN   TestGoABIRematerializesFixedStackAddressesAfterCalls
--- PASS: TestGoABIRematerializesFixedStackAddressesAfterCalls (0.00s)
=== RUN   TestGoABIRematerializesCopiedFixedStackAddressesAfterCalls
--- PASS: TestGoABIRematerializesCopiedFixedStackAddressesAfterCalls (0.00s)
=== RUN   TestInferFrameAddressOffsetsHandlesLongReverseDependencyChain
--- PASS: TestInferFrameAddressOffsetsHandlesLongReverseDependencyChain (0.06s)
=== RUN   TestInferFrameAddressOffsetsDoesNotCollapsePhiCopies
--- PASS: TestInferFrameAddressOffsetsDoesNotCollapsePhiCopies (0.00s)
=== RUN   TestGoABINoSplitOmitsStackGrowthCheck
--- PASS: TestGoABINoSplitOmitsStackGrowthCheck (0.00s)
=== RUN   TestGoABISystemStackUsesSystemStackGuard
--- PASS: TestGoABISystemStackUsesSystemStackGuard (0.00s)
=== RUN   TestManagedFrameMetadataStartsAfterFrameAllocation
--- PASS: TestManagedFrameMetadataStartsAfterFrameAllocation (0.00s)
=== RUN   TestGoABICallerFrameIntrinsicsUseSavedFrame
--- PASS: TestGoABICallerFrameIntrinsicsUseSavedFrame (0.00s)
=== RUN   TestManagedAAPCS64OutgoingArgumentsDoNotOverlapFrameRecord
--- PASS: TestManagedAAPCS64OutgoingArgumentsDoNotOverlapFrameRecord (0.00s)
=== RUN   TestGoABISpillsPointerLiveAcrossCall
--- PASS: TestGoABISpillsPointerLiveAcrossCall (0.00s)
=== RUN   TestGoABISpillsScalarLiveAcrossCall
--- PASS: TestGoABISpillsScalarLiveAcrossCall (0.00s)
=== RUN   TestSafepointRootsIncludeManagedPointerLiveAcrossCall
--- PASS: TestSafepointRootsIncludeManagedPointerLiveAcrossCall (0.00s)
=== RUN   TestSafepointRootsExcludeDeadControlFlowIntervals
--- PASS: TestSafepointRootsExcludeDeadControlFlowIntervals (0.00s)
=== RUN   TestGoStackMapsDropDeadPointerBearingLocal
--- PASS: TestGoStackMapsDropDeadPointerBearingLocal (0.00s)
=== RUN   TestGoEmittedStackMapDropsDeadPointerBearingLocal
--- PASS: TestGoEmittedStackMapDropsDeadPointerBearingLocal (0.00s)
=== RUN   TestGoEntryArgumentMapOmitsTheClosureHomeSlot
--- PASS: TestGoEntryArgumentMapOmitsTheClosureHomeSlot (0.00s)
=== RUN   TestGoStackMapsRetainLocalReachedThroughDerivedAddress
--- PASS: TestGoStackMapsRetainLocalReachedThroughDerivedAddress (0.00s)
=== RUN   TestGoStackMapsDropMergedInterfaceDescriptorsAfterTheirCall
--- PASS: TestGoStackMapsDropMergedInterfaceDescriptorsAfterTheirCall (0.00s)
=== RUN   TestFrameEscapingAllocationsKeepPublishedAddressesConservative
=== RUN   TestFrameEscapingAllocationsKeepPublishedAddressesConservative/passed_to_a_call
=== RUN   TestFrameEscapingAllocationsKeepPublishedAddressesConservative/stored_into_memory
=== RUN   TestFrameEscapingAllocationsKeepPublishedAddressesConservative/returned
=== RUN   TestFrameEscapingAllocationsKeepPublishedAddressesConservative/added_to_a_runtime_value
=== RUN   TestFrameEscapingAllocationsKeepPublishedAddressesConservative/handed_to_a_callee_as_a_closure_environment
=== RUN   TestFrameEscapingAllocationsKeepPublishedAddressesConservative/compared_against_nil
=== RUN   TestFrameEscapingAllocationsKeepPublishedAddressesConservative/selected_between
--- PASS: TestFrameEscapingAllocationsKeepPublishedAddressesConservative (0.00s)
    --- PASS: TestFrameEscapingAllocationsKeepPublishedAddressesConservative/passed_to_a_call (0.00s)
    --- PASS: TestFrameEscapingAllocationsKeepPublishedAddressesConservative/stored_into_memory (0.00s)
    --- PASS: TestFrameEscapingAllocationsKeepPublishedAddressesConservative/returned (0.00s)
    --- PASS: TestFrameEscapingAllocationsKeepPublishedAddressesConservative/added_to_a_runtime_value (0.00s)
    --- PASS: TestFrameEscapingAllocationsKeepPublishedAddressesConservative/handed_to_a_callee_as_a_closure_environment (0.00s)
    --- PASS: TestFrameEscapingAllocationsKeepPublishedAddressesConservative/compared_against_nil (0.00s)
    --- PASS: TestFrameEscapingAllocationsKeepPublishedAddressesConservative/selected_between (0.00s)
=== RUN   TestPointerAllocationSourcesTrackEveryMergedAllocation
--- PASS: TestPointerAllocationSourcesTrackEveryMergedAllocation (0.00s)
=== RUN   TestGoABIGroupedSliceValuesUseRegistersOrWholeStack
--- PASS: TestGoABIGroupedSliceValuesUseRegistersOrWholeStack (0.00s)
=== RUN   TestAAPCSStackMemoryAggregateParameterLoadsSpilledPointer
--- PASS: TestAAPCSStackMemoryAggregateParameterLoadsSpilledPointer (0.00s)
=== RUN   TestGoABIGroupedSliceResultUsesThreeValueRegisters
--- PASS: TestGoABIGroupedSliceResultUsesThreeValueRegisters (0.00s)
=== RUN   TestGoABIStackGrowthPreservesClosureContext
--- PASS: TestGoABIStackGrowthPreservesClosureContext (0.00s)
=== RUN   TestGoABIClosureContextLiveAcrossCallGetsStableSpill
--- PASS: TestGoABIClosureContextLiveAcrossCallGetsStableSpill (0.00s)
=== RUN   TestGoABICallSiteClosureRegisterIsNotAnIncomingContext
--- PASS: TestGoABICallSiteClosureRegisterIsNotAnIncomingContext (0.00s)
=== RUN   TestGoABIClosureCallReservesContextSpillWord
--- PASS: TestGoABIClosureCallReservesContextSpillWord (0.00s)
=== RUN   TestGoABIReportsPointerResultSlotLiveAcrossCall
--- PASS: TestGoABIReportsPointerResultSlotLiveAcrossCall (0.00s)
=== RUN   TestGoPointerFrameOffsetsIgnoreUnassignedSpillSlots
--- PASS: TestGoPointerFrameOffsetsIgnoreUnassignedSpillSlots (0.00s)
=== RUN   TestCompileLargeFrame
--- PASS: TestCompileLargeFrame (0.00s)
=== RUN   TestFramelessLeaf
--- PASS: TestFramelessLeaf (0.00s)
=== RUN   TestCompileModuleWithData
--- PASS: TestCompileModuleWithData (0.00s)
=== RUN   TestCompileModuleWithRelativeAndWordSymbolData
--- PASS: TestCompileModuleWithRelativeAndWordSymbolData (0.00s)
=== RUN   TestFuseArithShift
--- PASS: TestFuseArithShift (0.00s)
=== RUN   TestBlockLayoutFallThrough
--- PASS: TestBlockLayoutFallThrough (0.00s)
=== RUN   TestLayoutPullsUpEitherArm
--- PASS: TestLayoutPullsUpEitherArm (0.00s)
=== RUN   TestCompileModulePropagatesError
--- PASS: TestCompileModulePropagatesError (0.00s)
=== RUN   TestStackAggregateCopyUsesLegalWidthForFourByteAlignedDestination
--- PASS: TestStackAggregateCopyUsesLegalWidthForFourByteAlignedDestination (0.00s)
=== RUN   TestParallelMoveRegisterSwap
--- PASS: TestParallelMoveRegisterSwap (0.00s)
=== RUN   TestParallelMoveNoOpsAndChain
--- PASS: TestParallelMoveNoOpsAndChain (0.00s)
=== RUN   TestEmitMoveLocCombos
=== RUN   TestEmitMoveLocCombos/reg<-reg
=== RUN   TestEmitMoveLocCombos/reg<-mem
=== RUN   TestEmitMoveLocCombos/reg<-imm
=== RUN   TestEmitMoveLocCombos/mem<-reg
=== RUN   TestEmitMoveLocCombos/mem<-imm
=== RUN   TestEmitMoveLocCombos/mem<-mem
--- PASS: TestEmitMoveLocCombos (0.00s)
    --- PASS: TestEmitMoveLocCombos/reg<-reg (0.00s)
    --- PASS: TestEmitMoveLocCombos/reg<-mem (0.00s)
    --- PASS: TestEmitMoveLocCombos/reg<-imm (0.00s)
    --- PASS: TestEmitMoveLocCombos/mem<-reg (0.00s)
    --- PASS: TestEmitMoveLocCombos/mem<-imm (0.00s)
    --- PASS: TestEmitMoveLocCombos/mem<-mem (0.00s)
=== RUN   TestLocOf
--- PASS: TestLocOf (0.00s)
=== RUN   TestEmitCallErrors
--- PASS: TestEmitCallErrors (0.00s)
=== RUN   TestEmitTermHltAndMissing
--- PASS: TestEmitTermHltAndMissing (0.00s)
=== RUN   TestSrcRegFailsOnUnsupportedRef
--- PASS: TestSrcRegFailsOnUnsupportedRef (0.00s)
=== RUN   TestFailKeepsFirstError
--- PASS: TestFailKeepsFirstError (0.00s)
=== RUN   TestMovImmPatterns
--- PASS: TestMovImmPatterns (0.00s)
=== RUN   TestCompileVariadic
--- PASS: TestCompileVariadic (0.00s)
=== RUN   TestComputeNamedCounts
--- PASS: TestComputeNamedCounts (0.00s)
=== RUN   TestVariadicPrints
--- PASS: TestVariadicPrints (0.00s)
=== RUN   TestInlineAsmPassthrough
=== RUN   TestInlineAsmPassthrough/raw
=== RUN   TestInlineAsmPassthrough/opt
--- PASS: TestInlineAsmPassthrough (0.23s)
    --- PASS: TestInlineAsmPassthrough/raw (0.11s)
    --- PASS: TestInlineAsmPassthrough/opt (0.12s)
=== RUN   TestInlineAsmUnsupportedMnemonic
--- PASS: TestInlineAsmUnsupportedMnemonic (0.03s)
=== RUN   TestInlineAsmFloat
--- PASS: TestInlineAsmFloat (0.13s)
=== RUN   TestInlineAsmFloatModifierMismatch
--- PASS: TestInlineAsmFloatModifierMismatch (0.03s)
=== RUN   TestAtomicsE2E
--- PASS: TestAtomicsE2E (0.06s)
=== RUN   TestImmediateAndRotateCodegen
--- PASS: TestImmediateAndRotateCodegen (0.06s)
=== RUN   TestIndexedAddressingCodegen
--- PASS: TestIndexedAddressingCodegen (0.06s)
=== RUN   TestBinaryUnitCompilesAndRuns
--- PASS: TestBinaryUnitCompilesAndRuns (0.06s)
=== RUN   TestBinaryUnitKeepsInlineAsm
--- PASS: TestBinaryUnitKeepsInlineAsm (0.03s)
=== RUN   TestCallerSaveColdCallManyLive
--- PASS: TestCallerSaveColdCallManyLive (0.11s)
=== RUN   TestCallerSaveHotCall
--- PASS: TestCallerSaveHotCall (0.09s)
=== RUN   TestCalleeSavedPairing
--- PASS: TestCalleeSavedPairing (0.09s)
=== RUN   TestCallerSavedSpillPairing
--- PASS: TestCallerSavedSpillPairing (0.09s)
=== RUN   TestCalleeSavedClobbersAreHonoured
--- PASS: TestCalleeSavedClobbersAreHonoured (0.10s)
=== RUN   TestCallerSavedClobbersStillWork
--- PASS: TestCallerSavedClobbersStillWork (0.10s)
=== RUN   TestUnknownClobberIsRefused
--- PASS: TestUnknownClobberIsRefused (0.13s)
=== RUN   TestMemoryAndCcClobbersAreAccepted
--- PASS: TestMemoryAndCcClobbersAreAccepted (0.04s)
=== RUN   TestInlineAsmMaterializationAvoidsClobberedScratchRegisters
--- PASS: TestInlineAsmMaterializationAvoidsClobberedScratchRegisters (0.03s)
=== RUN   TestInlineAsmReportsWhenEveryScratchRegisterIsClobbered
--- PASS: TestInlineAsmReportsWhenEveryScratchRegisterIsClobbered (0.04s)
=== RUN   TestDisasmRoundTripsThroughTheAssembler
=== RUN   TestDisasmRoundTripsThroughTheAssembler/c-corpus
=== RUN   TestDisasmRoundTripsThroughTheAssembler/thread-local
--- PASS: TestDisasmRoundTripsThroughTheAssembler (0.08s)
    --- PASS: TestDisasmRoundTripsThroughTheAssembler/c-corpus (0.01s)
    --- PASS: TestDisasmRoundTripsThroughTheAssembler/thread-local (0.01s)
=== RUN   TestDisasmKnowsEverythingTheBackendEmits
=== RUN   TestDisasmKnowsEverythingTheBackendEmits/c-corpus
=== RUN   TestDisasmKnowsEverythingTheBackendEmits/thread-local
--- PASS: TestDisasmKnowsEverythingTheBackendEmits (0.05s)
    --- PASS: TestDisasmKnowsEverythingTheBackendEmits/c-corpus (0.00s)
    --- PASS: TestDisasmKnowsEverythingTheBackendEmits/thread-local (0.00s)
=== RUN   TestDisassembleNamesRelocatedSymbols
--- PASS: TestDisassembleNamesRelocatedSymbols (0.04s)
=== RUN   TestDisassembleNamesThreadLocalRelocs
--- PASS: TestDisassembleNamesThreadLocalRelocs (0.00s)
=== RUN   TestDisassembleRelocsMeanWhatTheySay
=== RUN   TestDisassembleRelocsMeanWhatTheySay/c-corpus
=== RUN   TestDisassembleRelocsMeanWhatTheySay/thread-local
--- PASS: TestDisassembleRelocsMeanWhatTheySay (0.07s)
    --- PASS: TestDisassembleRelocsMeanWhatTheySay/c-corpus (0.02s)
    --- PASS: TestDisassembleRelocsMeanWhatTheySay/thread-local (0.01s)
=== RUN   TestE2ESubwordMemory
--- PASS: TestE2ESubwordMemory (0.05s)
=== RUN   TestE2EIndirectCall
--- PASS: TestE2EIndirectCall (0.06s)
=== RUN   TestE2ELogicalShiftRight
--- PASS: TestE2ELogicalShiftRight (0.06s)
=== RUN   TestE2EDataGlobal
--- PASS: TestE2EDataGlobal (0.05s)
=== RUN   TestE2ENegAndCompareChain
--- PASS: TestE2ENegAndCompareChain (0.06s)
=== RUN   TestE2EAdd
--- PASS: TestE2EAdd (0.05s)
=== RUN   TestE2ESumtoLoop
--- PASS: TestE2ESumtoLoop (0.05s)
=== RUN   TestE2EFibRecursive
--- PASS: TestE2EFibRecursive (0.06s)
=== RUN   TestE2EArithmetic
--- PASS: TestE2EArithmetic (0.06s)
=== RUN   TestE2ELong64
--- PASS: TestE2ELong64 (0.05s)
=== RUN   TestE2EMemoryAlloc
--- PASS: TestE2EMemoryAlloc (0.06s)
=== RUN   TestE2ESpill
--- PASS: TestE2ESpill (0.07s)
=== RUN   TestE2EZeroExtendSpillWritesFullResult
--- PASS: TestE2EZeroExtendSpillWritesFullResult (0.06s)
=== RUN   TestE2EAllocInNonEntryBlock
--- PASS: TestE2EAllocInNonEntryBlock (0.05s)
=== RUN   TestE2EStackArgsInt
--- PASS: TestE2EStackArgsInt (0.05s)
=== RUN   TestE2EStackArgsFloat
--- PASS: TestE2EStackArgsFloat (0.05s)
=== RUN   TestE2ECallExternal
--- PASS: TestE2ECallExternal (0.05s)
=== RUN   TestE2EUnsignedCompareAndDiv
--- PASS: TestE2EUnsignedCompareAndDiv (0.05s)
=== RUN   TestE2EStackedAggregateArg
--- PASS: TestE2EStackedAggregateArg (0.05s)
=== RUN   TestE2EFloatArith
--- PASS: TestE2EFloatArith (0.05s)
=== RUN   TestE2EDoubleArith
--- PASS: TestE2EDoubleArith (0.05s)
=== RUN   TestE2EFloatConstant
--- PASS: TestE2EFloatConstant (0.06s)
=== RUN   TestE2EMixedIntFloatArgs
--- PASS: TestE2EMixedIntFloatArgs (0.05s)
=== RUN   TestE2EFloatCompare
--- PASS: TestE2EFloatCompare (0.06s)
=== RUN   TestE2EConversions
--- PASS: TestE2EConversions (0.05s)
=== RUN   TestE2EFloatLoopSum
--- PASS: TestE2EFloatLoopSum (0.05s)
=== RUN   TestFloatArithMnemonics
--- PASS: TestFloatArithMnemonics (0.00s)
=== RUN   TestFloatConversionMnemonics
--- PASS: TestFloatConversionMnemonics (0.00s)
=== RUN   TestFloatCompareConditions
--- PASS: TestFloatCompareConditions (0.00s)
=== RUN   TestFloatLoadStoreAndConst
--- PASS: TestFloatLoadStoreAndConst (0.00s)
=== RUN   TestFloatSpill
--- PASS: TestFloatSpill (0.00s)
=== RUN   TestSpillUnderHighPressure
--- PASS: TestSpillUnderHighPressure (0.14s)
=== RUN   TestCoalesceEliminatesMoves
--- PASS: TestCoalesceEliminatesMoves (0.00s)
=== RUN   TestJumpTableArm64
--- PASS: TestJumpTableArm64 (0.10s)
=== RUN   TestSwitchTreeThreeWayFlagReuse
--- PASS: TestSwitchTreeThreeWayFlagReuse (0.14s)
=== RUN   TestJumpTableSurvivesPromotedDefaultPhi
--- PASS: TestJumpTableSurvivesPromotedDefaultPhi (0.14s)
=== RUN   TestObjEmitDwarfLineTable
--- PASS: TestObjEmitDwarfLineTable (0.00s)
=== RUN   TestObjEmitDwarfSubprograms
--- PASS: TestObjEmitDwarfSubprograms (0.00s)
=== RUN   TestObjEmitDwarfVariedSignatures
--- PASS: TestObjEmitDwarfVariedSignatures (0.00s)
=== RUN   TestObjEmitDwarfParamLocations
--- PASS: TestObjEmitDwarfParamLocations (0.00s)
=== RUN   TestObjEmitDwarfInlined
--- PASS: TestObjEmitDwarfInlined (0.00s)
=== RUN   TestObjEmitDwarfNestedInline
--- PASS: TestObjEmitDwarfNestedInline (0.00s)
=== RUN   TestObjEmitDwarfLinks
--- PASS: TestObjEmitDwarfLinks (0.06s)
=== RUN   TestObjEmitDwarfCallPositionSurvivesLowering
--- PASS: TestObjEmitDwarfCallPositionSurvivesLowering (0.00s)
=== RUN   TestGCStrategyEmitsPoll
--- PASS: TestGCStrategyEmitsPoll (0.73s)
=== RUN   TestObjEmitStackMapRootAcrossCall
--- PASS: TestObjEmitStackMapRootAcrossCall (0.00s)
=== RUN   TestObjEmitStackMapKeepsAggregatePointerResultAcrossCall
--- PASS: TestObjEmitStackMapKeepsAggregatePointerResultAcrossCall (0.00s)
=== RUN   TestObjEmitStackMapExplicitSafepoint
--- PASS: TestObjEmitStackMapExplicitSafepoint (0.06s)
=== RUN   TestObjEmitStackMapLoopBackedge
--- PASS: TestObjEmitStackMapLoopBackedge (0.05s)
=== RUN   TestObjEmitStackMapWalkedByCollector
--- PASS: TestObjEmitStackMapWalkedByCollector (0.06s)
=== RUN   TestObjEmitStackMapCarriesType
--- PASS: TestObjEmitStackMapCarriesType (0.00s)
=== RUN   TestObjEmitStackMapExcludesNonRefs
--- PASS: TestObjEmitStackMapExcludesNonRefs (0.00s)
=== RUN   TestObjEmitStackMapSpilledAndRuns
--- PASS: TestObjEmitStackMapSpilledAndRuns (0.05s)
=== RUN   TestMorestackFixupEngineInIR
--- PASS: TestMorestackFixupEngineInIR (0.05s)
=== RUN   TestStackGrowthEndToEnd
--- PASS: TestStackGrowthEndToEnd (0.06s)
=== RUN   TestStackSwitchInIR
--- PASS: TestStackSwitchInIR (0.05s)
=== RUN   TestRegVarReadRegister
--- PASS: TestRegVarReadRegister (0.05s)
=== RUN   TestRegVarWriteReadRoundTrip
--- PASS: TestRegVarWriteReadRoundTrip (0.05s)
=== RUN   TestRegVarStackPointer
--- PASS: TestRegVarStackPointer (0.05s)
=== RUN   TestRegVarWriteStackPointer
--- PASS: TestRegVarWriteStackPointer (0.05s)
=== RUN   TestStackGrowthGuard
--- PASS: TestStackGrowthGuard (0.05s)
=== RUN   TestStackGrowthArgPointerMap
--- PASS: TestStackGrowthArgPointerMap (0.00s)
=== RUN   TestStackGrowthGuardPreservesFloatArgs
--- PASS: TestStackGrowthGuardPreservesFloatArgs (0.07s)
=== RUN   TestStackGrowthGuardLargeFrame
--- PASS: TestStackGrowthGuardLargeFrame (0.05s)
=== RUN   TestStackCopyWalksMultipleFrames
--- PASS: TestStackCopyWalksMultipleFrames (0.06s)
=== RUN   TestStackCopyRelocatesInteriorPointer
--- PASS: TestStackCopyRelocatesInteriorPointer (0.06s)
=== RUN   TestObjEmitAdd
--- PASS: TestObjEmitAdd (0.05s)
=== RUN   TestObjEmitSumtoLoop
--- PASS: TestObjEmitSumtoLoop (0.05s)
=== RUN   TestObjEmitInternalCall
--- PASS: TestObjEmitInternalCall (0.06s)
=== RUN   TestObjEmitLargeFrame
--- PASS: TestObjEmitLargeFrame (0.05s)
=== RUN   TestObjEmitSubwordMemory
--- PASS: TestObjEmitSubwordMemory (0.05s)
=== RUN   TestObjEmitFloat
--- PASS: TestObjEmitFloat (0.07s)
=== RUN   TestObjEmitFloatConvert
--- PASS: TestObjEmitFloatConvert (0.06s)
=== RUN   TestObjEmitIndirectCall
--- PASS: TestObjEmitIndirectCall (0.05s)
=== RUN   TestObjEmitTailCall
--- PASS: TestObjEmitTailCall (0.06s)
=== RUN   TestObjEmitDataReference
--- PASS: TestObjEmitDataReference (0.05s)
=== RUN   TestObjEmitIntCompareSweep
--- PASS: TestObjEmitIntCompareSweep (0.05s)
=== RUN   TestObjEmitRemAndExtend
--- PASS: TestObjEmitRemAndExtend (0.06s)
=== RUN   TestObjEmitFloatCompareSweep
--- PASS: TestObjEmitFloatCompareSweep (0.06s)
=== RUN   TestObjEmitFibRecursive
--- PASS: TestObjEmitFibRecursive (0.06s)
=== RUN   TestObjEmitStackArgs
--- PASS: TestObjEmitStackArgs (0.05s)
=== RUN   TestObjEmitAggregateArg
--- PASS: TestObjEmitAggregateArg (0.05s)
=== RUN   TestObjEmitDataPointer
--- PASS: TestObjEmitDataPointer (0.05s)
=== RUN   TestObjEmitVariadic
--- PASS: TestObjEmitVariadic (0.05s)
=== RUN   TestObjEmitThreadLocalAccess
--- PASS: TestObjEmitThreadLocalAccess (0.05s)
=== RUN   TestObjEmitThreadLocalPerThread
--- PASS: TestObjEmitThreadLocalPerThread (0.06s)
=== RUN   TestGCStrategyThreadLocalPoll
--- PASS: TestGCStrategyThreadLocalPoll (1.93s)
=== RUN   TestObjEmitThreadLocalPastTheLowBits
--- PASS: TestObjEmitThreadLocalPastTheLowBits (0.05s)
=== RUN   TestParallelBackendIsByteIdenticalToSerial
=== RUN   TestParallelBackendIsByteIdenticalToSerial/workers=1
=== RUN   TestParallelBackendIsByteIdenticalToSerial/workers=2
=== RUN   TestParallelBackendIsByteIdenticalToSerial/workers=3
=== RUN   TestParallelBackendIsByteIdenticalToSerial/workers=8
=== RUN   TestParallelBackendIsByteIdenticalToSerial/workers=64
=== RUN   TestParallelBackendIsByteIdenticalToSerial/workers=256
--- PASS: TestParallelBackendIsByteIdenticalToSerial (0.22s)
    --- PASS: TestParallelBackendIsByteIdenticalToSerial/workers=1 (0.04s)
    --- PASS: TestParallelBackendIsByteIdenticalToSerial/workers=2 (0.03s)
    --- PASS: TestParallelBackendIsByteIdenticalToSerial/workers=3 (0.03s)
    --- PASS: TestParallelBackendIsByteIdenticalToSerial/workers=8 (0.02s)
    --- PASS: TestParallelBackendIsByteIdenticalToSerial/workers=64 (0.02s)
    --- PASS: TestParallelBackendIsByteIdenticalToSerial/workers=256 (0.03s)
=== RUN   TestParallelBackendReportsTheFirstFailureInFunctionOrder
=== RUN   TestParallelBackendReportsTheFirstFailureInFunctionOrder/workers=2
=== RUN   TestParallelBackendReportsTheFirstFailureInFunctionOrder/workers=8
=== RUN   TestParallelBackendReportsTheFirstFailureInFunctionOrder/workers=64
--- PASS: TestParallelBackendReportsTheFirstFailureInFunctionOrder (0.00s)
    --- PASS: TestParallelBackendReportsTheFirstFailureInFunctionOrder/workers=2 (0.00s)
    --- PASS: TestParallelBackendReportsTheFirstFailureInFunctionOrder/workers=8 (0.00s)
    --- PASS: TestParallelBackendReportsTheFirstFailureInFunctionOrder/workers=64 (0.00s)
=== RUN   TestParallelBackendCompilesHighPressureFunctionCorrectly
--- PASS: TestParallelBackendCompilesHighPressureFunctionCorrectly (0.06s)
=== RUN   TestRematAddressesUnderPressure
--- PASS: TestRematAddressesUnderPressure (0.10s)
=== RUN   TestSelectCsel
--- PASS: TestSelectCsel (0.05s)
=== RUN   TestStackIntrinsics
--- PASS: TestStackIntrinsics (0.05s)
=== RUN   TestSelectFusedCompare
--- PASS: TestSelectFusedCompare (0.05s)
=== RUN   TestSelectFusedMask
--- PASS: TestSelectFusedMask (0.06s)
=== RUN   TestSelectFusedClassMixes
--- PASS: TestSelectFusedClassMixes (0.05s)
=== RUN   TestSelectFusedZeroArm
--- PASS: TestSelectFusedZeroArm (0.05s)
=== RUN   TestSelectFusedUnderSpill
--- PASS: TestSelectFusedUnderSpill (0.06s)
=== RUN   TestConjoinedAndBranch
--- PASS: TestConjoinedAndBranch (0.05s)
=== RUN   TestConjoinedOrBranch
--- PASS: TestConjoinedOrBranch (0.05s)
=== RUN   TestConjoinedMixedPredicates
--- PASS: TestConjoinedMixedPredicates (0.05s)
=== RUN   TestSymbolAddressFoldE2E
--- PASS: TestSymbolAddressFoldE2E (0.05s)
=== RUN   TestSelectFcsel
--- PASS: TestSelectFcsel (0.05s)
=== RUN   TestTailCallDeepRecursion
--- PASS: TestTailCallDeepRecursion (0.06s)
=== RUN   TestTailCallStackArgsFit
--- PASS: TestTailCallStackArgsFit (0.05s)
=== RUN   TestTailCallStackArgsOverflowErrors
--- PASS: TestTailCallStackArgsOverflowErrors (0.00s)
=== RUN   TestTailCallNotInTailPositionErrors
--- PASS: TestTailCallNotInTailPositionErrors (0.00s)
=== RUN   TestTailCallRoundTripsThroughText
--- PASS: TestTailCallRoundTripsThroughText (0.00s)
=== RUN   TestPlainCharIsUnsignedOnThisTarget
--- PASS: TestPlainCharIsUnsignedOnThisTarget (0.09s)
=== RUN   TestComputedGotoIsThreaded
--- PASS: TestComputedGotoIsThreaded (0.14s)
=== RUN   TestThreadedInterpLoop
--- PASS: TestThreadedInterpLoop (0.10s)
=== RUN   TestThreadJumpsPreservesComputedGoto
--- PASS: TestThreadJumpsPreservesComputedGoto (0.10s)
=== RUN   TestWritebackFolding
--- PASS: TestWritebackFolding (0.16s)
=== RUN   TestWritebackPostIndexFixedRegisters
--- PASS: TestWritebackPostIndexFixedRegisters (0.00s)
PASS
ok  	github.com/evanphx/cg12/arm64	10.244s
=== RUN   TestEncodingsMatchAssembler
--- PASS: TestEncodingsMatchAssembler (0.01s)
=== RUN   TestBranchOffsets
--- PASS: TestBranchOffsets (0.00s)
=== RUN   TestProgramAssemblesLoop
--- PASS: TestProgramAssemblesLoop (0.01s)
=== RUN   TestProgramErrors
--- PASS: TestProgramErrors (0.00s)
=== RUN   TestMoreEncodingsMatchAssembler
--- PASS: TestMoreEncodingsMatchAssembler (0.01s)
=== RUN   TestImmediateGuards
=== RUN   TestImmediateGuards/add_imm_>_4095
=== RUN   TestImmediateGuards/str_offset_>_range
=== RUN   TestImmediateGuards/str_misaligned
=== RUN   TestImmediateGuards/ldr_misaligned
=== RUN   TestImmediateGuards/branch_too_far
=== RUN   TestImmediateGuards/branch_misaligned
=== RUN   TestImmediateGuards/cbz_too_far
=== RUN   TestImmediateGuards/bad_register
=== RUN   TestImmediateGuards/movz_bad_shift
--- PASS: TestImmediateGuards (0.00s)
    --- PASS: TestImmediateGuards/add_imm_>_4095 (0.00s)
    --- PASS: TestImmediateGuards/str_offset_>_range (0.00s)
    --- PASS: TestImmediateGuards/str_misaligned (0.00s)
    --- PASS: TestImmediateGuards/ldr_misaligned (0.00s)
    --- PASS: TestImmediateGuards/branch_too_far (0.00s)
    --- PASS: TestImmediateGuards/branch_misaligned (0.00s)
    --- PASS: TestImmediateGuards/cbz_too_far (0.00s)
    --- PASS: TestImmediateGuards/bad_register (0.00s)
    --- PASS: TestImmediateGuards/movz_bad_shift (0.00s)
=== RUN   TestProgramDataWord
--- PASS: TestProgramDataWord (0.00s)
=== RUN   TestFloatRegistersAreRejectedNotMisEncoded
--- PASS: TestFloatRegistersAreRejectedNotMisEncoded (0.00s)
=== RUN   TestIntegerFormsStillAssemble
--- PASS: TestIntegerFormsStillAssemble (0.00s)
=== RUN   TestSemicolonSeparatesStatements
--- PASS: TestSemicolonSeparatesStatements (0.00s)
=== RUN   TestDecodeFields
--- PASS: TestDecodeFields (0.00s)
=== RUN   TestDisasmMatchesTheEncodedForm
=== RUN   TestDisasmMatchesTheEncodedForm/add_w1,_w2,_w3
=== RUN   TestDisasmMatchesTheEncodedForm/add_x1,_x2,_x3
=== RUN   TestDisasmMatchesTheEncodedForm/sub_x5,_x6,_x7
=== RUN   TestDisasmMatchesTheEncodedForm/subs_x1,_x2,_x3
=== RUN   TestDisasmMatchesTheEncodedForm/cmp_x9,_x10
=== RUN   TestDisasmMatchesTheEncodedForm/add_x1,_x2,_#5
=== RUN   TestDisasmMatchesTheEncodedForm/add_x11,_x12,_#4095
=== RUN   TestDisasmMatchesTheEncodedForm/sub_w3,_w4,_#10
=== RUN   TestDisasmMatchesTheEncodedForm/and_x1,_x2,_x3
=== RUN   TestDisasmMatchesTheEncodedForm/orr_w4,_w5,_w6
=== RUN   TestDisasmMatchesTheEncodedForm/eor_x7,_x8,_x9
=== RUN   TestDisasmMatchesTheEncodedForm/mov_x1,_x2
=== RUN   TestDisasmMatchesTheEncodedForm/movz_x1,_#0x1234
=== RUN   TestDisasmMatchesTheEncodedForm/movz_x1,_#0x1234,_lsl_#16
=== RUN   TestDisasmMatchesTheEncodedForm/movk_w2,_#0xabcd
=== RUN   TestDisasmMatchesTheEncodedForm/movn_x3,_#0xff,_lsl_#32
=== RUN   TestDisasmMatchesTheEncodedForm/udiv_x1,_x2,_x3
=== RUN   TestDisasmMatchesTheEncodedForm/sdiv_w4,_w5,_w6
=== RUN   TestDisasmMatchesTheEncodedForm/lsl_x1,_x2,_x3
=== RUN   TestDisasmMatchesTheEncodedForm/lsr_w4,_w5,_w6
=== RUN   TestDisasmMatchesTheEncodedForm/asr_x7,_x8,_x9
=== RUN   TestDisasmMatchesTheEncodedForm/madd_x1,_x2,_x3,_x4
=== RUN   TestDisasmMatchesTheEncodedForm/msub_w5,_w6,_w7,_w8
=== RUN   TestDisasmMatchesTheEncodedForm/mul_x1,_x2,_x3
=== RUN   TestDisasmMatchesTheEncodedForm/csel_x1,_x2,_x3,_eq
=== RUN   TestDisasmMatchesTheEncodedForm/cset_w1,_ne
=== RUN   TestDisasmMatchesTheEncodedForm/cset_x2,_ge
=== RUN   TestDisasmMatchesTheEncodedForm/b_.
=== RUN   TestDisasmMatchesTheEncodedForm/bl_.
=== RUN   TestDisasmMatchesTheEncodedForm/b.eq_.
=== RUN   TestDisasmMatchesTheEncodedForm/cbz_x1,_.
=== RUN   TestDisasmMatchesTheEncodedForm/cbnz_w2,_.
=== RUN   TestDisasmMatchesTheEncodedForm/ret
=== RUN   TestDisasmMatchesTheEncodedForm/br_x1
=== RUN   TestDisasmMatchesTheEncodedForm/blr_x2
=== RUN   TestDisasmMatchesTheEncodedForm/brk_#0
=== RUN   TestDisasmMatchesTheEncodedForm/brk_#7
=== RUN   TestDisasmMatchesTheEncodedForm/str_x0,_[x1,_#8]
=== RUN   TestDisasmMatchesTheEncodedForm/str_w2,_[x3,_#12]
=== RUN   TestDisasmMatchesTheEncodedForm/ldr_x4,_[x5,_#16]
=== RUN   TestDisasmMatchesTheEncodedForm/ldr_w6,_[x7,_#4]
=== RUN   TestDisasmMatchesTheEncodedForm/strb_w0,_[x1]
=== RUN   TestDisasmMatchesTheEncodedForm/ldrb_w2,_[x3,_#1]
=== RUN   TestDisasmMatchesTheEncodedForm/strh_w4,_[x5,_#2]
=== RUN   TestDisasmMatchesTheEncodedForm/ldrh_w6,_[x7,_#4]
=== RUN   TestDisasmMatchesTheEncodedForm/ldrsw_x1,_[x2,_#8]
=== RUN   TestDisasmMatchesTheEncodedForm/cmp_w1,_#16
=== RUN   TestDisasmMatchesTheEncodedForm/cmp_x2,_#4095
=== RUN   TestDisasmMatchesTheEncodedForm/lsl_w1,_w2,_#7
=== RUN   TestDisasmMatchesTheEncodedForm/lsl_x3,_x4,_#40
=== RUN   TestDisasmMatchesTheEncodedForm/lsr_w5,_w6,_#25
=== RUN   TestDisasmMatchesTheEncodedForm/lsr_x7,_x8,_#1
=== RUN   TestDisasmMatchesTheEncodedForm/asr_w1,_w2,_#3
=== RUN   TestDisasmMatchesTheEncodedForm/asr_x3,_x4,_#10
=== RUN   TestDisasmMatchesTheEncodedForm/ror_w9,_w10,_#7
=== RUN   TestDisasmMatchesTheEncodedForm/ror_x11,_x12,_#40
=== RUN   TestDisasmMatchesTheEncodedForm/extr_w1,_w2,_w3,_#5
=== RUN   TestDisasmMatchesTheEncodedForm/and_w1,_w2,_#0xff
=== RUN   TestDisasmMatchesTheEncodedForm/and_x3,_x4,_#0xffff
=== RUN   TestDisasmMatchesTheEncodedForm/orr_w5,_w6,_#0xf0f0f0f0
=== RUN   TestDisasmMatchesTheEncodedForm/eor_x7,_x8,_#0x1
=== RUN   TestDisasmMatchesTheEncodedForm/and_w9,_w10,_#0xfffffff8
=== RUN   TestDisasmMatchesTheEncodedForm/bic_w1,_w2,_w3
=== RUN   TestDisasmMatchesTheEncodedForm/bic_x4,_x5,_x6
=== RUN   TestDisasmMatchesTheEncodedForm/orn_w7,_w8,_w9
=== RUN   TestDisasmMatchesTheEncodedForm/mvn_w10,_w11
=== RUN   TestDisasmMatchesTheEncodedForm/mvn_x12,_x13
=== RUN   TestDisasmMatchesTheEncodedForm/ldr_w1,_[x2,_w3,_sxtw_#2]
=== RUN   TestDisasmMatchesTheEncodedForm/ldr_w4,_[x5,_x6,_lsl_#2]
=== RUN   TestDisasmMatchesTheEncodedForm/ldr_x7,_[x8,_x9,_lsl_#3]
=== RUN   TestDisasmMatchesTheEncodedForm/str_w1,_[x2,_w3,_sxtw_#2]
=== RUN   TestDisasmMatchesTheEncodedForm/str_w4,_[x5,_x6,_lsl_#2]
=== RUN   TestDisasmMatchesTheEncodedForm/ldrb_w1,_[x2,_w3,_sxtw]
=== RUN   TestDisasmMatchesTheEncodedForm/ldrb_w4,_[x5,_x6]
=== RUN   TestDisasmMatchesTheEncodedForm/strb_w1,_[x2,_w3,_sxtw]
=== RUN   TestDisasmMatchesTheEncodedForm/ldrsw_x1,_[x2,_w3,_sxtw_#2]
=== RUN   TestDisasmMatchesTheEncodedForm/ldrh_w4,_[x5,_w6,_uxtw_#1]
=== RUN   TestDisasmMatchesTheEncodedForm/clz_w1,_w2
=== RUN   TestDisasmMatchesTheEncodedForm/clz_x3,_x4
=== RUN   TestDisasmMatchesTheEncodedForm/svc_#0
=== RUN   TestDisasmMatchesTheEncodedForm/svc_#128
=== RUN   TestDisasmMatchesTheEncodedForm/dmb_sy
=== RUN   TestDisasmMatchesTheEncodedForm/dmb_ish
=== RUN   TestDisasmMatchesTheEncodedForm/dmb_ishst
=== RUN   TestDisasmMatchesTheEncodedForm/dmb_ld
=== RUN   TestDisasmMatchesTheEncodedForm/dmb_st
=== RUN   TestDisasmMatchesTheEncodedForm/dsb_sy
=== RUN   TestDisasmMatchesTheEncodedForm/dsb_ish
=== RUN   TestDisasmMatchesTheEncodedForm/isb
=== RUN   TestDisasmMatchesTheEncodedForm/ldxr_w0,_[x1]
=== RUN   TestDisasmMatchesTheEncodedForm/ldxr_x2,_[x3]
=== RUN   TestDisasmMatchesTheEncodedForm/ldaxr_w4,_[x5]
=== RUN   TestDisasmMatchesTheEncodedForm/ldaxr_x6,_[x7]
=== RUN   TestDisasmMatchesTheEncodedForm/stxr_w0,_w1,_[x2]
=== RUN   TestDisasmMatchesTheEncodedForm/stxr_w3,_x4,_[x5]
=== RUN   TestDisasmMatchesTheEncodedForm/stlxr_w6,_w7,_[x8]
=== RUN   TestDisasmMatchesTheEncodedForm/stlxr_w9,_x10,_[x11]
=== RUN   TestDisasmMatchesTheEncodedForm/ldar_w0,_[x1]
=== RUN   TestDisasmMatchesTheEncodedForm/ldar_x2,_[x3]
=== RUN   TestDisasmMatchesTheEncodedForm/stlr_w4,_[x5]
=== RUN   TestDisasmMatchesTheEncodedForm/stlr_x6,_[x7]
=== RUN   TestDisasmMatchesTheEncodedForm/ldaxrb_w0,_[x1]
=== RUN   TestDisasmMatchesTheEncodedForm/ldaxrh_w2,_[x3]
=== RUN   TestDisasmMatchesTheEncodedForm/stlxrb_w4,_w5,_[x6]
=== RUN   TestDisasmMatchesTheEncodedForm/stlxrh_w7,_w8,_[x9]
=== RUN   TestDisasmMatchesTheEncodedForm/ldarb_w0,_[x1]
=== RUN   TestDisasmMatchesTheEncodedForm/ldarh_w2,_[x3]
=== RUN   TestDisasmMatchesTheEncodedForm/stlrb_w4,_[x5]
=== RUN   TestDisasmMatchesTheEncodedForm/stlrh_w6,_[x7]
=== RUN   TestDisasmMatchesTheEncodedForm/mrs_x0,_fpcr
=== RUN   TestDisasmMatchesTheEncodedForm/mrs_x1,_fpsr
=== RUN   TestDisasmMatchesTheEncodedForm/mrs_x2,_nzcv
=== RUN   TestDisasmMatchesTheEncodedForm/mrs_x3,_cntvct_el0
=== RUN   TestDisasmMatchesTheEncodedForm/mrs_x4,_midr_el1
=== RUN   TestDisasmMatchesTheEncodedForm/msr_fpcr,_x5
=== RUN   TestDisasmMatchesTheEncodedForm/msr_nzcv,_x6
=== RUN   TestDisasmMatchesTheEncodedForm/msr_tpidr_el0,_x7
=== RUN   TestDisasmMatchesTheEncodedForm/fadd_s0,_s1,_s2
=== RUN   TestDisasmMatchesTheEncodedForm/fsub_d3,_d4,_d5
=== RUN   TestDisasmMatchesTheEncodedForm/fmul_s6,_s7,_s8
=== RUN   TestDisasmMatchesTheEncodedForm/fdiv_d0,_d1,_d2
=== RUN   TestDisasmMatchesTheEncodedForm/fneg_s0,_s1
=== RUN   TestDisasmMatchesTheEncodedForm/fneg_d2,_d3
=== RUN   TestDisasmMatchesTheEncodedForm/fmov_s0,_s1
=== RUN   TestDisasmMatchesTheEncodedForm/fmov_d4,_d5
=== RUN   TestDisasmMatchesTheEncodedForm/fcvt_d0,_s1
=== RUN   TestDisasmMatchesTheEncodedForm/fcvt_s2,_d3
=== RUN   TestDisasmMatchesTheEncodedForm/fcmp_s0,_s1
=== RUN   TestDisasmMatchesTheEncodedForm/fcmp_d2,_d3
=== RUN   TestDisasmMatchesTheEncodedForm/fcvtzs_w0,_s1
=== RUN   TestDisasmMatchesTheEncodedForm/fcvtzs_x2,_d3
=== RUN   TestDisasmMatchesTheEncodedForm/fcvtzu_w4,_s5
=== RUN   TestDisasmMatchesTheEncodedForm/scvtf_s0,_w1
=== RUN   TestDisasmMatchesTheEncodedForm/scvtf_d2,_x3
=== RUN   TestDisasmMatchesTheEncodedForm/ucvtf_s4,_w5
=== RUN   TestDisasmMatchesTheEncodedForm/fmov_s0,_w1
=== RUN   TestDisasmMatchesTheEncodedForm/fmov_d2,_x3
=== RUN   TestDisasmMatchesTheEncodedForm/fmov_w0,_s1
=== RUN   TestDisasmMatchesTheEncodedForm/fmov_x2,_d3
=== RUN   TestDisasmMatchesTheEncodedForm/str_s0,_[x1,_#4]
=== RUN   TestDisasmMatchesTheEncodedForm/ldr_d2,_[x3,_#8]
=== RUN   TestDisasmMatchesTheEncodedForm/str_q0,_[x1]
=== RUN   TestDisasmMatchesTheEncodedForm/ldr_q2,_[x3,_#16]
=== RUN   TestDisasmMatchesTheEncodedForm/mov_v0.16b,_v1.16b
=== RUN   TestDisasmMatchesTheEncodedForm/stp_x29,_x30,_[sp,_#-16]!
=== RUN   TestDisasmMatchesTheEncodedForm/ldp_x29,_x30,_[sp],_#16
=== RUN   TestDisasmMatchesTheEncodedForm/stp_x0,_x1,_[x2,_#16]
=== RUN   TestDisasmMatchesTheEncodedForm/stp_w3,_w4,_[x5,_#8]
=== RUN   TestDisasmMatchesTheEncodedForm/ldrsb_w0,_[x1]
=== RUN   TestDisasmMatchesTheEncodedForm/ldrsb_x2,_[x3,_#1]
=== RUN   TestDisasmMatchesTheEncodedForm/ldrsh_w4,_[x5,_#2]
=== RUN   TestDisasmMatchesTheEncodedForm/adrp_x0,_.
=== RUN   TestDisasmMatchesTheEncodedForm/adr_x0,_.
=== RUN   TestDisasmMatchesTheEncodedForm/add_sp,_sp,_#1,_lsl_#12
=== RUN   TestDisasmMatchesTheEncodedForm/sub_x0,_x1,_#2,_lsl_#12
=== RUN   TestDisasmMatchesTheEncodedForm/sxtb_w0,_w1
=== RUN   TestDisasmMatchesTheEncodedForm/sxtb_x2,_w3
=== RUN   TestDisasmMatchesTheEncodedForm/sxth_w4,_w5
=== RUN   TestDisasmMatchesTheEncodedForm/sxtw_x6,_w7
=== RUN   TestDisasmMatchesTheEncodedForm/uxtb_w0,_w1
=== RUN   TestDisasmMatchesTheEncodedForm/uxth_w2,_w3
=== RUN   TestDisasmMatchesTheEncodedForm/neg_x0,_x1
=== RUN   TestDisasmMatchesTheEncodedForm/add_x0,_x1,_w2,_sxtw
=== RUN   TestDisasmMatchesTheEncodedForm/add_x5,_x9,_w10,_sxtw
=== RUN   TestDisasmMatchesTheEncodedForm/mrs_x0,_tpidr_el0
=== RUN   TestDisasmMatchesTheEncodedForm/mrs_x5,_tpidr_el0
=== RUN   TestDisasmMatchesTheEncodedForm/ldr_x0,_[x1],_#8
=== RUN   TestDisasmMatchesTheEncodedForm/ldr_x0,_[x1,_#8]!
=== RUN   TestDisasmMatchesTheEncodedForm/ldr_w2,_[x3],_#-4
=== RUN   TestDisasmMatchesTheEncodedForm/str_x4,_[x5],_#8
=== RUN   TestDisasmMatchesTheEncodedForm/str_x6,_[x7,_#-8]!
=== RUN   TestDisasmMatchesTheEncodedForm/ldrb_w4,_[x1],_#1
=== RUN   TestDisasmMatchesTheEncodedForm/strb_w8,_[x9],_#1
=== RUN   TestDisasmMatchesTheEncodedForm/ldrsb_x9,_[x10],_#1
=== RUN   TestDisasmMatchesTheEncodedForm/ldrsb_w9,_[x10],_#1
=== RUN   TestDisasmMatchesTheEncodedForm/ldrh_w0,_[x1],_#2
=== RUN   TestDisasmMatchesTheEncodedForm/strh_w2,_[x3,_#-2]!
=== RUN   TestDisasmMatchesTheEncodedForm/ldrsh_x4,_[x5],_#2
=== RUN   TestDisasmMatchesTheEncodedForm/ldrsw_x6,_[x7],_#4
=== RUN   TestDisasmMatchesTheEncodedForm/ccmp_x1,_x2,_#0,_eq
=== RUN   TestDisasmMatchesTheEncodedForm/ccmp_x3,_x4,_#4,_ne
=== RUN   TestDisasmMatchesTheEncodedForm/ccmp_w5,_w6,_#2,_lt
=== RUN   TestDisasmMatchesTheEncodedForm/ccmp_x6,_x7,_#15,_gt
=== RUN   TestDisasmMatchesTheEncodedForm/ccmp_w5,_#7,_#2,_lt
=== RUN   TestDisasmMatchesTheEncodedForm/ccmp_x8,_#31,_#8,_ge
--- PASS: TestDisasmMatchesTheEncodedForm (0.00s)
    --- PASS: TestDisasmMatchesTheEncodedForm/add_w1,_w2,_w3 (0.00s)
    --- PASS: TestDisasmMatchesTheEncodedForm/add_x1,_x2,_x3 (0.00s)
    --- PASS: TestDisasmMatchesTheEncodedForm/sub_x5,_x6,_x7 (0.00s)
    --- PASS: TestDisasmMatchesTheEncodedForm/subs_x1,_x2,_x3 (0.00s)
    --- PASS: TestDisasmMatchesTheEncodedForm/cmp_x9,_x10 (0.00s)
    --- PASS: TestDisasmMatchesTheEncodedForm/add_x1,_x2,_#5 (0.00s)
    --- PASS: TestDisasmMatchesTheEncodedForm/add_x11,_x12,_#4095 (0.00s)
    --- PASS: TestDisasmMatchesTheEncodedForm/sub_w3,_w4,_#10 (0.00s)
    --- PASS: TestDisasmMatchesTheEncodedForm/and_x1,_x2,_x3 (0.00s)
    --- PASS: TestDisasmMatchesTheEncodedForm/orr_w4,_w5,_w6 (0.00s)
    --- PASS: TestDisasmMatchesTheEncodedForm/eor_x7,_x8,_x9 (0.00s)
    --- PASS: TestDisasmMatchesTheEncodedForm/mov_x1,_x2 (0.00s)
    --- PASS: TestDisasmMatchesTheEncodedForm/movz_x1,_#0x1234 (0.00s)
    --- PASS: TestDisasmMatchesTheEncodedForm/movz_x1,_#0x1234,_lsl_#16 (0.00s)
    --- PASS: TestDisasmMatchesTheEncodedForm/movk_w2,_#0xabcd (0.00s)
    --- PASS: TestDisasmMatchesTheEncodedForm/movn_x3,_#0xff,_lsl_#32 (0.00s)
    --- PASS: TestDisasmMatchesTheEncodedForm/udiv_x1,_x2,_x3 (0.00s)
    --- PASS: TestDisasmMatchesTheEncodedForm/sdiv_w4,_w5,_w6 (0.00s)
    --- PASS: TestDisasmMatchesTheEncodedForm/lsl_x1,_x2,_x3 (0.00s)
    --- PASS: TestDisasmMatchesTheEncodedForm/lsr_w4,_w5,_w6 (0.00s)
    --- PASS: TestDisasmMatchesTheEncodedForm/asr_x7,_x8,_x9 (0.00s)
    --- PASS: TestDisasmMatchesTheEncodedForm/madd_x1,_x2,_x3,_x4 (0.00s)
    --- PASS: TestDisasmMatchesTheEncodedForm/msub_w5,_w6,_w7,_w8 (0.00s)
    --- PASS: TestDisasmMatchesTheEncodedForm/mul_x1,_x2,_x3 (0.00s)
    --- PASS: TestDisasmMatchesTheEncodedForm/csel_x1,_x2,_x3,_eq (0.00s)
    --- PASS: TestDisasmMatchesTheEncodedForm/cset_w1,_ne (0.00s)
    --- PASS: TestDisasmMatchesTheEncodedForm/cset_x2,_ge (0.00s)
    --- PASS: TestDisasmMatchesTheEncodedForm/b_. (0.00s)
    --- PASS: TestDisasmMatchesTheEncodedForm/bl_. (0.00s)
    --- PASS: TestDisasmMatchesTheEncodedForm/b.eq_. (0.00s)
    --- PASS: TestDisasmMatchesTheEncodedForm/cbz_x1,_. (0.00s)
    --- PASS: TestDisasmMatchesTheEncodedForm/cbnz_w2,_. (0.00s)
    --- PASS: TestDisasmMatchesTheEncodedForm/ret (0.00s)
    --- PASS: TestDisasmMatchesTheEncodedForm/br_x1 (0.00s)
    --- PASS: TestDisasmMatchesTheEncodedForm/blr_x2 (0.00s)
    --- PASS: TestDisasmMatchesTheEncodedForm/brk_#0 (0.00s)
    --- PASS: TestDisasmMatchesTheEncodedForm/brk_#7 (0.00s)
    --- PASS: TestDisasmMatchesTheEncodedForm/str_x0,_[x1,_#8] (0.00s)
    --- PASS: TestDisasmMatchesTheEncodedForm/str_w2,_[x3,_#12] (0.00s)
    --- PASS: TestDisasmMatchesTheEncodedForm/ldr_x4,_[x5,_#16] (0.00s)
    --- PASS: TestDisasmMatchesTheEncodedForm/ldr_w6,_[x7,_#4] (0.00s)
    --- PASS: TestDisasmMatchesTheEncodedForm/strb_w0,_[x1] (0.00s)
    --- PASS: TestDisasmMatchesTheEncodedForm/ldrb_w2,_[x3,_#1] (0.00s)
    --- PASS: TestDisasmMatchesTheEncodedForm/strh_w4,_[x5,_#2] (0.00s)
    --- PASS: TestDisasmMatchesTheEncodedForm/ldrh_w6,_[x7,_#4] (0.00s)
    --- PASS: TestDisasmMatchesTheEncodedForm/ldrsw_x1,_[x2,_#8] (0.00s)
    --- PASS: TestDisasmMatchesTheEncodedForm/cmp_w1,_#16 (0.00s)
    --- PASS: TestDisasmMatchesTheEncodedForm/cmp_x2,_#4095 (0.00s)
    --- PASS: TestDisasmMatchesTheEncodedForm/lsl_w1,_w2,_#7 (0.00s)
    --- PASS: TestDisasmMatchesTheEncodedForm/lsl_x3,_x4,_#40 (0.00s)
    --- PASS: TestDisasmMatchesTheEncodedForm/lsr_w5,_w6,_#25 (0.00s)
    --- PASS: TestDisasmMatchesTheEncodedForm/lsr_x7,_x8,_#1 (0.00s)
    --- PASS: TestDisasmMatchesTheEncodedForm/asr_w1,_w2,_#3 (0.00s)
    --- PASS: TestDisasmMatchesTheEncodedForm/asr_x3,_x4,_#10 (0.00s)
    --- PASS: TestDisasmMatchesTheEncodedForm/ror_w9,_w10,_#7 (0.00s)
    --- PASS: TestDisasmMatchesTheEncodedForm/ror_x11,_x12,_#40 (0.00s)
    --- PASS: TestDisasmMatchesTheEncodedForm/extr_w1,_w2,_w3,_#5 (0.00s)
    --- PASS: TestDisasmMatchesTheEncodedForm/and_w1,_w2,_#0xff (0.00s)
    --- PASS: TestDisasmMatchesTheEncodedForm/and_x3,_x4,_#0xffff (0.00s)
    --- PASS: TestDisasmMatchesTheEncodedForm/orr_w5,_w6,_#0xf0f0f0f0 (0.00s)
    --- PASS: TestDisasmMatchesTheEncodedForm/eor_x7,_x8,_#0x1 (0.00s)
    --- PASS: TestDisasmMatchesTheEncodedForm/and_w9,_w10,_#0xfffffff8 (0.00s)
    --- PASS: TestDisasmMatchesTheEncodedForm/bic_w1,_w2,_w3 (0.00s)
    --- PASS: TestDisasmMatchesTheEncodedForm/bic_x4,_x5,_x6 (0.00s)
    --- PASS: TestDisasmMatchesTheEncodedForm/orn_w7,_w8,_w9 (0.00s)
    --- PASS: TestDisasmMatchesTheEncodedForm/mvn_w10,_w11 (0.00s)
    --- PASS: TestDisasmMatchesTheEncodedForm/mvn_x12,_x13 (0.00s)
    --- PASS: TestDisasmMatchesTheEncodedForm/ldr_w1,_[x2,_w3,_sxtw_#2] (0.00s)
    --- PASS: TestDisasmMatchesTheEncodedForm/ldr_w4,_[x5,_x6,_lsl_#2] (0.00s)
    --- PASS: TestDisasmMatchesTheEncodedForm/ldr_x7,_[x8,_x9,_lsl_#3] (0.00s)
    --- PASS: TestDisasmMatchesTheEncodedForm/str_w1,_[x2,_w3,_sxtw_#2] (0.00s)
    --- PASS: TestDisasmMatchesTheEncodedForm/str_w4,_[x5,_x6,_lsl_#2] (0.00s)
    --- PASS: TestDisasmMatchesTheEncodedForm/ldrb_w1,_[x2,_w3,_sxtw] (0.00s)
    --- PASS: TestDisasmMatchesTheEncodedForm/ldrb_w4,_[x5,_x6] (0.00s)
    --- PASS: TestDisasmMatchesTheEncodedForm/strb_w1,_[x2,_w3,_sxtw] (0.00s)
    --- PASS: TestDisasmMatchesTheEncodedForm/ldrsw_x1,_[x2,_w3,_sxtw_#2] (0.00s)
    --- PASS: TestDisasmMatchesTheEncodedForm/ldrh_w4,_[x5,_w6,_uxtw_#1] (0.00s)
    --- PASS: TestDisasmMatchesTheEncodedForm/clz_w1,_w2 (0.00s)
    --- PASS: TestDisasmMatchesTheEncodedForm/clz_x3,_x4 (0.00s)
    --- PASS: TestDisasmMatchesTheEncodedForm/svc_#0 (0.00s)
    --- PASS: TestDisasmMatchesTheEncodedForm/svc_#128 (0.00s)
    --- PASS: TestDisasmMatchesTheEncodedForm/dmb_sy (0.00s)
    --- PASS: TestDisasmMatchesTheEncodedForm/dmb_ish (0.00s)
    --- PASS: TestDisasmMatchesTheEncodedForm/dmb_ishst (0.00s)
    --- PASS: TestDisasmMatchesTheEncodedForm/dmb_ld (0.00s)
    --- PASS: TestDisasmMatchesTheEncodedForm/dmb_st (0.00s)
    --- PASS: TestDisasmMatchesTheEncodedForm/dsb_sy (0.00s)
    --- PASS: TestDisasmMatchesTheEncodedForm/dsb_ish (0.00s)
    --- PASS: TestDisasmMatchesTheEncodedForm/isb (0.00s)
    --- PASS: TestDisasmMatchesTheEncodedForm/ldxr_w0,_[x1] (0.00s)
    --- PASS: TestDisasmMatchesTheEncodedForm/ldxr_x2,_[x3] (0.00s)
    --- PASS: TestDisasmMatchesTheEncodedForm/ldaxr_w4,_[x5] (0.00s)
    --- PASS: TestDisasmMatchesTheEncodedForm/ldaxr_x6,_[x7] (0.00s)
    --- PASS: TestDisasmMatchesTheEncodedForm/stxr_w0,_w1,_[x2] (0.00s)
    --- PASS: TestDisasmMatchesTheEncodedForm/stxr_w3,_x4,_[x5] (0.00s)
    --- PASS: TestDisasmMatchesTheEncodedForm/stlxr_w6,_w7,_[x8] (0.00s)
    --- PASS: TestDisasmMatchesTheEncodedForm/stlxr_w9,_x10,_[x11] (0.00s)
    --- PASS: TestDisasmMatchesTheEncodedForm/ldar_w0,_[x1] (0.00s)
    --- PASS: TestDisasmMatchesTheEncodedForm/ldar_x2,_[x3] (0.00s)
    --- PASS: TestDisasmMatchesTheEncodedForm/stlr_w4,_[x5] (0.00s)
    --- PASS: TestDisasmMatchesTheEncodedForm/stlr_x6,_[x7] (0.00s)
    --- PASS: TestDisasmMatchesTheEncodedForm/ldaxrb_w0,_[x1] (0.00s)
    --- PASS: TestDisasmMatchesTheEncodedForm/ldaxrh_w2,_[x3] (0.00s)
    --- PASS: TestDisasmMatchesTheEncodedForm/stlxrb_w4,_w5,_[x6] (0.00s)
    --- PASS: TestDisasmMatchesTheEncodedForm/stlxrh_w7,_w8,_[x9] (0.00s)
    --- PASS: TestDisasmMatchesTheEncodedForm/ldarb_w0,_[x1] (0.00s)
    --- PASS: TestDisasmMatchesTheEncodedForm/ldarh_w2,_[x3] (0.00s)
    --- PASS: TestDisasmMatchesTheEncodedForm/stlrb_w4,_[x5] (0.00s)
    --- PASS: TestDisasmMatchesTheEncodedForm/stlrh_w6,_[x7] (0.00s)
    --- PASS: TestDisasmMatchesTheEncodedForm/mrs_x0,_fpcr (0.00s)
    --- PASS: TestDisasmMatchesTheEncodedForm/mrs_x1,_fpsr (0.00s)
    --- PASS: TestDisasmMatchesTheEncodedForm/mrs_x2,_nzcv (0.00s)
    --- PASS: TestDisasmMatchesTheEncodedForm/mrs_x3,_cntvct_el0 (0.00s)
    --- PASS: TestDisasmMatchesTheEncodedForm/mrs_x4,_midr_el1 (0.00s)
    --- PASS: TestDisasmMatchesTheEncodedForm/msr_fpcr,_x5 (0.00s)
    --- PASS: TestDisasmMatchesTheEncodedForm/msr_nzcv,_x6 (0.00s)
    --- PASS: TestDisasmMatchesTheEncodedForm/msr_tpidr_el0,_x7 (0.00s)
    --- PASS: TestDisasmMatchesTheEncodedForm/fadd_s0,_s1,_s2 (0.00s)
    --- PASS: TestDisasmMatchesTheEncodedForm/fsub_d3,_d4,_d5 (0.00s)
    --- PASS: TestDisasmMatchesTheEncodedForm/fmul_s6,_s7,_s8 (0.00s)
    --- PASS: TestDisasmMatchesTheEncodedForm/fdiv_d0,_d1,_d2 (0.00s)
    --- PASS: TestDisasmMatchesTheEncodedForm/fneg_s0,_s1 (0.00s)
    --- PASS: TestDisasmMatchesTheEncodedForm/fneg_d2,_d3 (0.00s)
    --- PASS: TestDisasmMatchesTheEncodedForm/fmov_s0,_s1 (0.00s)
    --- PASS: TestDisasmMatchesTheEncodedForm/fmov_d4,_d5 (0.00s)
    --- PASS: TestDisasmMatchesTheEncodedForm/fcvt_d0,_s1 (0.00s)
    --- PASS: TestDisasmMatchesTheEncodedForm/fcvt_s2,_d3 (0.00s)
    --- PASS: TestDisasmMatchesTheEncodedForm/fcmp_s0,_s1 (0.00s)
    --- PASS: TestDisasmMatchesTheEncodedForm/fcmp_d2,_d3 (0.00s)
    --- PASS: TestDisasmMatchesTheEncodedForm/fcvtzs_w0,_s1 (0.00s)
    --- PASS: TestDisasmMatchesTheEncodedForm/fcvtzs_x2,_d3 (0.00s)
    --- PASS: TestDisasmMatchesTheEncodedForm/fcvtzu_w4,_s5 (0.00s)
    --- PASS: TestDisasmMatchesTheEncodedForm/scvtf_s0,_w1 (0.00s)
    --- PASS: TestDisasmMatchesTheEncodedForm/scvtf_d2,_x3 (0.00s)
    --- PASS: TestDisasmMatchesTheEncodedForm/ucvtf_s4,_w5 (0.00s)
    --- PASS: TestDisasmMatchesTheEncodedForm/fmov_s0,_w1 (0.00s)
    --- PASS: TestDisasmMatchesTheEncodedForm/fmov_d2,_x3 (0.00s)
    --- PASS: TestDisasmMatchesTheEncodedForm/fmov_w0,_s1 (0.00s)
    --- PASS: TestDisasmMatchesTheEncodedForm/fmov_x2,_d3 (0.00s)
    --- PASS: TestDisasmMatchesTheEncodedForm/str_s0,_[x1,_#4] (0.00s)
    --- PASS: TestDisasmMatchesTheEncodedForm/ldr_d2,_[x3,_#8] (0.00s)
    --- PASS: TestDisasmMatchesTheEncodedForm/str_q0,_[x1] (0.00s)
    --- PASS: TestDisasmMatchesTheEncodedForm/ldr_q2,_[x3,_#16] (0.00s)
    --- PASS: TestDisasmMatchesTheEncodedForm/mov_v0.16b,_v1.16b (0.00s)
    --- PASS: TestDisasmMatchesTheEncodedForm/stp_x29,_x30,_[sp,_#-16]! (0.00s)
    --- PASS: TestDisasmMatchesTheEncodedForm/ldp_x29,_x30,_[sp],_#16 (0.00s)
    --- PASS: TestDisasmMatchesTheEncodedForm/stp_x0,_x1,_[x2,_#16] (0.00s)
    --- PASS: TestDisasmMatchesTheEncodedForm/stp_w3,_w4,_[x5,_#8] (0.00s)
    --- PASS: TestDisasmMatchesTheEncodedForm/ldrsb_w0,_[x1] (0.00s)
    --- PASS: TestDisasmMatchesTheEncodedForm/ldrsb_x2,_[x3,_#1] (0.00s)
    --- PASS: TestDisasmMatchesTheEncodedForm/ldrsh_w4,_[x5,_#2] (0.00s)
    --- PASS: TestDisasmMatchesTheEncodedForm/adrp_x0,_. (0.00s)
    --- PASS: TestDisasmMatchesTheEncodedForm/adr_x0,_. (0.00s)
    --- PASS: TestDisasmMatchesTheEncodedForm/add_sp,_sp,_#1,_lsl_#12 (0.00s)
    --- PASS: TestDisasmMatchesTheEncodedForm/sub_x0,_x1,_#2,_lsl_#12 (0.00s)
    --- PASS: TestDisasmMatchesTheEncodedForm/sxtb_w0,_w1 (0.00s)
    --- PASS: TestDisasmMatchesTheEncodedForm/sxtb_x2,_w3 (0.00s)
    --- PASS: TestDisasmMatchesTheEncodedForm/sxth_w4,_w5 (0.00s)
    --- PASS: TestDisasmMatchesTheEncodedForm/sxtw_x6,_w7 (0.00s)
    --- PASS: TestDisasmMatchesTheEncodedForm/uxtb_w0,_w1 (0.00s)
    --- PASS: TestDisasmMatchesTheEncodedForm/uxth_w2,_w3 (0.00s)
    --- PASS: TestDisasmMatchesTheEncodedForm/neg_x0,_x1 (0.00s)
    --- PASS: TestDisasmMatchesTheEncodedForm/add_x0,_x1,_w2,_sxtw (0.00s)
    --- PASS: TestDisasmMatchesTheEncodedForm/add_x5,_x9,_w10,_sxtw (0.00s)
    --- PASS: TestDisasmMatchesTheEncodedForm/mrs_x0,_tpidr_el0 (0.00s)
    --- PASS: TestDisasmMatchesTheEncodedForm/mrs_x5,_tpidr_el0 (0.00s)
    --- PASS: TestDisasmMatchesTheEncodedForm/ldr_x0,_[x1],_#8 (0.00s)
    --- PASS: TestDisasmMatchesTheEncodedForm/ldr_x0,_[x1,_#8]! (0.00s)
    --- PASS: TestDisasmMatchesTheEncodedForm/ldr_w2,_[x3],_#-4 (0.00s)
    --- PASS: TestDisasmMatchesTheEncodedForm/str_x4,_[x5],_#8 (0.00s)
    --- PASS: TestDisasmMatchesTheEncodedForm/str_x6,_[x7,_#-8]! (0.00s)
    --- PASS: TestDisasmMatchesTheEncodedForm/ldrb_w4,_[x1],_#1 (0.00s)
    --- PASS: TestDisasmMatchesTheEncodedForm/strb_w8,_[x9],_#1 (0.00s)
    --- PASS: TestDisasmMatchesTheEncodedForm/ldrsb_x9,_[x10],_#1 (0.00s)
    --- PASS: TestDisasmMatchesTheEncodedForm/ldrsb_w9,_[x10],_#1 (0.00s)
    --- PASS: TestDisasmMatchesTheEncodedForm/ldrh_w0,_[x1],_#2 (0.00s)
    --- PASS: TestDisasmMatchesTheEncodedForm/strh_w2,_[x3,_#-2]! (0.00s)
    --- PASS: TestDisasmMatchesTheEncodedForm/ldrsh_x4,_[x5],_#2 (0.00s)
    --- PASS: TestDisasmMatchesTheEncodedForm/ldrsw_x6,_[x7],_#4 (0.00s)
    --- PASS: TestDisasmMatchesTheEncodedForm/ccmp_x1,_x2,_#0,_eq (0.00s)
    --- PASS: TestDisasmMatchesTheEncodedForm/ccmp_x3,_x4,_#4,_ne (0.00s)
    --- PASS: TestDisasmMatchesTheEncodedForm/ccmp_w5,_w6,_#2,_lt (0.00s)
    --- PASS: TestDisasmMatchesTheEncodedForm/ccmp_x6,_x7,_#15,_gt (0.00s)
    --- PASS: TestDisasmMatchesTheEncodedForm/ccmp_w5,_#7,_#2,_lt (0.00s)
    --- PASS: TestDisasmMatchesTheEncodedForm/ccmp_x8,_#31,_#8,_ge (0.00s)
=== RUN   TestDisasmUnknownWordIsReported
--- PASS: TestDisasmUnknownWordIsReported (0.00s)
=== RUN   TestAssembleEncodings
=== RUN   TestAssembleEncodings/add_x0,_x1,_x2
=== RUN   TestAssembleEncodings/add_w3,_w4,_#5
=== RUN   TestAssembleEncodings/sub_x9,_x10,_x11
=== RUN   TestAssembleEncodings/mul_x0,_x1,_x2
=== RUN   TestAssembleEncodings/udiv_w0,_w1,_w2
=== RUN   TestAssembleEncodings/and_x5,_x6,_x7
=== RUN   TestAssembleEncodings/orr_w0,_w1,_w2
=== RUN   TestAssembleEncodings/eor_x0,_x1,_x2
=== RUN   TestAssembleEncodings/lsl_x0,_x1,_#3
=== RUN   TestAssembleEncodings/lsr_w0,_w1,_w2
=== RUN   TestAssembleEncodings/neg_x0,_x1
=== RUN   TestAssembleEncodings/mvn_w0,_w1
=== RUN   TestAssembleEncodings/mov_x0,_x1
=== RUN   TestAssembleEncodings/mov_w0,_#42
=== RUN   TestAssembleEncodings/cmp_x0,_x1
=== RUN   TestAssembleEncodings/cmp_w0,_#7
=== RUN   TestAssembleEncodings/ldr_x0,_[x1]
=== RUN   TestAssembleEncodings/ldr_w0,_[x1,_#8]
=== RUN   TestAssembleEncodings/str_x2,_[x3,_#16]
=== RUN   TestAssembleEncodings/ldrb_w0,_[x1]
=== RUN   TestAssembleEncodings/ret
=== RUN   TestAssembleEncodings/ret_x5
=== RUN   TestAssembleEncodings/brk_#0
=== RUN   TestAssembleEncodings/nop
=== RUN   TestAssembleEncodings/hint_#0
=== RUN   TestAssembleEncodings/hint_#8
=== RUN   TestAssembleEncodings/hint_#12
=== RUN   TestAssembleEncodings/casal_w0,_w1,_[x2]
=== RUN   TestAssembleEncodings/casal_x3,_x4,_[x5]
=== RUN   TestAssembleEncodings/swpalb_w6,_w7,_[x8]
=== RUN   TestAssembleEncodings/swpal_w9,_w10,_[x11]
=== RUN   TestAssembleEncodings/swpal_x12,_x13,_[x14]
=== RUN   TestAssembleEncodings/ldaddal_w15,_w16,_[x17]
=== RUN   TestAssembleEncodings/ldaddal_x18,_x19,_[x20]
=== RUN   TestAssembleEncodings/ldclralb_w21,_w22,_[x23]
=== RUN   TestAssembleEncodings/ldclral_w24,_w25,_[x26]
=== RUN   TestAssembleEncodings/ldsetalb_w3,_w4,_[x5]
=== RUN   TestAssembleEncodings/ldsetal_x9,_x10,_[x11]
=== RUN   TestAssembleEncodings/ldarb_w12,_[x13]
=== RUN   TestAssembleEncodings/stlrb_w14,_[x15]
=== RUN   TestAssembleEncodings/ldaxrb_w16,_[x17]
=== RUN   TestAssembleEncodings/stlxrb_w18,_w19,_[x20]
--- PASS: TestAssembleEncodings (0.00s)
    --- PASS: TestAssembleEncodings/add_x0,_x1,_x2 (0.00s)
    --- PASS: TestAssembleEncodings/add_w3,_w4,_#5 (0.00s)
    --- PASS: TestAssembleEncodings/sub_x9,_x10,_x11 (0.00s)
    --- PASS: TestAssembleEncodings/mul_x0,_x1,_x2 (0.00s)
    --- PASS: TestAssembleEncodings/udiv_w0,_w1,_w2 (0.00s)
    --- PASS: TestAssembleEncodings/and_x5,_x6,_x7 (0.00s)
    --- PASS: TestAssembleEncodings/orr_w0,_w1,_w2 (0.00s)
    --- PASS: TestAssembleEncodings/eor_x0,_x1,_x2 (0.00s)
    --- PASS: TestAssembleEncodings/lsl_x0,_x1,_#3 (0.00s)
    --- PASS: TestAssembleEncodings/lsr_w0,_w1,_w2 (0.00s)
    --- PASS: TestAssembleEncodings/neg_x0,_x1 (0.00s)
    --- PASS: TestAssembleEncodings/mvn_w0,_w1 (0.00s)
    --- PASS: TestAssembleEncodings/mov_x0,_x1 (0.00s)
    --- PASS: TestAssembleEncodings/mov_w0,_#42 (0.00s)
    --- PASS: TestAssembleEncodings/cmp_x0,_x1 (0.00s)
    --- PASS: TestAssembleEncodings/cmp_w0,_#7 (0.00s)
    --- PASS: TestAssembleEncodings/ldr_x0,_[x1] (0.00s)
    --- PASS: TestAssembleEncodings/ldr_w0,_[x1,_#8] (0.00s)
    --- PASS: TestAssembleEncodings/str_x2,_[x3,_#16] (0.00s)
    --- PASS: TestAssembleEncodings/ldrb_w0,_[x1] (0.00s)
    --- PASS: TestAssembleEncodings/ret (0.00s)
    --- PASS: TestAssembleEncodings/ret_x5 (0.00s)
    --- PASS: TestAssembleEncodings/brk_#0 (0.00s)
    --- PASS: TestAssembleEncodings/nop (0.00s)
    --- PASS: TestAssembleEncodings/hint_#0 (0.00s)
    --- PASS: TestAssembleEncodings/hint_#8 (0.00s)
    --- PASS: TestAssembleEncodings/hint_#12 (0.00s)
    --- PASS: TestAssembleEncodings/casal_w0,_w1,_[x2] (0.00s)
    --- PASS: TestAssembleEncodings/casal_x3,_x4,_[x5] (0.00s)
    --- PASS: TestAssembleEncodings/swpalb_w6,_w7,_[x8] (0.00s)
    --- PASS: TestAssembleEncodings/swpal_w9,_w10,_[x11] (0.00s)
    --- PASS: TestAssembleEncodings/swpal_x12,_x13,_[x14] (0.00s)
    --- PASS: TestAssembleEncodings/ldaddal_w15,_w16,_[x17] (0.00s)
    --- PASS: TestAssembleEncodings/ldaddal_x18,_x19,_[x20] (0.00s)
    --- PASS: TestAssembleEncodings/ldclralb_w21,_w22,_[x23] (0.00s)
    --- PASS: TestAssembleEncodings/ldclral_w24,_w25,_[x26] (0.00s)
    --- PASS: TestAssembleEncodings/ldsetalb_w3,_w4,_[x5] (0.00s)
    --- PASS: TestAssembleEncodings/ldsetal_x9,_x10,_[x11] (0.00s)
    --- PASS: TestAssembleEncodings/ldarb_w12,_[x13] (0.00s)
    --- PASS: TestAssembleEncodings/stlrb_w14,_[x15] (0.00s)
    --- PASS: TestAssembleEncodings/ldaxrb_w16,_[x17] (0.00s)
    --- PASS: TestAssembleEncodings/stlxrb_w18,_w19,_[x20] (0.00s)
=== RUN   TestAssembleBranches
--- PASS: TestAssembleBranches (0.00s)
=== RUN   TestAssembleRawInstructionWord
--- PASS: TestAssembleRawInstructionWord (0.00s)
=== RUN   TestTextAssemblerCPUIdentificationRegisters
--- PASS: TestTextAssemblerCPUIdentificationRegisters (0.00s)
=== RUN   TestTextAssemblerDITSequence
--- PASS: TestTextAssemblerDITSequence (0.00s)
=== RUN   TestAssembleErrors
--- PASS: TestAssembleErrors (0.00s)
=== RUN   TestLinkExternalBranch
--- PASS: TestLinkExternalBranch (0.00s)
=== RUN   TestWidenedParsingMatchesAssembler
--- PASS: TestWidenedParsingMatchesAssembler (0.01s)
=== RUN   TestWidenedFormsRejectBadOperands
--- PASS: TestWidenedFormsRejectBadOperands (0.00s)
PASS
ok  	github.com/evanphx/cg12/arm64/a64	0.075s
=== RUN   TestEncode
--- PASS: TestEncode (0.00s)
=== RUN   TestCompileArith
--- PASS: TestCompileArith (0.00s)
=== RUN   TestCompileLoopAndCall
--- PASS: TestCompileLoopAndCall (0.04s)
=== RUN   TestUnknownHelperRejected
--- PASS: TestUnknownHelperRejected (0.04s)
=== RUN   TestELFStructure
--- PASS: TestELFStructure (0.03s)
=== RUN   TestBTFExt
--- PASS: TestBTFExt (0.04s)
=== RUN   TestLibbpfLoad
=== RUN   TestLibbpfLoad/subprograms
libbpf: Failed to bump RLIMIT_MEMLOCK (err = -1), you might need to do it explicitly!
libbpf: Error in bpf_object__probe_loading():Operation not permitted(1). Couldn't load trivial BPF program. Make sure your kernel supports BPF (CONFIG_BPF_SYSCALL=y) and/or that RLIMIT_MEMLOCK is set to big enough value.
libbpf: failed to load object '557e2e2a0000-568'
    libbpf_test.go:53: no privilege to load eBPF
=== RUN   TestLibbpfLoad/array_map
libbpf: Error in bpf_object__probe_loading():Operation not permitted(1). Couldn't load trivial BPF program. Make sure your kernel supports BPF (CONFIG_BPF_SYSCALL=y) and/or that RLIMIT_MEMLOCK is set to big enough value.
libbpf: failed to load object '557e2e0a0000-640'
    libbpf_test.go:67: no privilege to load eBPF (run as root or with CAP_BPF)
=== RUN   TestLibbpfLoad/hash_map_kprobe
libbpf: Error in bpf_object__probe_loading():Operation not permitted(1). Couldn't load trivial BPF program. Make sure your kernel supports BPF (CONFIG_BPF_SYSCALL=y) and/or that RLIMIT_MEMLOCK is set to big enough value.
libbpf: failed to load object '557e2e0a0000-688'
    libbpf_test.go:67: no privilege to load eBPF (run as root or with CAP_BPF)
=== RUN   TestLibbpfLoad/map_and_rodata
libbpf: Error in bpf_object__probe_loading():Operation not permitted(1). Couldn't load trivial BPF program. Make sure your kernel supports BPF (CONFIG_BPF_SYSCALL=y) and/or that RLIMIT_MEMLOCK is set to big enough value.
libbpf: failed to load object '557e2e160800-740'
    libbpf_test.go:67: no privilege to load eBPF (run as root or with CAP_BPF)
--- PASS: TestLibbpfLoad (0.16s)
    --- SKIP: TestLibbpfLoad/subprograms (0.00s)
    --- SKIP: TestLibbpfLoad/array_map (0.04s)
    --- SKIP: TestLibbpfLoad/hash_map_kprobe (0.05s)
    --- SKIP: TestLibbpfLoad/map_and_rodata (0.04s)
=== RUN   TestKernelVerifier
=== RUN   TestKernelVerifier/arith
    load_test.go:18: no privilege to load eBPF (run as root or with CAP_BPF)
=== RUN   TestKernelVerifier/loop
    load_test.go:18: no privilege to load eBPF (run as root or with CAP_BPF)
=== RUN   TestKernelVerifier/bitops
    load_test.go:18: no privilege to load eBPF (run as root or with CAP_BPF)
=== RUN   TestKernelVerifier/helper
    load_test.go:18: no privilege to load eBPF (run as root or with CAP_BPF)
=== RUN   TestKernelVerifier/pid
    load_test.go:18: no privilege to load eBPF (run as root or with CAP_BPF)
--- PASS: TestKernelVerifier (0.19s)
    --- SKIP: TestKernelVerifier/arith (0.04s)
    --- SKIP: TestKernelVerifier/loop (0.04s)
    --- SKIP: TestKernelVerifier/bitops (0.04s)
    --- SKIP: TestKernelVerifier/helper (0.04s)
    --- SKIP: TestKernelVerifier/pid (0.04s)
=== RUN   TestKernelMapProgram
    load_test.go:18: no privilege to load eBPF (run as root or with CAP_BPF)
--- SKIP: TestKernelMapProgram (0.03s)
=== RUN   TestKernelRodataPrintk
    load_test.go:18: no privilege to load eBPF (run as root or with CAP_BPF)
--- SKIP: TestKernelRodataPrintk (0.04s)
=== RUN   TestKernelDataGlobal
    load_test.go:18: no privilege to load eBPF (run as root or with CAP_BPF)
--- SKIP: TestKernelDataGlobal (0.03s)
=== RUN   TestKernelPerCPUMap
    load_test.go:18: no privilege to load eBPF (run as root or with CAP_BPF)
--- SKIP: TestKernelPerCPUMap (0.03s)
=== RUN   TestKernelTailCall
    load_test.go:18: no privilege to load eBPF (run as root or with CAP_BPF)
--- SKIP: TestKernelTailCall (0.03s)
=== RUN   TestKernelSubprograms
    load_test.go:18: no privilege to load eBPF (run as root or with CAP_BPF)
--- SKIP: TestKernelSubprograms (0.03s)
PASS
ok  	github.com/evanphx/cg12/bpf	0.752s
?   	github.com/evanphx/cg12/bpf/internal/libbpfload	[no test files]
=== RUN   TestDriver
--- PASS: TestDriver (0.90s)
PASS
ok  	github.com/evanphx/cg12/cmd/cc	0.923s
=== RUN   TestDecodeModuleAutodetect
--- PASS: TestDecodeModuleAutodetect (0.00s)
PASS
ok  	github.com/evanphx/cg12/cmd/cg12	0.037s
?   	github.com/evanphx/cg12/cmd/cg12cc	[no test files]
?   	github.com/evanphx/cg12/cmd/viz	[no test files]
=== RUN   TestRunReportsExitAndOutput
--- PASS: TestRunReportsExitAndOutput (0.02s)
=== RUN   TestRunUsesTheEmulatorForAForeignMachine
--- PASS: TestRunUsesTheEmulatorForAForeignMachine (0.01s)
=== RUN   TestExitIsRunsStatus
--- PASS: TestExitIsRunsStatus (0.03s)
=== RUN   TestLinkLineShape
--- PASS: TestLinkLineShape (0.01s)
=== RUN   TestObjectInputsAreNotCompiled
--- PASS: TestObjectInputsAreNotCompiled (0.02s)
=== RUN   TestInputsWithTheSameNameCoexist
--- PASS: TestInputsWithTheSameNameCoexist (0.01s)
=== RUN   TestNoStartStubLinksOnlyTheInputs
--- PASS: TestNoStartStubLinksOnlyTheInputs (0.01s)
=== RUN   TestWithLinkArgsDoesNotMutateTheOriginal
--- PASS: TestWithLinkArgsDoesNotMutateTheOriginal (0.00s)
=== RUN   TestInputConstructors
--- PASS: TestInputConstructors (0.00s)
=== RUN   TestDiagnose
--- PASS: TestDiagnose (0.00s)
=== RUN   TestX8664FreestandingConfiguration
--- PASS: TestX8664FreestandingConfiguration (0.00s)
=== RUN   TestNativeOnMatchingHost
--- PASS: TestNativeOnMatchingHost (0.00s)
=== RUN   TestNativeAgreesWithHost
--- PASS: TestNativeAgreesWithHost (0.00s)
=== RUN   TestRunnerNativeNeedsNoEmulator
--- PASS: TestRunnerNativeNeedsNoEmulator (0.00s)
=== RUN   TestRunnerCrossUsesEmulator
--- PASS: TestRunnerCrossUsesEmulator (0.00s)
=== RUN   TestCommandShape
--- PASS: TestCommandShape (0.00s)
=== RUN   TestMissingEmulatorSkipsAndFailsUnderRequireTools
=== RUN   TestMissingEmulatorSkipsAndFailsUnderRequireTools/missing_emulator_skips
=== RUN   TestMissingEmulatorSkipsAndFailsUnderRequireTools/missing_emulator_fails_under_CG12_REQUIRE_TOOLS
=== RUN   TestMissingEmulatorSkipsAndFailsUnderRequireTools/no_emulator_known_is_a_plain_skip_even_under_CG12_REQUIRE_TOOLS
--- PASS: TestMissingEmulatorSkipsAndFailsUnderRequireTools (0.01s)
    --- PASS: TestMissingEmulatorSkipsAndFailsUnderRequireTools/missing_emulator_skips (0.01s)
    --- PASS: TestMissingEmulatorSkipsAndFailsUnderRequireTools/missing_emulator_fails_under_CG12_REQUIRE_TOOLS (0.00s)
    --- PASS: TestMissingEmulatorSkipsAndFailsUnderRequireTools/no_emulator_known_is_a_plain_skip_even_under_CG12_REQUIRE_TOOLS (0.00s)
=== RUN   TestChildMissingEmulator
--- PASS: TestChildMissingEmulator (0.00s)
=== RUN   TestChildUnemulatableMachine
--- PASS: TestChildUnemulatableMachine (0.00s)
PASS
ok  	github.com/evanphx/cg12/internal/backendtest	0.138s
?   	github.com/evanphx/cg12/internal/cc	[no test files]
=== RUN   TestGoGCProgramEncodesExactPointerWords
--- PASS: TestGoGCProgramEncodesExactPointerWords (0.00s)
=== RUN   TestGoFunctionMetadataFollowsEmittedTextOffsets
--- PASS: TestGoFunctionMetadataFollowsEmittedTextOffsets (0.00s)
=== RUN   TestGoFunctionMetadataSortsTranslatedAssemblyWithGeneratedFunctions
--- PASS: TestGoFunctionMetadataSortsTranslatedAssemblyWithGeneratedFunctions (0.00s)
=== RUN   TestGoFindFuncBucketCountCoversLargeTextRanges
--- PASS: TestGoFindFuncBucketCountCoversLargeTextRanges (0.00s)
=== RUN   TestGoFindFuncBucketCountSizesToAKnownTextSpan
--- PASS: TestGoFindFuncBucketCountSizesToAKnownTextSpan (0.00s)
=== RUN   TestGoFindFuncBucketCountUsesConservativeFallbackWhenTextEndIsExternal
--- PASS: TestGoFindFuncBucketCountUsesConservativeFallbackWhenTextEndIsExternal (0.00s)
=== RUN   TestGoFunctionMetadataPreservesRuntimeFunctionID
--- PASS: TestGoFunctionMetadataPreservesRuntimeFunctionID (0.01s)
=== RUN   TestExtraPCDataAddsOneSlotToFunctionRecords
--- PASS: TestExtraPCDataAddsOneSlotToFunctionRecords (0.00s)
=== RUN   TestGoPCSPTerminatesBeforeFollowingFunction
--- PASS: TestGoPCSPTerminatesBeforeFollowingFunction (0.00s)
=== RUN   TestGoPCSPCountsDeltasInPCQuantumUnits
--- PASS: TestGoPCSPCountsDeltasInPCQuantumUnits (0.00s)
=== RUN   TestGoLocalStackMapExcludesManagedOutgoingArea
--- PASS: TestGoLocalStackMapExcludesManagedOutgoingArea (0.00s)
=== RUN   TestGoUnsafePointPCDataDisablesAsyncPreemption
--- PASS: TestGoUnsafePointPCDataDisablesAsyncPreemption (0.00s)
=== RUN   TestGoStackMapPCDataSwitchesAfterPrologue
--- PASS: TestGoStackMapPCDataSwitchesAfterPrologue (0.00s)
=== RUN   TestGoStackMapPCDataSelectsTheGrowthIndexInThePrologue
--- PASS: TestGoStackMapPCDataSelectsTheGrowthIndexInThePrologue (0.00s)
=== RUN   TestGoStackMapPCDataCoalescesDuplicateFrameStartPoint
--- PASS: TestGoStackMapPCDataCoalescesDuplicateFrameStartPoint (0.00s)
=== RUN   TestGoFunctionStackMapsUseOnlyTheRootsLiveAtEachSafepoint
--- PASS: TestGoFunctionStackMapsUseOnlyTheRootsLiveAtEachSafepoint (0.00s)
=== RUN   TestGoFunctionStackMapsKeepRootlessSafepointsOffTheEntryIndex
--- PASS: TestGoFunctionStackMapsKeepRootlessSafepointsOffTheEntryIndex (0.00s)
=== RUN   TestGoFunctionStackMapsShareTheBodyIndexWhenNoFrameRootExists
--- PASS: TestGoFunctionStackMapsShareTheBodyIndexWhenNoFrameRootExists (0.00s)
=== RUN   TestGoArgumentStackMapsCoverEveryStackMapIndex
--- PASS: TestGoArgumentStackMapsCoverEveryStackMapIndex (0.00s)
=== RUN   TestGoArgumentStackMapsKeepPrologueOnlyWordsOffTheEntryIndex
--- PASS: TestGoArgumentStackMapsKeepPrologueOnlyWordsOffTheEntryIndex (0.00s)
=== RUN   TestGoFunctionStackMapsAddNoGrowthIndexWithoutHomeSlots
--- PASS: TestGoFunctionStackMapsAddNoGrowthIndexWithoutHomeSlots (0.00s)
=== RUN   TestGoArgumentStackMapsEmitOneBitmapPerLocalsMap
--- PASS: TestGoArgumentStackMapsEmitOneBitmapPerLocalsMap (0.00s)
=== RUN   TestGoFunctionStackMapsNormalizeSafepointPointerWords
--- PASS: TestGoFunctionStackMapsNormalizeSafepointPointerWords (0.00s)
=== RUN   TestGoStackMapsSeparateEntryAndBodyRoots
--- PASS: TestGoStackMapsSeparateEntryAndBodyRoots (0.00s)
=== RUN   TestNoLocalPointersAssemblyUsesZeroBitStackMap
--- PASS: TestNoLocalPointersAssemblyUsesZeroBitStackMap (0.00s)
=== RUN   TestModuledataIsEmittedUnderTheGivenName
--- PASS: TestModuledataIsEmittedUnderTheGivenName (0.00s)
=== RUN   TestTextEndSymbolIsPerModule
--- PASS: TestTextEndSymbolIsPerModule (0.00s)
=== RUN   TestModuledataRecordsHasMain
--- PASS: TestModuledataRecordsHasMain (0.00s)
=== RUN   TestModuledataTypelinksAreOffsetsFromTheModuleBase
--- PASS: TestModuledataTypelinksAreOffsetsFromTheModuleBase (0.00s)
=== RUN   TestModuledataTypelinksAreEmptyWithoutDescriptors
--- PASS: TestModuledataTypelinksAreEmptyWithoutDescriptors (0.00s)
=== RUN   TestTypeLinkOutsideTheModuleRegionIsRefused
--- PASS: TestTypeLinkOutsideTheModuleRegionIsRefused (0.00s)
=== RUN   TestFunctionNameTableReservesOffsetZero
--- PASS: TestFunctionNameTableReservesOffsetZero (0.00s)
=== RUN   TestChainModuleWritesTheNextField
--- PASS: TestChainModuleWritesTheNextField (0.00s)
=== RUN   TestChainModuleToExternalNamesAModuleThisObjectDoesNotDefine
--- PASS: TestChainModuleToExternalNamesAModuleThisObjectDoesNotDefine (0.00s)
=== RUN   TestDefaultModuleDataSymbolMatchesTheRuntimeName
--- PASS: TestDefaultModuleDataSymbolMatchesTheRuntimeName (0.00s)
=== RUN   TestUnsafePointPCDataMarksTheWholeFunctionUnsafe
--- PASS: TestUnsafePointPCDataMarksTheWholeFunctionUnsafe (0.00s)
PASS
ok  	github.com/evanphx/cg12/internal/gometa	0.054s
?   	github.com/evanphx/cg12/internal/permodule	[no test files]
?   	github.com/evanphx/cg12/internal/prebuilt	[no test files]
=== RUN   TestPackRoundTrips
--- PASS: TestPackRoundTrips (0.00s)
=== RUN   TestUnmarshalRefusesSomethingElse
--- PASS: TestUnmarshalRefusesSomethingElse (0.00s)
=== RUN   TestUnmarshalRefusesAnotherVersion
--- PASS: TestUnmarshalRefusesAnotherVersion (0.00s)
=== RUN   TestUnmarshalRefusesTruncatedMembers
--- PASS: TestUnmarshalRefusesTruncatedMembers (0.00s)
=== RUN   TestManifestSets
--- PASS: TestManifestSets (0.00s)
PASS
ok  	github.com/evanphx/cg12/internal/runtimepack	0.037s
=== RUN   TestToolSkipsOrFailsByEnvironment
--- PASS: TestToolSkipsOrFailsByEnvironment (0.00s)
=== RUN   TestToolFindsWhatIsThere
--- PASS: TestToolFindsWhatIsThere (0.00s)
=== RUN   TestRequiredReading
--- PASS: TestRequiredReading (0.00s)
PASS
ok  	github.com/evanphx/cg12/internal/testenv	0.025s
=== RUN   TestBytecodePacksRegisters
--- PASS: TestBytecodePacksRegisters (0.00s)
=== RUN   TestAggregateReturnParamArg
--- PASS: TestAggregateReturnParamArg (0.00s)
=== RUN   TestAggregateArgIsCopied
--- PASS: TestAggregateArgIsCopied (0.00s)
=== RUN   TestComputedGoto
--- PASS: TestComputedGoto (0.00s)
=== RUN   TestAtomics
=== RUN   TestAtomics/load-store-long
=== RUN   TestAtomics/load-store-word
=== RUN   TestAtomics/xchg
=== RUN   TestAtomics/cas-success-then-fail
=== RUN   TestAtomics/rmw-add-sub
=== RUN   TestAtomics/rmw-bitwise
=== RUN   TestAtomics/fence
--- PASS: TestAtomics (0.00s)
    --- PASS: TestAtomics/load-store-long (0.00s)
    --- PASS: TestAtomics/load-store-word (0.00s)
    --- PASS: TestAtomics/xchg (0.00s)
    --- PASS: TestAtomics/cas-success-then-fail (0.00s)
    --- PASS: TestAtomics/rmw-add-sub (0.00s)
    --- PASS: TestAtomics/rmw-bitwise (0.00s)
    --- PASS: TestAtomics/fence (0.00s)
=== RUN   TestBytecodeMatchesTreeWalker
=== RUN   TestBytecodeMatchesTreeWalker/add
=== RUN   TestBytecodeMatchesTreeWalker/arith-consts
=== RUN   TestBytecodeMatchesTreeWalker/loop-sum
=== RUN   TestBytecodeMatchesTreeWalker/swap-cycle
=== RUN   TestBytecodeMatchesTreeWalker/recursion-fact
=== RUN   TestBytecodeMatchesTreeWalker/memory
=== RUN   TestBytecodeMatchesTreeWalker/float
=== RUN   TestBytecodeMatchesTreeWalker/aggregate-return-param-arg
=== RUN   TestBytecodeMatchesTreeWalker/aggregate-arg-copied
=== RUN   TestBytecodeMatchesTreeWalker/select
=== RUN   TestBytecodeMatchesTreeWalker/select-zero
=== RUN   TestBytecodeMatchesTreeWalker/stack-intrinsics
=== RUN   TestBytecodeMatchesTreeWalker/allocn
=== RUN   TestBytecodeMatchesTreeWalker/variadic-sum
--- PASS: TestBytecodeMatchesTreeWalker (0.00s)
    --- PASS: TestBytecodeMatchesTreeWalker/add (0.00s)
    --- PASS: TestBytecodeMatchesTreeWalker/arith-consts (0.00s)
    --- PASS: TestBytecodeMatchesTreeWalker/loop-sum (0.00s)
    --- PASS: TestBytecodeMatchesTreeWalker/swap-cycle (0.00s)
    --- PASS: TestBytecodeMatchesTreeWalker/recursion-fact (0.00s)
    --- PASS: TestBytecodeMatchesTreeWalker/memory (0.00s)
    --- PASS: TestBytecodeMatchesTreeWalker/float (0.00s)
    --- PASS: TestBytecodeMatchesTreeWalker/aggregate-return-param-arg (0.00s)
    --- PASS: TestBytecodeMatchesTreeWalker/aggregate-arg-copied (0.00s)
    --- PASS: TestBytecodeMatchesTreeWalker/select (0.00s)
    --- PASS: TestBytecodeMatchesTreeWalker/select-zero (0.00s)
    --- PASS: TestBytecodeMatchesTreeWalker/stack-intrinsics (0.00s)
    --- PASS: TestBytecodeMatchesTreeWalker/allocn (0.00s)
    --- PASS: TestBytecodeMatchesTreeWalker/variadic-sum (0.00s)
=== RUN   TestBytecodePrintfMatches
--- PASS: TestBytecodePrintfMatches (0.00s)
=== RUN   TestBytecodeComputedGoto
--- PASS: TestBytecodeComputedGoto (0.00s)
=== RUN   TestFloatToIntSaturation
--- PASS: TestFloatToIntSaturation (0.00s)
=== RUN   TestIntToFloat
--- PASS: TestIntToFloat (0.00s)
=== RUN   TestFloatCompareNaN
--- PASS: TestFloatCompareNaN (0.00s)
=== RUN   TestSinglePrecisionRounding
--- PASS: TestSinglePrecisionRounding (0.00s)
=== RUN   TestScalarCorpus
--- PASS: TestScalarCorpus (0.00s)
=== RUN   TestShiftMasking
--- PASS: TestShiftMasking (0.00s)
=== RUN   TestDivision
--- PASS: TestDivision (0.00s)
=== RUN   TestWordWrap
--- PASS: TestWordWrap (0.00s)
=== RUN   TestRefusesLowered
--- PASS: TestRefusesLowered (0.00s)
=== RUN   TestMemoryRoundTrip
--- PASS: TestMemoryRoundTrip (0.00s)
=== RUN   TestGlobalLoadBack
--- PASS: TestGlobalLoadBack (0.00s)
=== RUN   TestGlobalPointerInit
--- PASS: TestGlobalPointerInit (0.00s)
=== RUN   TestVariadicSum
--- PASS: TestVariadicSum (0.00s)
=== RUN   TestPrintf
--- PASS: TestPrintf (0.00s)
=== RUN   TestPrintfWidth
--- PASS: TestPrintfWidth (0.00s)
PASS
ok  	github.com/evanphx/cg12/interp	0.042s
=== RUN   TestSwitchSuccs
--- PASS: TestSwitchSuccs (0.00s)
=== RUN   TestBinaryRoundTrip
--- PASS: TestBinaryRoundTrip (0.00s)
=== RUN   TestBinaryDeterministic
--- PASS: TestBinaryDeterministic (0.00s)
=== RUN   TestBinaryEmptyModule
--- PASS: TestBinaryEmptyModule (0.00s)
=== RUN   TestBinaryRejectsBadMagic
--- PASS: TestBinaryRejectsBadMagic (0.00s)
=== RUN   TestBinaryRejectsWrongVersion
--- PASS: TestBinaryRejectsWrongVersion (0.00s)
=== RUN   TestBinaryRejectsTruncated
--- PASS: TestBinaryRejectsTruncated (0.00s)
=== RUN   TestWireNumbersSurviveTheBurnedSlots
--- PASS: TestWireNumbersSurviveTheBurnedSlots (0.00s)
=== RUN   TestInstrRoundTripsEveryField
--- PASS: TestInstrRoundTripsEveryField (0.00s)
=== RUN   TestTempRoundTripsEveryField
--- PASS: TestTempRoundTripsEveryField (0.00s)
=== RUN   TestBuildAndPrintAdd
--- PASS: TestBuildAndPrintAdd (0.00s)
=== RUN   TestEntryCreatesStart
--- PASS: TestEntryCreatesStart (0.00s)
=== RUN   TestNewBlockAutoNames
--- PASS: TestNewBlockAutoNames (0.00s)
=== RUN   TestArithmeticOps
--- PASS: TestArithmeticOps (0.00s)
=== RUN   TestCallerFrameIntrinsics
--- PASS: TestCallerFrameIntrinsics (0.00s)
=== RUN   TestCompareMnemonic
--- PASS: TestCompareMnemonic (0.00s)
=== RUN   TestFloatCompareMnemonic
--- PASS: TestFloatCompareMnemonic (0.00s)
=== RUN   TestLoadStoreOpMapping
--- PASS: TestLoadStoreOpMapping (0.00s)
=== RUN   TestAlloc
--- PASS: TestAlloc (0.00s)
=== RUN   TestAllocBadAlignmentPanics
--- PASS: TestAllocBadAlignmentPanics (0.00s)
=== RUN   TestCallPrinting
--- PASS: TestCallPrinting (0.00s)
=== RUN   TestCallVoid
--- PASS: TestCallVoid (0.00s)
=== RUN   TestPhiAndJnz
--- PASS: TestPhiAndJnz (0.00s)
=== RUN   TestPhiAddEdge
--- PASS: TestPhiAddEdge (0.00s)
=== RUN   TestConstInterning
--- PASS: TestConstInterning (0.00s)
=== RUN   TestConstString
--- PASS: TestConstString (0.00s)
=== RUN   TestConversionBuilders
--- PASS: TestConversionBuilders (0.00s)
=== RUN   TestNewTempAndRef
--- PASS: TestNewTempAndRef (0.00s)
=== RUN   TestClassOfAndTemp
--- PASS: TestClassOfAndTemp (0.00s)
=== RUN   TestBlockSuccs
--- PASS: TestBlockSuccs (0.00s)
=== RUN   TestModulePrintWithTypeAndData
--- PASS: TestModulePrintWithTypeAndData (0.00s)
=== RUN   TestOpaqueTypeAndDataVariants
--- PASS: TestOpaqueTypeAndDataVariants (0.00s)
=== RUN   TestAddTypeAndTypedCall
--- PASS: TestAddTypeAndTypedCall (0.00s)
=== RUN   TestOpInfo
--- PASS: TestOpInfo (0.00s)
=== RUN   TestLoadSubAllWidths
--- PASS: TestLoadSubAllWidths (0.00s)
=== RUN   TestStoreSubAllWidths
--- PASS: TestStoreSubAllWidths (0.00s)
=== RUN   TestVaBuilders
--- PASS: TestVaBuilders (0.00s)
=== RUN   TestUnionLayoutAndPrint
--- PASS: TestUnionLayoutAndPrint (0.00s)
=== RUN   TestVariadicPrint
--- PASS: TestVariadicPrint (0.00s)
=== RUN   TestAggTypeLayout
--- PASS: TestAggTypeLayout (0.00s)
=== RUN   TestAggTypeWithNestedAndArray
--- PASS: TestAggTypeWithNestedAndArray (0.00s)
=== RUN   TestInferStackPointerWordsRecordsManagedStoresIntoAnAllocation
--- PASS: TestInferStackPointerWordsRecordsManagedStoresIntoAnAllocation (0.00s)
=== RUN   TestInferStackPointerWordsFollowsChainedConstantOffsets
--- PASS: TestInferStackPointerWordsFollowsChainedConstantOffsets (0.00s)
=== RUN   TestInferStackPointerWordsIgnoresOffsetsThatAreNotWholeWords
--- PASS: TestInferStackPointerWordsIgnoresOffsetsThatAreNotWholeWords (0.00s)
=== RUN   TestInferStackPointerWordsIgnoresRuntimeComputedAddresses
--- PASS: TestInferStackPointerWordsIgnoresRuntimeComputedAddresses (0.00s)
=== RUN   TestInferStackPointerWordsTreatsAnAllocationResultAsManaged
--- PASS: TestInferStackPointerWordsTreatsAnAllocationResultAsManaged (0.00s)
=== RUN   TestInferStackPointerWordsIgnoresUnmanagedValues
--- PASS: TestInferStackPointerWordsIgnoresUnmanagedValues (0.00s)
=== RUN   TestInferStackPointerWordsDoesNotTreatRawPointerClassAsGCRoot
--- PASS: TestInferStackPointerWordsDoesNotTreatRawPointerClassAsGCRoot (0.00s)
=== RUN   TestInferStackPointerWordsAddsToAnExistingMap
--- PASS: TestInferStackPointerWordsAddsToAnExistingMap (0.00s)
=== RUN   TestInferStackPointerWordsIsIdempotent
--- PASS: TestInferStackPointerWordsIsIdempotent (0.00s)
=== RUN   TestFlattenAggregateReportsPartsInLayoutOrder
--- PASS: TestFlattenAggregateReportsPartsInLayoutOrder (0.00s)
=== RUN   TestFlattenAggregateRefusesShapesWithNoFlatForm
=== RUN   TestFlattenAggregateRefusesShapesWithNoFlatForm/nil
=== RUN   TestFlattenAggregateRefusesShapesWithNoFlatForm/opaque
=== RUN   TestFlattenAggregateRefusesShapesWithNoFlatForm/union
=== RUN   TestFlattenAggregateRefusesShapesWithNoFlatForm/inline_array
=== RUN   TestFlattenAggregateRefusesShapesWithNoFlatForm/nested_array
--- PASS: TestFlattenAggregateRefusesShapesWithNoFlatForm (0.00s)
    --- PASS: TestFlattenAggregateRefusesShapesWithNoFlatForm/nil (0.00s)
    --- PASS: TestFlattenAggregateRefusesShapesWithNoFlatForm/opaque (0.00s)
    --- PASS: TestFlattenAggregateRefusesShapesWithNoFlatForm/union (0.00s)
    --- PASS: TestFlattenAggregateRefusesShapesWithNoFlatForm/inline_array (0.00s)
    --- PASS: TestFlattenAggregateRefusesShapesWithNoFlatForm/nested_array (0.00s)
=== RUN   TestFlattenAggregateAcceptsNestedOpaqueAndUnionAsEmpty
=== RUN   TestFlattenAggregateAcceptsNestedOpaqueAndUnionAsEmpty/nested_union
=== RUN   TestFlattenAggregateAcceptsNestedOpaqueAndUnionAsEmpty/nested_opaque
--- PASS: TestFlattenAggregateAcceptsNestedOpaqueAndUnionAsEmpty (0.00s)
    --- PASS: TestFlattenAggregateAcceptsNestedOpaqueAndUnionAsEmpty/nested_union (0.00s)
    --- PASS: TestFlattenAggregateAcceptsNestedOpaqueAndUnionAsEmpty/nested_opaque (0.00s)
=== RUN   TestFlattenAggregateIgnoresPackedLayout
--- PASS: TestFlattenAggregateIgnoresPackedLayout (0.00s)
=== RUN   TestFlattenAggregateAcceptsCountOneAndZero
--- PASS: TestFlattenAggregateAcceptsCountOneAndZero (0.00s)
=== RUN   TestAggregatePointerOffsetsWalksArraysAndNesting
--- PASS: TestAggregatePointerOffsetsWalksArraysAndNesting (0.00s)
=== RUN   TestAggregatePointerOffsetsSkipsOverlappingAndUnknownShapes
--- PASS: TestAggregatePointerOffsetsSkipsOverlappingAndUnknownShapes (0.00s)
=== RUN   TestMarkAggregatePointerWordsRecordsWholeWordPointerFields
--- PASS: TestMarkAggregatePointerWordsRecordsWholeWordPointerFields (0.00s)
=== RUN   TestMarkAggregatePointerWordsIgnoresUnflattenableTypes
--- PASS: TestMarkAggregatePointerWordsIgnoresUnflattenableTypes (0.00s)
=== RUN   TestAllocAggregateChoosesTheOpFromAlignment
--- PASS: TestAllocAggregateChoosesTheOpFromAlignment (0.00s)
=== RUN   TestAllocAggregateTracksTheSlotUnderAManagedFrame
--- PASS: TestAllocAggregateTracksTheSlotUnderAManagedFrame (0.00s)
=== RUN   TestAllocAggregateGivesAnEmptyTypeOneByte
--- PASS: TestAllocAggregateGivesAnEmptyTypeOneByte (0.00s)
=== RUN   TestValueGroupAtFindsTheGroupCoveringAnIndex
--- PASS: TestValueGroupAtFindsTheGroupCoveringAnIndex (0.00s)
=== RUN   TestSubClassOpTablesCoverEverySubClass
--- PASS: TestSubClassOpTablesCoverEverySubClass (0.00s)
=== RUN   TestFieldSizeAlignReportsNestedAggregateLayout
--- PASS: TestFieldSizeAlignReportsNestedAggregateLayout (0.00s)
=== RUN   TestIntrinsicRegistry
--- PASS: TestIntrinsicRegistry (0.00s)
=== RUN   TestAtomicsRegistered
--- PASS: TestAtomicsRegistered (0.00s)
=== RUN   TestAtomicBuilder
--- PASS: TestAtomicBuilder (0.00s)
=== RUN   TestRegisterIntrinsicRejectsDuplicate
--- PASS: TestRegisterIntrinsicRejectsDuplicate (0.00s)
=== RUN   TestIntrinsicBuilder
--- PASS: TestIntrinsicBuilder (0.00s)
=== RUN   TestIntrinsicPrints
--- PASS: TestIntrinsicPrints (0.00s)
=== RUN   TestIntrinsicBinaryRoundTrip
--- PASS: TestIntrinsicBinaryRoundTrip (0.00s)
=== RUN   TestVerifyIntrinsicPayload
--- PASS: TestVerifyIntrinsicPayload (0.00s)
=== RUN   TestClsPredicates
--- PASS: TestClsPredicates (0.00s)
=== RUN   TestClsSizeAndString
--- PASS: TestClsSizeAndString (0.00s)
=== RUN   TestSubCls
--- PASS: TestSubCls (0.00s)
=== RUN   TestSubClsElemString
--- PASS: TestSubClsElemString (0.00s)
=== RUN   TestOpMetadata
--- PASS: TestOpMetadata (0.00s)
=== RUN   TestOpFromString
--- PASS: TestOpFromString (0.00s)
=== RUN   TestOpClassification
--- PASS: TestOpClassification (0.00s)
=== RUN   TestOpTableComplete
--- PASS: TestOpTableComplete (0.00s)
=== RUN   TestCmpPredicates
--- PASS: TestCmpPredicates (0.00s)
=== RUN   TestRefHelpers
--- PASS: TestRefHelpers (0.00s)
=== RUN   TestInstrArg
--- PASS: TestInstrArg (0.00s)
=== RUN   TestPrivateOpsDoNotParse
--- PASS: TestPrivateOpsDoNotParse (0.00s)
=== RUN   TestGCRefSurvivesLowering
--- PASS: TestGCRefSurvivesLowering (0.00s)
=== RUN   TestLowerPointersToWord
--- PASS: TestLowerPointersToWord (0.00s)
=== RUN   TestLowerPointersToLong
--- PASS: TestLowerPointersToLong (0.00s)
=== RUN   TestPointerClassProperties
--- PASS: TestPointerClassProperties (0.00s)
=== RUN   TestManagedClassProperties
--- PASS: TestManagedClassProperties (0.00s)
=== RUN   TestClsMLowersToGCRef
--- PASS: TestClsMLowersToGCRef (0.00s)
=== RUN   TestSrcPosValid
--- PASS: TestSrcPosValid (0.00s)
=== RUN   TestModuleFileTable
--- PASS: TestModuleFileTable (0.00s)
=== RUN   TestAtStampsPositions
--- PASS: TestAtStampsPositions (0.00s)
=== RUN   TestPrintLinkageVariants
--- PASS: TestPrintLinkageVariants (0.00s)
=== RUN   TestRefStringVariants
--- PASS: TestRefStringVariants (0.00s)
=== RUN   TestConstStringUnknownKind
--- PASS: TestConstStringUnknownKind (0.00s)
=== RUN   TestPrintJmpHlt
--- PASS: TestPrintJmpHlt (0.00s)
=== RUN   TestPrintRetAggregate
--- PASS: TestPrintRetAggregate (0.00s)
=== RUN   TestPrintDataFloats
--- PASS: TestPrintDataFloats (0.00s)
=== RUN   TestPrintAggregates
--- PASS: TestPrintAggregates (0.00s)
=== RUN   TestModulePrintMultipleTypes
--- PASS: TestModulePrintMultipleTypes (0.00s)
=== RUN   TestModulePrintFuncsOnly
--- PASS: TestModulePrintFuncsOnly (0.00s)
=== RUN   TestVerifyCatchesAMissingPayload
--- PASS: TestVerifyCatchesAMissingPayload (0.00s)
=== RUN   TestVerifyCatchesADanglingRef
--- PASS: TestVerifyCatchesADanglingRef (0.00s)
=== RUN   TestVerifyCatchesAnUnterminatedBlock
--- PASS: TestVerifyCatchesAnUnterminatedBlock (0.00s)
=== RUN   TestVerifyCatchesAMismatchedPhi
--- PASS: TestVerifyCatchesAMismatchedPhi (0.00s)
=== RUN   TestVerifyCatchesAnUndefinedTemp
--- PASS: TestVerifyCatchesAnUndefinedTemp (0.00s)
=== RUN   TestVerifyCatchesADoubleAssignment
--- PASS: TestVerifyCatchesADoubleAssignment (0.00s)
=== RUN   TestVerifyCatchesAPhiFromANonPredecessor
--- PASS: TestVerifyCatchesAPhiFromANonPredecessor (0.00s)
=== RUN   TestVerifyAcceptsAWellFormedFunction
--- PASS: TestVerifyAcceptsAWellFormedFunction (0.00s)
=== RUN   TestLeavesAgreeWithLayout
=== RUN   TestLeavesAgreeWithLayout/scalars
=== RUN   TestLeavesAgreeWithLayout/padding
=== RUN   TestLeavesAgreeWithLayout/trailing_pad
=== RUN   TestLeavesAgreeWithLayout/array
=== RUN   TestLeavesAgreeWithLayout/nested
=== RUN   TestLeavesAgreeWithLayout/nested_array
=== RUN   TestLeavesAgreeWithLayout/doubles
--- PASS: TestLeavesAgreeWithLayout (0.00s)
    --- PASS: TestLeavesAgreeWithLayout/scalars (0.00s)
    --- PASS: TestLeavesAgreeWithLayout/padding (0.00s)
    --- PASS: TestLeavesAgreeWithLayout/trailing_pad (0.00s)
    --- PASS: TestLeavesAgreeWithLayout/array (0.00s)
    --- PASS: TestLeavesAgreeWithLayout/nested (0.00s)
    --- PASS: TestLeavesAgreeWithLayout/nested_array (0.00s)
    --- PASS: TestLeavesAgreeWithLayout/doubles (0.00s)
=== RUN   TestLeavesOfAUnionOverlap
--- PASS: TestLeavesOfAUnionOverlap (0.00s)
=== RUN   TestLeavesOfAnOpaqueType
--- PASS: TestLeavesOfAnOpaqueType (0.00s)
=== RUN   ExampleFunc
--- PASS: ExampleFunc (0.00s)
=== RUN   ExampleBlock_Jnz
--- PASS: ExampleBlock_Jnz (0.00s)
PASS
ok  	github.com/evanphx/cg12/ir	0.045s
=== RUN   TestGccRoundTrip
=== RUN   TestGccRoundTrip/-O0
=== RUN   TestGccRoundTrip/-O0/add
=== RUN   TestGccRoundTrip/-O0/maxv
=== RUN   TestGccRoundTrip/-O0/clampv
=== RUN   TestGccRoundTrip/-O0/absval
=== RUN   TestGccRoundTrip/-O0/bits
=== RUN   TestGccRoundTrip/-O0/shifts
=== RUN   TestGccRoundTrip/-O0/popc
=== RUN   TestGccRoundTrip/-O0/sumv
=== RUN   TestGccRoundTrip/-O0/gcd
=== RUN   TestGccRoundTrip/-O0/fib
=== RUN   TestGccRoundTrip/-O1
=== RUN   TestGccRoundTrip/-O1/add
=== RUN   TestGccRoundTrip/-O1/maxv
=== RUN   TestGccRoundTrip/-O1/clampv
=== RUN   TestGccRoundTrip/-O1/absval
=== RUN   TestGccRoundTrip/-O1/bits
=== RUN   TestGccRoundTrip/-O1/shifts
=== RUN   TestGccRoundTrip/-O1/popc
=== RUN   TestGccRoundTrip/-O1/sumv
=== RUN   TestGccRoundTrip/-O1/gcd
=== RUN   TestGccRoundTrip/-O1/fib
=== RUN   TestGccRoundTrip/-O2
=== RUN   TestGccRoundTrip/-O2/add
=== RUN   TestGccRoundTrip/-O2/maxv
=== RUN   TestGccRoundTrip/-O2/clampv
=== RUN   TestGccRoundTrip/-O2/absval
=== RUN   TestGccRoundTrip/-O2/bits
=== RUN   TestGccRoundTrip/-O2/shifts
=== RUN   TestGccRoundTrip/-O2/popc
=== RUN   TestGccRoundTrip/-O2/sumv
=== RUN   TestGccRoundTrip/-O2/gcd
=== RUN   TestGccRoundTrip/-O2/fib
--- PASS: TestGccRoundTrip (0.94s)
    --- PASS: TestGccRoundTrip/-O0 (0.27s)
        --- PASS: TestGccRoundTrip/-O0/add (0.02s)
        --- PASS: TestGccRoundTrip/-O0/maxv (0.01s)
        --- PASS: TestGccRoundTrip/-O0/clampv (0.01s)
        --- PASS: TestGccRoundTrip/-O0/absval (0.01s)
        --- PASS: TestGccRoundTrip/-O0/bits (0.01s)
        --- PASS: TestGccRoundTrip/-O0/shifts (0.01s)
        --- PASS: TestGccRoundTrip/-O0/popc (0.02s)
        --- PASS: TestGccRoundTrip/-O0/sumv (0.02s)
        --- PASS: TestGccRoundTrip/-O0/gcd (0.01s)
        --- PASS: TestGccRoundTrip/-O0/fib (0.05s)
    --- PASS: TestGccRoundTrip/-O1 (0.28s)
        --- PASS: TestGccRoundTrip/-O1/add (0.01s)
        --- PASS: TestGccRoundTrip/-O1/maxv (0.01s)
        --- PASS: TestGccRoundTrip/-O1/clampv (0.01s)
        --- PASS: TestGccRoundTrip/-O1/absval (0.01s)
        --- PASS: TestGccRoundTrip/-O1/bits (0.01s)
        --- PASS: TestGccRoundTrip/-O1/shifts (0.01s)
        --- PASS: TestGccRoundTrip/-O1/popc (0.01s)
        --- PASS: TestGccRoundTrip/-O1/sumv (0.01s)
        --- PASS: TestGccRoundTrip/-O1/gcd (0.01s)
        --- PASS: TestGccRoundTrip/-O1/fib (0.04s)
    --- PASS: TestGccRoundTrip/-O2 (0.39s)
        --- PASS: TestGccRoundTrip/-O2/add (0.01s)
        --- PASS: TestGccRoundTrip/-O2/maxv (0.02s)
        --- PASS: TestGccRoundTrip/-O2/clampv (0.01s)
        --- PASS: TestGccRoundTrip/-O2/absval (0.01s)
        --- PASS: TestGccRoundTrip/-O2/bits (0.01s)
        --- PASS: TestGccRoundTrip/-O2/shifts (0.01s)
        --- PASS: TestGccRoundTrip/-O2/popc (0.01s)
        --- PASS: TestGccRoundTrip/-O2/sumv (0.03s)
        --- PASS: TestGccRoundTrip/-O2/gcd (0.02s)
        --- PASS: TestGccRoundTrip/-O2/fib (0.03s)
=== RUN   TestRoundTrip
=== RUN   TestRoundTrip/add
=== RUN   TestRoundTrip/arith
=== RUN   TestRoundTrip/word
=== RUN   TestRoundTrip/max-branch
=== RUN   TestRoundTrip/sum-loop
=== RUN   TestRoundTrip/gcd
--- PASS: TestRoundTrip (0.01s)
    --- PASS: TestRoundTrip/add (0.00s)
    --- PASS: TestRoundTrip/arith (0.00s)
    --- PASS: TestRoundTrip/word (0.00s)
    --- PASS: TestRoundTrip/max-branch (0.00s)
    --- PASS: TestRoundTrip/sum-loop (0.00s)
    --- PASS: TestRoundTrip/gcd (0.00s)
=== RUN   TestRoundTripFloat
=== RUN   TestRoundTripFloat/dmath
=== RUN   TestRoundTripFloat/fmax-branch
=== RUN   TestRoundTripFloat/int-to-double
--- PASS: TestRoundTripFloat (0.01s)
    --- PASS: TestRoundTripFloat/dmath (0.00s)
    --- PASS: TestRoundTripFloat/fmax-branch (0.00s)
    --- PASS: TestRoundTripFloat/int-to-double (0.00s)
=== RUN   TestRoundTripCalls
=== RUN   TestRoundTripCalls/fib
=== RUN   TestRoundTripCalls/caller-callee
--- PASS: TestRoundTripCalls (0.06s)
    --- PASS: TestRoundTripCalls/fib (0.05s)
    --- PASS: TestRoundTripCalls/caller-callee (0.01s)
PASS
ok  	github.com/evanphx/cg12/lift	1.051s
=== RUN   TestStaticExecutableResolvesAbs32
--- PASS: TestStaticExecutableResolvesAbs32 (0.00s)
=== RUN   TestDataAndBssAreAlignedInTheImage
--- PASS: TestDataAndBssAreAlignedInTheImage (0.00s)
=== RUN   TestAlignmentSurvivesMerge
--- PASS: TestAlignmentSurvivesMerge (0.00s)
=== RUN   TestAlignedBssIsMappedAndZeroed
--- PASS: TestAlignedBssIsMappedAndZeroed (0.01s)
=== RUN   TestAmd64DynamicExecutableRuns
    amd64_dynamic_test.go:63: qemu-x86_64 not available
--- SKIP: TestAmd64DynamicExecutableRuns (0.00s)
=== RUN   TestAmd64DynamicBindingModes
=== RUN   TestAmd64DynamicBindingModes/eager
    amd64_dynamic_test.go:83: qemu-x86_64 not available
=== RUN   TestAmd64DynamicBindingModes/lazy
    amd64_dynamic_test.go:83: qemu-x86_64 not available
--- PASS: TestAmd64DynamicBindingModes (0.00s)
    --- SKIP: TestAmd64DynamicBindingModes/eager (0.00s)
    --- SKIP: TestAmd64DynamicBindingModes/lazy (0.00s)
=== RUN   TestAmd64PIERuns
    amd64_dynamic_test.go:95: qemu-x86_64 not available
--- SKIP: TestAmd64PIERuns (0.00s)
=== RUN   TestAmd64SharedLibraryRuns
    amd64_dynamic_test.go:127: qemu-x86_64 not available
--- SKIP: TestAmd64SharedLibraryRuns (0.01s)
=== RUN   TestZeroFilledStorage
=== RUN   TestZeroFilledStorage/fixed-base
=== RUN   TestZeroFilledStorage/pie
--- PASS: TestZeroFilledStorage (0.01s)
    --- PASS: TestZeroFilledStorage/fixed-base (0.00s)
    --- PASS: TestZeroFilledStorage/pie (0.00s)
=== RUN   TestZeroFilledStorageCostsNoFileSpace
--- PASS: TestZeroFilledStorageCostsNoFileSpace (0.00s)
=== RUN   TestThreadLocalBssExtendsTheTlsBlock
--- PASS: TestThreadLocalBssExtendsTheTlsBlock (0.00s)
=== RUN   TestArm64GotoPastDeclaration
--- PASS: TestArm64GotoPastDeclaration (0.04s)
=== RUN   TestAmd64GotoPastDeclaration
    cfront_test.go:77: qemu-x86_64 not available
--- SKIP: TestAmd64GotoPastDeclaration (0.04s)
=== RUN   TestAmd64VaCopy
    cfront_test.go:109: qemu-x86_64 not available
--- SKIP: TestAmd64VaCopy (0.04s)
=== RUN   TestModuleCannotBeLoweredForTwoTargets
--- PASS: TestModuleCannotBeLoweredForTwoTargets (0.04s)
=== RUN   TestModuleCanBeLoweredTwiceForOneTarget
--- PASS: TestModuleCanBeLoweredTwiceForOneTarget (0.04s)
=== RUN   TestAmd64FloatInlineAsmRuns
    cfront_test.go:204: qemu-x86_64 not available
--- SKIP: TestAmd64FloatInlineAsmRuns (0.04s)
=== RUN   TestAmd64FloatInlineAsmHonoursClobbers
    cfront_test.go:240: qemu-x86_64 not available
--- SKIP: TestAmd64FloatInlineAsmHonoursClobbers (0.03s)
=== RUN   TestArm64AsmSymbolReference
--- PASS: TestArm64AsmSymbolReference (0.04s)
=== RUN   TestDynamicExecutableCallsLibc
--- PASS: TestDynamicExecutableCallsLibc (0.00s)
=== RUN   TestDynamicExecutablePassesPointerToLibc
--- PASS: TestDynamicExecutablePassesPointerToLibc (0.00s)
=== RUN   TestDynamicExecutableMultipleImports
--- PASS: TestDynamicExecutableMultipleImports (0.00s)
=== RUN   TestPIEExecutable
--- PASS: TestPIEExecutable (0.00s)
=== RUN   TestSharedLibraryLinkedFromC
--- PASS: TestSharedLibraryLinkedFromC (0.05s)
=== RUN   TestDlopenOwnSharedLibrary
--- PASS: TestDlopenOwnSharedLibrary (0.01s)
=== RUN   TestSharedLibraryMultipleExports
--- PASS: TestSharedLibraryMultipleExports (0.01s)
=== RUN   TestVersionedImport
=== RUN   TestVersionedImport/binds_the_requested_version
=== RUN   TestVersionedImport/a_version_the_library_lacks_is_refused
--- PASS: TestVersionedImport (0.01s)
    --- PASS: TestVersionedImport/binds_the_requested_version (0.00s)
    --- PASS: TestVersionedImport/a_version_the_library_lacks_is_refused (0.00s)
=== RUN   TestLazyBinding
=== RUN   TestLazyBinding/fixed-base
=== RUN   TestLazyBinding/pie
--- PASS: TestLazyBinding (0.01s)
    --- PASS: TestLazyBinding/fixed-base (0.00s)
    --- PASS: TestLazyBinding/pie (0.00s)
=== RUN   TestLazyBindingDefersUnusedImport
--- PASS: TestLazyBindingDefersUnusedImport (0.00s)
=== RUN   TestRelroFreezesTheGOT
--- PASS: TestRelroFreezesTheGOT (2.18s)
=== RUN   TestRelroLeavesDataWritable
=== RUN   TestRelroLeavesDataWritable/fixed-base
=== RUN   TestRelroLeavesDataWritable/pie
--- PASS: TestRelroLeavesDataWritable (0.01s)
    --- PASS: TestRelroLeavesDataWritable/fixed-base (0.00s)
    --- PASS: TestRelroLeavesDataWritable/pie (0.00s)
=== RUN   TestRunpathFindsLibraryBySoname
--- PASS: TestRunpathFindsLibraryBySoname (0.01s)
=== RUN   TestInitAndFiniArrays
=== RUN   TestInitAndFiniArrays/fixed-base
=== RUN   TestInitAndFiniArrays/pie
--- PASS: TestInitAndFiniArrays (0.02s)
    --- PASS: TestInitAndFiniArrays/fixed-base (0.01s)
    --- PASS: TestInitAndFiniArrays/pie (0.01s)
=== RUN   TestSharedLibraryConstructorRunsOnLoad
--- PASS: TestSharedLibraryConstructorRunsOnLoad (0.01s)
=== RUN   TestVersionedExport
=== RUN   TestVersionedExport/binds_the_published_version
=== RUN   TestVersionedExport/a_version_the_library_never_published_is_refused
--- PASS: TestVersionedExport (0.01s)
    --- PASS: TestVersionedExport/binds_the_published_version (0.00s)
    --- PASS: TestVersionedExport/a_version_the_library_never_published_is_refused (0.00s)
=== RUN   TestIFuncResolverPicksImplementation
=== RUN   TestIFuncResolverPicksImplementation/fixed-base
=== RUN   TestIFuncResolverPicksImplementation/pie
--- PASS: TestIFuncResolverPicksImplementation (0.02s)
    --- PASS: TestIFuncResolverPicksImplementation/fixed-base (0.01s)
    --- PASS: TestIFuncResolverPicksImplementation/pie (0.01s)
=== RUN   TestIFuncMissingResolverErrors
--- PASS: TestIFuncMissingResolverErrors (0.00s)
=== RUN   TestDynamicExecutableStructure
=== RUN   TestDynamicExecutableStructure/arm64
=== RUN   TestDynamicExecutableStructure/amd64
--- PASS: TestDynamicExecutableStructure (0.00s)
    --- PASS: TestDynamicExecutableStructure/arm64 (0.00s)
    --- PASS: TestDynamicExecutableStructure/amd64 (0.00s)
=== RUN   TestExecutableReadsGlobal
=== RUN   TestExecutableReadsGlobal/arm64
=== RUN   TestExecutableReadsGlobal/amd64
    exec_test.go:98: qemu-x86_64 not available
--- PASS: TestExecutableReadsGlobal (0.00s)
    --- PASS: TestExecutableReadsGlobal/arm64 (0.00s)
    --- SKIP: TestExecutableReadsGlobal/amd64 (0.00s)
=== RUN   TestExecutableReturnsConstant
=== RUN   TestExecutableReturnsConstant/arm64
=== RUN   TestExecutableReturnsConstant/amd64
    exec_test.go:122: qemu-x86_64 not available
--- PASS: TestExecutableReturnsConstant (0.00s)
    --- PASS: TestExecutableReturnsConstant/arm64 (0.00s)
    --- SKIP: TestExecutableReturnsConstant/amd64 (0.00s)
=== RUN   TestExecutableUndefinedSymbolErrors
--- PASS: TestExecutableUndefinedSymbolErrors (0.00s)
=== RUN   TestExecutableCrossModuleCall
=== RUN   TestExecutableCrossModuleCall/arm64
=== RUN   TestExecutableCrossModuleCall/amd64
    exec_test.go:159: qemu-x86_64 not available
--- PASS: TestExecutableCrossModuleCall (0.00s)
    --- PASS: TestExecutableCrossModuleCall/arm64 (0.00s)
    --- SKIP: TestExecutableCrossModuleCall/amd64 (0.00s)
=== RUN   TestLinkGccObjectWithStringLiteral
--- PASS: TestLinkGccObjectWithStringLiteral (0.02s)
=== RUN   TestLinkGccObjectDistinguishesSections
--- PASS: TestLinkGccObjectDistinguishesSections (0.03s)
=== RUN   TestImagesRequestNonExecutableStack
=== RUN   TestImagesRequestNonExecutableStack/pie
=== RUN   TestImagesRequestNonExecutableStack/static
=== RUN   TestImagesRequestNonExecutableStack/dynamic
--- PASS: TestImagesRequestNonExecutableStack (0.00s)
    --- PASS: TestImagesRequestNonExecutableStack/pie (0.00s)
    --- PASS: TestImagesRequestNonExecutableStack/static (0.00s)
    --- PASS: TestImagesRequestNonExecutableStack/dynamic (0.00s)
=== RUN   TestImagesCarryABuildID
=== RUN   TestImagesCarryABuildID/dynamic
=== RUN   TestImagesCarryABuildID/pie
=== RUN   TestImagesCarryABuildID/static
--- PASS: TestImagesCarryABuildID (0.01s)
    --- PASS: TestImagesCarryABuildID/dynamic (0.00s)
    --- PASS: TestImagesCarryABuildID/pie (0.00s)
    --- PASS: TestImagesCarryABuildID/static (0.00s)
=== RUN   TestBuildIDIsDeterministic
--- PASS: TestBuildIDIsDeterministic (0.00s)
=== RUN   TestImagesStillRunWithNoteAndStack
=== RUN   TestImagesStillRunWithNoteAndStack/static
=== RUN   TestImagesStillRunWithNoteAndStack/dynamic
=== RUN   TestImagesStillRunWithNoteAndStack/pie
--- PASS: TestImagesStillRunWithNoteAndStack (0.01s)
    --- PASS: TestImagesStillRunWithNoteAndStack/static (0.00s)
    --- PASS: TestImagesStillRunWithNoteAndStack/dynamic (0.00s)
    --- PASS: TestImagesStillRunWithNoteAndStack/pie (0.00s)
=== RUN   TestLinkResolvesCrossModuleCallFromIR
--- PASS: TestLinkResolvesCrossModuleCallFromIR (0.05s)
=== RUN   TestLinkResolvesCrossModuleCallAMD64
--- PASS: TestLinkResolvesCrossModuleCallAMD64 (0.00s)
=== RUN   TestLinkHandWrittenAsmCallsIR
--- PASS: TestLinkHandWrittenAsmCallsIR (0.00s)
=== RUN   TestLinkFromObjectFiles
--- PASS: TestLinkFromObjectFiles (0.06s)
=== RUN   TestLinkMixedInputs
--- PASS: TestLinkMixedInputs (0.05s)
=== RUN   TestLinkDuplicateSymbol
--- PASS: TestLinkDuplicateSymbol (0.00s)
=== RUN   TestLocalSymbolDoesNotSatisfyAnExternalReference
--- PASS: TestLocalSymbolDoesNotSatisfyAnExternalReference (0.00s)
=== RUN   TestPrivateSymbolsOfTheSameNameStaySeparate
--- PASS: TestPrivateSymbolsOfTheSameNameStaySeparate (0.00s)
=== RUN   TestPIERodataPointerRuns
--- PASS: TestPIERodataPointerRuns (0.00s)
=== RUN   TestPIERelroCoversEverythingTheLoaderWrites
--- PASS: TestPIERelroCoversEverythingTheLoaderWrites (0.00s)
=== RUN   TestStaticExecutableRodataPointerRuns
--- PASS: TestStaticExecutableRodataPointerRuns (0.00s)
=== RUN   TestFixedBaseRodataPointerRuns
--- PASS: TestFixedBaseRodataPointerRuns (0.00s)
=== RUN   TestAmd64PIERodataPointerRuns
    relro_test.go:193: qemu-x86_64 not available
--- SKIP: TestAmd64PIERodataPointerRuns (0.00s)
=== RUN   TestStaticExecutablePlacesBss
--- PASS: TestStaticExecutablePlacesBss (0.00s)
=== RUN   TestStaticExecutableWithOnlyBss
--- PASS: TestStaticExecutableWithOnlyBss (0.00s)
=== RUN   TestThreadLocalStorage
=== RUN   TestThreadLocalStorage/fixed-base
=== RUN   TestThreadLocalStorage/pie
=== RUN   TestThreadLocalStorage/carries_a_PT_TLS_segment
--- PASS: TestThreadLocalStorage (0.02s)
    --- PASS: TestThreadLocalStorage/fixed-base (0.01s)
    --- PASS: TestThreadLocalStorage/pie (0.01s)
    --- PASS: TestThreadLocalStorage/carries_a_PT_TLS_segment (0.01s)
=== RUN   TestThreadLocalInStaticExecutableErrors
--- PASS: TestThreadLocalInStaticExecutableErrors (0.00s)
=== RUN   TestThreadLocalFromLibraryErrors
--- PASS: TestThreadLocalFromLibraryErrors (0.00s)
=== RUN   TestInitialExecTLSInSharedLibrary
--- PASS: TestInitialExecTLSInSharedLibrary (0.01s)
=== RUN   TestGeneralDynamicTLSInDlopenedLibrary
--- PASS: TestGeneralDynamicTLSInDlopenedLibrary (0.06s)
PASS
ok  	github.com/evanphx/cg12/link	3.092s
=== RUN   TestSequentializeCyclicCopy
--- PASS: TestSequentializeCyclicCopy (0.00s)
=== RUN   TestSplitCriticalEdges
--- PASS: TestSplitCriticalEdges (0.00s)
=== RUN   TestDestructSSARemovesPhis
--- PASS: TestDestructSSARemovesPhis (0.00s)
=== RUN   TestCoalescePhisRemovesComputedGotoCopies
--- PASS: TestCoalescePhisRemovesComputedGotoCopies (0.00s)
=== RUN   TestCoalescePhisKeepsInterferingCopies
--- PASS: TestCoalescePhisKeepsInterferingCopies (0.00s)
=== RUN   TestSwitchesRemovesTerminatorAndKeepsArms
--- PASS: TestSwitchesRemovesTerminatorAndKeepsArms (0.00s)
=== RUN   TestSwitchesLinearForFew
--- PASS: TestSwitchesLinearForFew (0.00s)
=== RUN   TestSwitchesNoop
--- PASS: TestSwitchesNoop (0.00s)
=== RUN   TestThreadJumpsCollapsesChain
--- PASS: TestThreadJumpsCollapsesChain (0.00s)
=== RUN   TestThreadJumpsKeepsAddressTakenBlock
--- PASS: TestThreadJumpsKeepsAddressTakenBlock (0.00s)
=== RUN   TestThreadJumpsKeepsSecondaryEntry
--- PASS: TestThreadJumpsKeepsSecondaryEntry (0.00s)
PASS
ok  	github.com/evanphx/cg12/lower	0.041s
=== RUN   TestWriteELFMatchesMarshalELF
--- PASS: TestWriteELFMatchesMarshalELF (0.00s)
=== RUN   TestObjectDefinedSymbolLinksAndRuns
--- PASS: TestObjectDefinedSymbolLinksAndRuns (0.05s)
=== RUN   TestObjectRelocationLinksAndRuns
--- PASS: TestObjectRelocationLinksAndRuns (0.05s)
=== RUN   TestObjectParsesWithDebugElf
--- PASS: TestObjectParsesWithDebugElf (0.00s)
=== RUN   TestObjectDataRelocationParsesAndLinks
--- PASS: TestObjectDataRelocationParsesAndLinks (0.05s)
=== RUN   TestObjectUnknownRelocSymbolNotAnError
--- PASS: TestObjectUnknownRelocSymbolNotAnError (0.00s)
=== RUN   TestReadRealObjectKeepsSectionsApart
--- PASS: TestReadRealObjectKeepsSectionsApart (0.03s)
=== RUN   TestReadRefusesWhatItCannotPlace
--- PASS: TestReadRefusesWhatItCannotPlace (0.02s)
=== RUN   TestReadFunctionSections
--- PASS: TestReadFunctionSections (0.03s)
=== RUN   TestReadRealObjectFindsDataRelRo
--- PASS: TestReadRealObjectFindsDataRelRo (0.03s)
=== RUN   TestEmittedSymbolTypesMatchGcc
--- PASS: TestEmittedSymbolTypesMatchGcc (0.03s)
=== RUN   TestReadELFRoundTrip
--- PASS: TestReadELFRoundTrip (0.00s)
PASS
ok  	github.com/evanphx/cg12/obj	0.322s
=== RUN   TestEscapeNonEscaping
--- PASS: TestEscapeNonEscaping (0.00s)
=== RUN   TestEscapeViaCall
--- PASS: TestEscapeViaCall (0.00s)
=== RUN   TestEscapeViaStoredPointer
--- PASS: TestEscapeViaStoredPointer (0.00s)
=== RUN   TestLocOfStripsConstOffset
--- PASS: TestLocOfStripsConstOffset (0.00s)
=== RUN   TestMustAlias
--- PASS: TestMustAlias (0.00s)
=== RUN   TestMayAliasAndDistinct
--- PASS: TestMayAliasAndDistinct (0.00s)
=== RUN   TestLocOfVariants
--- PASS: TestLocOfVariants (0.00s)
=== RUN   TestLocOfNonConstOffsetEscapes
--- PASS: TestLocOfNonConstOffsetEscapes (0.00s)
=== RUN   TestTrackedAndMayAliasUnknownOffset
--- PASS: TestTrackedAndMayAliasUnknownOffset (0.00s)
=== RUN   TestLocOfGlobalOffset
--- PASS: TestLocOfGlobalOffset (0.00s)
=== RUN   TestAllocationCensusReportsAPromotedCandidateAsFrame
--- PASS: TestAllocationCensusReportsAPromotedCandidateAsFrame (0.00s)
=== RUN   TestAllocationCensusReportsAnEscapingCandidateAsHeap
--- PASS: TestAllocationCensusReportsAnEscapingCandidateAsHeap (0.00s)
=== RUN   TestAllocationCensusReportsAFrontEndAllocatorCall
--- PASS: TestAllocationCensusReportsAFrontEndAllocatorCall (0.00s)
=== RUN   TestAllocationCensusReportsMakeAllocators
--- PASS: TestAllocationCensusReportsMakeAllocators (0.00s)
=== RUN   TestAllocationCensusIgnoresGrowslice
--- PASS: TestAllocationCensusIgnoresGrowslice (0.00s)
=== RUN   TestAllocationCensusIgnoresOrdinaryFrameSlots
--- PASS: TestAllocationCensusIgnoresOrdinaryFrameSlots (0.00s)
=== RUN   TestAllocationCensusIsSortedAndDeduplicated
--- PASS: TestAllocationCensusIsSortedAndDeduplicated (0.00s)
=== RUN   TestAllocationCensusKeepsPositionlessSites
--- PASS: TestAllocationCensusKeepsPositionlessSites (0.00s)
=== RUN   TestAllocationSiteExcludesPlacement
--- PASS: TestAllocationSiteExcludesPlacement (0.00s)
=== RUN   TestAllocationTypeNameStripsPrefixAndDigest
--- PASS: TestAllocationTypeNameStripsPrefixAndDigest (0.00s)
=== RUN   TestCallGraphSCC
--- PASS: TestCallGraphSCC (0.00s)
=== RUN   TestSimplifyConstantBranch
--- PASS: TestSimplifyConstantBranch (0.00s)
=== RUN   TestSimplifyConstantSwitch
--- PASS: TestSimplifyConstantSwitch (0.00s)
=== RUN   TestSimplifyConstantSwitchDefault
--- PASS: TestSimplifyConstantSwitchDefault (0.00s)
=== RUN   TestSimplifyThreadsEmptyForwardingArms
--- PASS: TestSimplifyThreadsEmptyForwardingArms (0.00s)
=== RUN   TestSimplifyConstantBranchFalse
--- PASS: TestSimplifyConstantBranchFalse (0.00s)
=== RUN   TestSimplifyDegenerateBranch
--- PASS: TestSimplifyDegenerateBranch (0.00s)
=== RUN   TestSimplifyPhiRepairAfterDeadBranch
--- PASS: TestSimplifyPhiRepairAfterDeadBranch (0.00s)
=== RUN   TestSimplifyTrivialPhi
--- PASS: TestSimplifyTrivialPhi (0.00s)
=== RUN   TestSimplifyNoChange
--- PASS: TestSimplifyNoChange (0.00s)
=== RUN   TestSimplifyCFGKeepsSecondaryEntry
--- PASS: TestSimplifyCFGKeepsSecondaryEntry (0.00s)
=== RUN   TestSimplifyCFGSkipsLargeFunctionCoalescing
--- PASS: TestSimplifyCFGSkipsLargeFunctionCoalescing (0.00s)
=== RUN   TestOptimizeLeavesMultiEntryFunctionAlone
--- PASS: TestOptimizeLeavesMultiEntryFunctionAlone (0.00s)
=== RUN   TestCopyChainElimination
--- PASS: TestCopyChainElimination (0.00s)
=== RUN   TestCopyNoneReturnsFalse
--- PASS: TestCopyNoneReturnsFalse (0.00s)
=== RUN   TestCopyRewritesInsideInstrs
--- PASS: TestCopyRewritesInsideInstrs (0.00s)
=== RUN   TestCopyPreservesClassConversion
--- PASS: TestCopyPreservesClassConversion (0.00s)
=== RUN   TestCopyPreservesFixedRegisterMove
--- PASS: TestCopyPreservesFixedRegisterMove (0.00s)
=== RUN   TestDCERemovesDeadInstr
--- PASS: TestDCERemovesDeadInstr (0.00s)
=== RUN   TestDCEChainCollapses
--- PASS: TestDCEChainCollapses (0.00s)
=== RUN   TestDCEKeepsSideEffects
--- PASS: TestDCEKeepsSideEffects (0.00s)
=== RUN   TestDCEKeepsSafepoint
--- PASS: TestDCEKeepsSafepoint (0.00s)
=== RUN   TestDCERemovesDeadPhi
--- PASS: TestDCERemovesDeadPhi (0.00s)
=== RUN   TestIsDeadClassification
--- PASS: TestIsDeadClassification (0.00s)
=== RUN   TestDCEIntrinsicEffects
--- PASS: TestDCEIntrinsicEffects (0.00s)
=== RUN   TestDCENoChange
--- PASS: TestDCENoChange (0.00s)
=== RUN   TestDeadFuncElimDropsUnreferenced
--- PASS: TestDeadFuncElimDropsUnreferenced (0.00s)
=== RUN   TestDeadFuncElimKeepsAddressTakenViaPhi
--- PASS: TestDeadFuncElimKeepsAddressTakenViaPhi (0.00s)
=== RUN   TestDeadFuncElimMatchesSemanticAndLinkerSymbolSpellings
--- PASS: TestDeadFuncElimMatchesSemanticAndLinkerSymbolSpellings (0.00s)
=== RUN   TestMem2RegPlacesPhisInTheSameOrderEveryTime
--- PASS: TestMem2RegPlacesPhisInTheSameOrderEveryTime (0.00s)
=== RUN   TestDeadAllocPreservesStoresObservedByMemoryHelper
--- PASS: TestDeadAllocPreservesStoresObservedByMemoryHelper (0.00s)
=== RUN   TestLowerHeapAllocationsPromotesLocalObject
--- PASS: TestLowerHeapAllocationsPromotesLocalObject (0.00s)
=== RUN   TestLowerHeapAllocationsKeepsEscapingObjectOnHeap
--- PASS: TestLowerHeapAllocationsKeepsEscapingObjectOnHeap (0.00s)
=== RUN   TestLowerHeapAllocationsAllowsPointerInLocalSlot
--- PASS: TestLowerHeapAllocationsAllowsPointerInLocalSlot (0.00s)
=== RUN   TestLowerHeapAllocationsTracksEscapeThroughLocalSlot
--- PASS: TestLowerHeapAllocationsTracksEscapeThroughLocalSlot (0.00s)
=== RUN   TestLowerHeapAllocationsAllowsLocalPhi
--- PASS: TestLowerHeapAllocationsAllowsLocalPhi (0.00s)
=== RUN   TestLowerHeapAllocationsTracksEscapeThroughPhi
--- PASS: TestLowerHeapAllocationsTracksEscapeThroughPhi (0.00s)
=== RUN   TestLowerHeapAllocationsAllowsPointerComparison
--- PASS: TestLowerHeapAllocationsAllowsPointerComparison (0.00s)
=== RUN   TestLowerHeapAllocationsAllowsDynamicPointerOffset
--- PASS: TestLowerHeapAllocationsAllowsDynamicPointerOffset (0.00s)
=== RUN   TestLowerHeapAllocationsAllowsMemsetInitialization
--- PASS: TestLowerHeapAllocationsAllowsMemsetInitialization (0.00s)
=== RUN   TestLowerHeapAllocationsAllowsCompilerMemoryHelpers
=== RUN   TestLowerHeapAllocationsAllowsCompilerMemoryHelpers/goc_memset
=== RUN   TestLowerHeapAllocationsAllowsCompilerMemoryHelpers/goc_memcpy
=== RUN   TestLowerHeapAllocationsAllowsCompilerMemoryHelpers/goc_memmove
=== RUN   TestLowerHeapAllocationsAllowsCompilerMemoryHelpers/goc_memcmp
--- PASS: TestLowerHeapAllocationsAllowsCompilerMemoryHelpers (0.00s)
    --- PASS: TestLowerHeapAllocationsAllowsCompilerMemoryHelpers/goc_memset (0.00s)
    --- PASS: TestLowerHeapAllocationsAllowsCompilerMemoryHelpers/goc_memcpy (0.00s)
    --- PASS: TestLowerHeapAllocationsAllowsCompilerMemoryHelpers/goc_memmove (0.00s)
    --- PASS: TestLowerHeapAllocationsAllowsCompilerMemoryHelpers/goc_memcmp (0.00s)
=== RUN   TestLowerHeapAllocationsTracksPointerCopiedIntoGlobalMemory
--- PASS: TestLowerHeapAllocationsTracksPointerCopiedIntoGlobalMemory (0.00s)
=== RUN   TestLowerHeapAllocationsAllowsPointerCopiedWithinLocalMemory
--- PASS: TestLowerHeapAllocationsAllowsPointerCopiedWithinLocalMemory (0.00s)
=== RUN   TestLowerHeapAllocationsAllowsPointerStoreIntoCandidate
=== RUN   TestLowerHeapAllocationsAllowsPointerStoreIntoCandidate/runtime.atomicstorep
=== RUN   TestLowerHeapAllocationsAllowsPointerStoreIntoCandidate/goc_storep
--- PASS: TestLowerHeapAllocationsAllowsPointerStoreIntoCandidate (0.00s)
    --- PASS: TestLowerHeapAllocationsAllowsPointerStoreIntoCandidate/runtime.atomicstorep (0.00s)
    --- PASS: TestLowerHeapAllocationsAllowsPointerStoreIntoCandidate/goc_storep (0.00s)
=== RUN   TestLowerHeapAllocationsKeepsPointerLoadedFromLocalSlotWhenStoredIntoCandidate
--- PASS: TestLowerHeapAllocationsKeepsPointerLoadedFromLocalSlotWhenStoredIntoCandidate (0.00s)
=== RUN   TestLowerHeapAllocationsAllowsGrowSliceToObserveCandidate
--- PASS: TestLowerHeapAllocationsAllowsGrowSliceToObserveCandidate (0.00s)
=== RUN   TestLowerHeapAllocationsTracksEscapeThroughAWriteBarrieredLocalSlot
--- PASS: TestLowerHeapAllocationsTracksEscapeThroughAWriteBarrieredLocalSlot (0.00s)
=== RUN   TestLowerHeapAllocationsAllowsAWriteBarrieredLocalSlot
--- PASS: TestLowerHeapAllocationsAllowsAWriteBarrieredLocalSlot (0.00s)
=== RUN   TestLowerHeapAllocationsRefusesToPromoteInsideALoop
--- PASS: TestLowerHeapAllocationsRefusesToPromoteInsideALoop (0.00s)
=== RUN   TestLowerHeapAllocationsPromotesBesideALoop
--- PASS: TestLowerHeapAllocationsPromotesBesideALoop (0.00s)
=== RUN   TestLowerHeapAllocationsEscapesBothCandidatesReachingOneResult
--- PASS: TestLowerHeapAllocationsEscapesBothCandidatesReachingOneResult (0.00s)
=== RUN   TestLowerHeapAllocationsEscapesACandidateInASlotHandedToANoescapeCallee
--- PASS: TestLowerHeapAllocationsEscapesACandidateInASlotHandedToANoescapeCallee (0.00s)
=== RUN   TestEscapeFactsParameterStoredIntoGlobal
--- PASS: TestEscapeFactsParameterStoredIntoGlobal (0.00s)
=== RUN   TestEscapeFactsParameterOnlyRead
--- PASS: TestEscapeFactsParameterOnlyRead (0.00s)
=== RUN   TestEscapeFactsPointeeEscapesButPointerDoesNot
--- PASS: TestEscapeFactsPointeeEscapesButPointerDoesNot (0.00s)
=== RUN   TestEscapeFactsParameterReturned
--- PASS: TestEscapeFactsParameterReturned (0.00s)
=== RUN   TestEscapeFactsThroughAFrameSlot
--- PASS: TestEscapeFactsThroughAFrameSlot (0.00s)
=== RUN   TestEscapeFactsThroughAFrameSlotThatGoesNowhere
--- PASS: TestEscapeFactsThroughAFrameSlotThatGoesNowhere (0.00s)
=== RUN   TestEscapeFactsPropagateThroughACall
--- PASS: TestEscapeFactsPropagateThroughACall (0.00s)
=== RUN   TestEscapeFactsCleanCalleeKeepsCallerClean
--- PASS: TestEscapeFactsCleanCalleeKeepsCallerClean (0.00s)
=== RUN   TestEscapeFactsMutualRecursionConverges
--- PASS: TestEscapeFactsMutualRecursionConverges (0.00s)
=== RUN   TestEscapeFactsRecursionThatPublishesStillEscapes
--- PASS: TestEscapeFactsRecursionThatPublishesStillEscapes (0.00s)
=== RUN   TestEscapeFactsSelfRecursion
--- PASS: TestEscapeFactsSelfRecursion (0.00s)
=== RUN   TestEscapeFactsNoEscapeDirective
--- PASS: TestEscapeFactsNoEscapeDirective (0.00s)
=== RUN   TestEscapeFactsIndirectCallEscapes
--- PASS: TestEscapeFactsIndirectCallEscapes (0.00s)
=== RUN   TestEscapeFactsStatsCountComponents
--- PASS: TestEscapeFactsStatsCountComponents (0.00s)
=== RUN   TestEscapeFactsPublishingAnAllocationEscapesAllOfIt
--- PASS: TestEscapeFactsPublishingAnAllocationEscapesAllOfIt (0.00s)
=== RUN   TestEscapeFactsClosureEnvironmentEscapes
--- PASS: TestEscapeFactsClosureEnvironmentEscapes (0.00s)
=== RUN   TestEscapeFactsDataSymbolIsNotAClosure
--- PASS: TestEscapeFactsDataSymbolIsNotAClosure (0.00s)
=== RUN   TestEscapeFactsPointerPassedInsideAFrameAggregateEscapes
--- PASS: TestEscapeFactsPointerPassedInsideAFrameAggregateEscapes (0.00s)
=== RUN   TestEscapeFactsForwardedPointerStillDoesNotEscape
--- PASS: TestEscapeFactsForwardedPointerStillDoesNotEscape (0.00s)
=== RUN   TestEvalBinop
--- PASS: TestEvalBinop (0.00s)
=== RUN   TestEvalCmp
--- PASS: TestEvalCmp (0.00s)
=== RUN   TestCmpReflexive
--- PASS: TestCmpReflexive (0.00s)
=== RUN   TestFoldConstantPropagation
--- PASS: TestFoldConstantPropagation (0.00s)
=== RUN   TestFoldIdentities
--- PASS: TestFoldIdentities (0.00s)
=== RUN   TestFoldPreservesWidthChangingIdentity
--- PASS: TestFoldPreservesWidthChangingIdentity (0.00s)
=== RUN   TestFoldMoreIdentities
--- PASS: TestFoldMoreIdentities (0.00s)
=== RUN   TestFoldSelect
--- PASS: TestFoldSelect (0.00s)
=== RUN   TestEvalCmpAllPredicates
--- PASS: TestEvalCmpAllPredicates (0.00s)
=== RUN   TestOptimizeModule
--- PASS: TestOptimizeModule (0.00s)
=== RUN   TestFoldReflexiveCompare
--- PASS: TestFoldReflexiveCompare (0.00s)
=== RUN   TestFoldRedundantBooleanReTestRemoved
--- PASS: TestFoldRedundantBooleanReTestRemoved (0.00s)
=== RUN   TestFoldAndOneIsBoolean
--- PASS: TestFoldAndOneIsBoolean (0.00s)
=== RUN   TestFoldNonBooleanCompareKept
--- PASS: TestFoldNonBooleanCompareKept (0.00s)
=== RUN   TestFoldBranchThroughNeZero
--- PASS: TestFoldBranchThroughNeZero (0.00s)
=== RUN   TestFoldBranchThroughEqZeroSwapsArms
--- PASS: TestFoldBranchThroughEqZeroSwapsArms (0.00s)
=== RUN   TestFoldDivByZeroKept
--- PASS: TestFoldDivByZeroKept (0.00s)
=== RUN   TestFoldNegAndSkipsResultlessInstr
--- PASS: TestFoldNegAndSkipsResultlessInstr (0.00s)
=== RUN   TestFoldNoChangeReturnsFalse
--- PASS: TestFoldNoChangeReturnsFalse (0.00s)
=== RUN   TestFrameEscapesReportsAFrameAddressStoredIntoAHeapObject
--- PASS: TestFrameEscapesReportsAFrameAddressStoredIntoAHeapObject (0.00s)
=== RUN   TestFrameEscapesReportsAFrameAddressStoredIntoAGlobal
--- PASS: TestFrameEscapesReportsAFrameAddressStoredIntoAGlobal (0.00s)
=== RUN   TestFrameEscapesReportsAReturnedFrameAddress
--- PASS: TestFrameEscapesReportsAReturnedFrameAddress (0.00s)
=== RUN   TestFrameEscapesAllowsAFrameAddressStoredIntoAnotherFrameSlot
--- PASS: TestFrameEscapesAllowsAFrameAddressStoredIntoAnotherFrameSlot (0.00s)
=== RUN   TestFrameEscapesAllowsAFrameAddressStoredIntoAFrameField
--- PASS: TestFrameEscapesAllowsAFrameAddressStoredIntoAFrameField (0.00s)
=== RUN   TestFrameEscapesFollowsPointerArithmeticAndCopies
--- PASS: TestFrameEscapesFollowsPointerArithmeticAndCopies (0.00s)
=== RUN   TestFrameEscapesFollowsAFrameAddressThroughAFrameSlot
--- PASS: TestFrameEscapesFollowsAFrameAddressThroughAFrameSlot (0.00s)
=== RUN   TestFrameEscapesFollowsAFrameAddressThroughAPhi
--- PASS: TestFrameEscapesFollowsAFrameAddressThroughAPhi (0.00s)
=== RUN   TestFrameEscapesDoesNotReportAFrameAddressPassedToACall
--- PASS: TestFrameEscapesDoesNotReportAFrameAddressPassedToACall (0.00s)
=== RUN   TestFrameEscapesIgnoresAHeapPointerStoredIntoAHeapObject
--- PASS: TestFrameEscapesIgnoresAHeapPointerStoredIntoAHeapObject (0.00s)
=== RUN   TestFrameEscapesFollowsAFrameAddressThroughAMemoryHelper
--- PASS: TestFrameEscapesFollowsAFrameAddressThroughAMemoryHelper (0.00s)
=== RUN   TestFrameEscapeKeyIgnoresTemporaryNumbering
--- PASS: TestFrameEscapeKeyIgnoresTemporaryNumbering (0.00s)
=== RUN   TestGCMHoistsLoopInvariant
--- PASS: TestGCMHoistsLoopInvariant (0.00s)
=== RUN   TestGCMNoMotionStraightLine
--- PASS: TestGCMNoMotionStraightLine (0.00s)
=== RUN   TestGCMNoMovable
--- PASS: TestGCMNoMovable (0.00s)
=== RUN   TestGCMPreservesFixedRegisterMoveAtCallSite
--- PASS: TestGCMPreservesFixedRegisterMoveAtCallSite (0.00s)
=== RUN   TestGCMEmptyFunction
--- PASS: TestGCMEmptyFunction (0.00s)
=== RUN   TestGCMDropsDeadValue
--- PASS: TestGCMDropsDeadValue (0.00s)
=== RUN   TestGCMPinnedLoadAndBranchedUses
--- PASS: TestGCMPinnedLoadAndBranchedUses (0.00s)
=== RUN   TestGCMLCADifferentDepths
--- PASS: TestGCMLCADifferentDepths (0.00s)
=== RUN   TestGCMPreservesStoreOrderAndDeps
--- PASS: TestGCMPreservesStoreOrderAndDeps (0.00s)
=== RUN   TestGCMPinsPointerComputations
--- PASS: TestGCMPinsPointerComputations (0.00s)
=== RUN   TestGVNEliminatesRedundant
--- PASS: TestGVNEliminatesRedundant (0.00s)
=== RUN   TestGVNCommutative
--- PASS: TestGVNCommutative (0.00s)
=== RUN   TestGVNReusesDominatingValue
--- PASS: TestGVNReusesDominatingValue (0.00s)
=== RUN   TestGVNDoesNotMergeAcrossSiblings
--- PASS: TestGVNDoesNotMergeAcrossSiblings (0.00s)
=== RUN   TestGVNDistinctOpsKept
--- PASS: TestGVNDistinctOpsKept (0.00s)
=== RUN   TestGVNIgnoresLoads
--- PASS: TestGVNIgnoresLoads (0.00s)
=== RUN   TestGVNNoChange
--- PASS: TestGVNNoChange (0.00s)
=== RUN   TestGVNMergesRawPointersPreservesManaged
--- PASS: TestGVNMergesRawPointersPreservesManaged (0.00s)
=== RUN   TestGVNSkipsOverBudgetFunction
--- PASS: TestGVNSkipsOverBudgetFunction (0.00s)
=== RUN   TestThreadAndShape
--- PASS: TestThreadAndShape (0.00s)
=== RUN   TestThreadInstrChainCond
--- PASS: TestThreadInstrChainCond (0.00s)
=== RUN   TestThreadEscapingStillValid
--- PASS: TestThreadEscapingStillValid (0.00s)
=== RUN   TestThreadDeclinesLoopHeader
--- PASS: TestThreadDeclinesLoopHeader (0.00s)
=== RUN   TestThreadDeclinesSideEffect
--- PASS: TestThreadDeclinesSideEffect (0.00s)
=== RUN   TestThreadReconstructsEscapingUse
--- PASS: TestThreadReconstructsEscapingUse (0.00s)
=== RUN   TestThreadTerminates
--- PASS: TestThreadTerminates (0.00s)
=== RUN   TestLoadElimStoreForwarding
--- PASS: TestLoadElimStoreForwarding (0.00s)
=== RUN   TestLoadElimLoadToLoad
--- PASS: TestLoadElimLoadToLoad (0.00s)
=== RUN   TestLoadElimLastStoreWins
--- PASS: TestLoadElimLastStoreWins (0.00s)
=== RUN   TestLoadElimCallClobbers
--- PASS: TestLoadElimCallClobbers (0.00s)
=== RUN   TestLoadElimMayAliasBlocksForwarding
--- PASS: TestLoadElimMayAliasBlocksForwarding (0.00s)
=== RUN   TestLoadElimDistinctLocalsForward
--- PASS: TestLoadElimDistinctLocalsForward (0.00s)
=== RUN   TestLoadElimDisjointOffsetsInSameAlloc
--- PASS: TestLoadElimDisjointOffsetsInSameAlloc (0.00s)
=== RUN   TestLoadElimExtendedBlock
--- PASS: TestLoadElimExtendedBlock (0.00s)
=== RUN   TestLoadElimMergeResets
--- PASS: TestLoadElimMergeResets (0.00s)
=== RUN   TestLoadElimSubwordStoreNotForwarded
--- PASS: TestLoadElimSubwordStoreNotForwarded (0.00s)
=== RUN   TestLoadElimRedundantStoreBack
--- PASS: TestLoadElimRedundantStoreBack (0.00s)
=== RUN   TestLoadElimRedundantStoreSameValue
--- PASS: TestLoadElimRedundantStoreSameValue (0.00s)
=== RUN   TestLoadElimDifferentValueStoreKept
--- PASS: TestLoadElimDifferentValueStoreKept (0.00s)
=== RUN   TestLoadElimStoreBackAfterCallKept
--- PASS: TestLoadElimStoreBackAfterCallKept (0.00s)
=== RUN   TestLoadElimSkipsOverBudgetFunction
--- PASS: TestLoadElimSkipsOverBudgetFunction (0.00s)
=== RUN   TestLoadElimSkipsFunctionWithTooManyTemps
--- PASS: TestLoadElimSkipsFunctionWithTooManyTemps (0.01s)
=== RUN   TestAccessWidthAndCanonicalLoad
--- PASS: TestAccessWidthAndCanonicalLoad (0.00s)
=== RUN   TestMem2RegStraightLine
--- PASS: TestMem2RegStraightLine (0.00s)
=== RUN   TestMem2RegInsertsPhi
--- PASS: TestMem2RegInsertsPhi (0.00s)
=== RUN   TestMem2RegReadBeforeWriteIsZero
--- PASS: TestMem2RegReadBeforeWriteIsZero (0.00s)
=== RUN   TestMem2RegPromotesThroughLifetimeMarkersAndStripsThem
--- PASS: TestMem2RegPromotesThroughLifetimeMarkersAndStripsThem (0.00s)
=== RUN   TestMem2RegKeepsLifetimeMarkersOnNonPromotedAlloca
--- PASS: TestMem2RegKeepsLifetimeMarkersOnNonPromotedAlloca (0.00s)
=== RUN   TestMem2RegPromotesPointerSlotAccessedAsLong
--- PASS: TestMem2RegPromotesPointerSlotAccessedAsLong (0.00s)
=== RUN   TestMem2RegDoesNotPromoteEscaped
--- PASS: TestMem2RegDoesNotPromoteEscaped (0.00s)
=== RUN   TestMem2RegDoesNotPromoteSubword
--- PASS: TestMem2RegDoesNotPromoteSubword (0.00s)
=== RUN   TestMem2RegFloatSlotZeroInit
--- PASS: TestMem2RegFloatSlotZeroInit (0.00s)
=== RUN   TestMem2RegKeepsNonPromotedMemoryOps
--- PASS: TestMem2RegKeepsNonPromotedMemoryOps (0.00s)
=== RUN   TestMem2RegRejectsInconsistentClass
--- PASS: TestMem2RegRejectsInconsistentClass (0.00s)
=== RUN   TestMem2RegRejectsAddressInPhi
--- PASS: TestMem2RegRejectsAddressInPhi (0.00s)
=== RUN   TestMem2RegNoAllocs
--- PASS: TestMem2RegNoAllocs (0.00s)
=== RUN   TestMem2RegPromotesComputedGoto
--- PASS: TestMem2RegPromotesComputedGoto (0.00s)
=== RUN   TestMem2RegPrunesDeadPhi
--- PASS: TestMem2RegPrunesDeadPhi (0.00s)
=== RUN   TestIfConvertDiamond
--- PASS: TestIfConvertDiamond (0.00s)
=== RUN   TestIfConvertDiamondWithArms
--- PASS: TestIfConvertDiamondWithArms (0.00s)
=== RUN   TestIfConvertTriangle
--- PASS: TestIfConvertTriangle (0.00s)
=== RUN   TestIfConvertMultiPhi
--- PASS: TestIfConvertMultiPhi (0.00s)
=== RUN   TestIfConvertRejectsLoad
--- PASS: TestIfConvertRejectsLoad (0.00s)
=== RUN   TestIfConvertRejectsOverBudget
--- PASS: TestIfConvertRejectsOverBudget (0.00s)
=== RUN   TestIfConvertRejectsTooManyPhis
--- PASS: TestIfConvertRejectsTooManyPhis (0.00s)
=== RUN   TestIfConvertPreservesOtherPreds
--- PASS: TestIfConvertPreservesOtherPreds (0.00s)
=== RUN   TestShortCircuitAnd
--- PASS: TestShortCircuitAnd (0.00s)
=== RUN   TestShortCircuitOr
--- PASS: TestShortCircuitOr (0.00s)
=== RUN   TestShortCircuitSharedExitPhi
--- PASS: TestShortCircuitSharedExitPhi (0.00s)
=== RUN   TestShortCircuitNonSharedExitPhi
--- PASS: TestShortCircuitNonSharedExitPhi (0.00s)
=== RUN   TestShortCircuitRejectsUnsafe
--- PASS: TestShortCircuitRejectsUnsafe (0.00s)
=== RUN   TestIfConvertEnvDisable
--- PASS: TestIfConvertEnvDisable (0.00s)
=== RUN   TestInlineStraightLineAndControlFlow
--- PASS: TestInlineStraightLineAndControlFlow (0.05s)
=== RUN   TestInlineNoSplitCallsOnlyChangesNoSplitCallers
--- PASS: TestInlineNoSplitCallsOnlyChangesNoSplitCallers (0.00s)
=== RUN   TestAuditNoSplitCallsReportsRemainingSplitCallee
--- PASS: TestAuditNoSplitCallsReportsRemainingSplitCallee (0.00s)
=== RUN   TestInlineMapsClosureContextToCallSiteValue
--- PASS: TestInlineMapsClosureContextToCallSiteValue (0.00s)
=== RUN   TestInlineRejectsClosureWithoutCallSiteContext
--- PASS: TestInlineRejectsClosureWithoutCallSiteContext (0.00s)
=== RUN   TestInlineHeapAllocationExposesCallerLocalObject
--- PASS: TestInlineHeapAllocationExposesCallerLocalObject (0.00s)
=== RUN   TestInlineHeapAllocationThroughAggregateReturn
--- PASS: TestInlineHeapAllocationThroughAggregateReturn (0.00s)
=== RUN   TestInlineHeapAllocationThroughLocalAggregateSlot
--- PASS: TestInlineHeapAllocationThroughLocalAggregateSlot (0.00s)
=== RUN   TestInlineSkipsFrameScopedDefers
--- PASS: TestInlineSkipsFrameScopedDefers (0.00s)
=== RUN   TestInlinePreservesFrameScopedRuntimeCallsite
--- PASS: TestInlinePreservesFrameScopedRuntimeCallsite (0.00s)
=== RUN   TestInlineSkipsOverBudgetCaller
--- PASS: TestInlineSkipsOverBudgetCaller (0.01s)
=== RUN   TestInlineSkipsCallerFrameIntrinsics
=== RUN   TestInlineSkipsCallerFrameIntrinsics/caller-pc
=== RUN   TestInlineSkipsCallerFrameIntrinsics/caller-sp
--- PASS: TestInlineSkipsCallerFrameIntrinsics (0.00s)
    --- PASS: TestInlineSkipsCallerFrameIntrinsics/caller-pc (0.00s)
    --- PASS: TestInlineSkipsCallerFrameIntrinsics/caller-sp (0.00s)
=== RUN   TestInlineRecordsProvenance
--- PASS: TestInlineRecordsProvenance (0.00s)
=== RUN   TestInlineAdaptsGenericComparisonToFloatArguments
--- PASS: TestInlineAdaptsGenericComparisonToFloatArguments (0.00s)
=== RUN   TestNestedInlineAdaptsGenericComparisonToFloatArguments
--- PASS: TestNestedInlineAdaptsGenericComparisonToFloatArguments (0.00s)
=== RUN   TestInlineRecursiveNotInlined
--- PASS: TestInlineRecursiveNotInlined (0.06s)
=== RUN   TestUnrollRecursiveFunctionWithStackPointerMetadata
--- PASS: TestUnrollRecursiveFunctionWithStackPointerMetadata (0.00s)
=== RUN   TestInlineSkipsIndirectAndOversized
--- PASS: TestInlineSkipsIndirectAndOversized (0.00s)
=== RUN   TestInlineHonorsNoInline
--- PASS: TestInlineHonorsNoInline (0.00s)
=== RUN   TestInlineCostInlineNoEviction
--- PASS: TestInlineCostInlineNoEviction (0.02s)
=== RUN   TestCostInlineSelectsDispatchHelpers
--- PASS: TestCostInlineSelectsDispatchHelpers (0.01s)
=== RUN   TestInlineAggregateReturn
--- PASS: TestInlineAggregateReturn (0.05s)
=== RUN   TestInlineNoInlineBeatsForceInline
--- PASS: TestInlineNoInlineBeatsForceInline (0.00s)
=== RUN   TestDeadFuncElim
--- PASS: TestDeadFuncElim (0.00s)
=== RUN   TestInlineConstantKinds
--- PASS: TestInlineConstantKinds (0.05s)
=== RUN   TestInlinePreservesThreadLocalSymbol
--- PASS: TestInlinePreservesThreadLocalSymbol (0.00s)
=== RUN   TestInlineVoidCall
--- PASS: TestInlineVoidCall (0.06s)
=== RUN   TestInlinePreservesVolatile
--- PASS: TestInlinePreservesVolatile (0.00s)
=== RUN   TestInlinePreservesGCTemporaryAndStackAllocationMetadata
--- PASS: TestInlinePreservesGCTemporaryAndStackAllocationMetadata (0.00s)
=== RUN   TestUnrollMutualRecursion
--- PASS: TestUnrollMutualRecursion (0.05s)
=== RUN   TestUnrollDirectRecursion
--- PASS: TestUnrollDirectRecursion (0.06s)
=== RUN   TestUnrollSkipsCallWithMismatchedParameters
--- PASS: TestUnrollSkipsCallWithMismatchedParameters (0.00s)
=== RUN   TestOptFoldsWholeExpression
--- PASS: TestOptFoldsWholeExpression (0.05s)
=== RUN   TestOptEliminatesDeadBranch
--- PASS: TestOptEliminatesDeadBranch (0.05s)
=== RUN   TestOptMem2RegLoop
--- PASS: TestOptMem2RegLoop (0.06s)
=== RUN   TestOptGVNRedundancy
--- PASS: TestOptGVNRedundancy (0.05s)
=== RUN   TestOptGCMLoopInvariant
--- PASS: TestOptGCMLoopInvariant (0.06s)
=== RUN   TestOptLoadForwarding
--- PASS: TestOptLoadForwarding (0.05s)
=== RUN   TestOptStoreForwarding
--- PASS: TestOptStoreForwarding (0.05s)
=== RUN   TestOptLoadElimSoundness
--- PASS: TestOptLoadElimSoundness (0.05s)
=== RUN   TestOptPreservesLoopSemantics
--- PASS: TestOptPreservesLoopSemantics (0.11s)
=== RUN   TestFuncPassRunsOverAllFunctions
--- PASS: TestFuncPassRunsOverAllFunctions (0.00s)
=== RUN   TestModulePassChangePropagates
--- PASS: TestModulePassChangePropagates (0.00s)
=== RUN   TestFixpointIteratesUntilStable
--- PASS: TestFixpointIteratesUntilStable (0.00s)
=== RUN   TestFixpointStableReportsNoChange
--- PASS: TestFixpointStableReportsNoChange (0.00s)
=== RUN   TestDefaultPipelineShape
--- PASS: TestDefaultPipelineShape (0.00s)
=== RUN   TestBoundedPipelineShape
--- PASS: TestBoundedPipelineShape (0.00s)
=== RUN   TestTailMergeReturns
--- PASS: TestTailMergeReturns (0.00s)
=== RUN   TestTailMergeVoidReturns
--- PASS: TestTailMergeVoidReturns (0.00s)
=== RUN   TestTailMergeSkipsConflict
--- PASS: TestTailMergeSkipsConflict (0.00s)
PASS
ok  	github.com/evanphx/cg12/opt	1.007s
=== RUN   TestBinaryRoundTripParsed
--- PASS: TestBinaryRoundTripParsed (0.00s)
=== RUN   TestParseCompileArith
--- PASS: TestParseCompileArith (0.06s)
=== RUN   TestParseCompileLoop
--- PASS: TestParseCompileLoop (0.05s)
=== RUN   TestParseCompileAggregateGP
--- PASS: TestParseCompileAggregateGP (0.05s)
=== RUN   TestParseCompileAggregateHFA
--- PASS: TestParseCompileAggregateHFA (0.05s)
=== RUN   TestParseCompileAggregateReturnGP
--- PASS: TestParseCompileAggregateReturnGP (0.06s)
=== RUN   TestParseCompileAggregateReturnHFA
--- PASS: TestParseCompileAggregateReturnHFA (0.06s)
=== RUN   TestParseCompileAggregateReturnMemoryRoundTrip
--- PASS: TestParseCompileAggregateReturnMemoryRoundTrip (0.05s)
=== RUN   TestParseCompileStackedAggregate
--- PASS: TestParseCompileStackedAggregate (0.05s)
=== RUN   TestParseCompileVariadic
--- PASS: TestParseCompileVariadic (0.05s)
=== RUN   TestParseCompileVariadicFloat
--- PASS: TestParseCompileVariadicFloat (0.06s)
=== RUN   TestParseCompileLargeFrame
--- PASS: TestParseCompileLargeFrame (0.06s)
=== RUN   TestParseCompileFloatBits
--- PASS: TestParseCompileFloatBits (0.06s)
=== RUN   TestParseCompileMemoryAndFloat
--- PASS: TestParseCompileMemoryAndFloat (0.05s)
=== RUN   TestParseComments
--- PASS: TestParseComments (0.00s)
=== RUN   TestParseStringAndFloatData
--- PASS: TestParseStringAndFloatData (0.00s)
=== RUN   TestParseLinkageThreadSection
--- PASS: TestParseLinkageThreadSection (0.00s)
=== RUN   TestParseHexAndNegative
--- PASS: TestParseHexAndNegative (0.00s)
=== RUN   TestParseComparePredicates
--- PASS: TestParseComparePredicates (0.00s)
=== RUN   TestParseErrors
--- PASS: TestParseErrors (0.00s)
=== RUN   TestParseStoreWidths
--- PASS: TestParseStoreWidths (0.00s)
=== RUN   TestParseFloatExponent
--- PASS: TestParseFloatExponent (0.00s)
=== RUN   TestParseTypeErrors
--- PASS: TestParseTypeErrors (0.00s)
=== RUN   TestParseConversionAliases
--- PASS: TestParseConversionAliases (0.00s)
=== RUN   TestParseFallThrough
--- PASS: TestParseFallThrough (0.00s)
=== RUN   TestParseLoadForms
--- PASS: TestParseLoadForms (0.00s)
=== RUN   TestParseEmptyModule
--- PASS: TestParseEmptyModule (0.00s)
=== RUN   TestParseVariadicAndEnv
--- PASS: TestParseVariadicAndEnv (0.00s)
=== RUN   TestTokenStringInErrors
--- PASS: TestTokenStringInErrors (0.00s)
=== RUN   TestSrcPosRoundTrip
--- PASS: TestSrcPosRoundTrip (0.00s)
=== RUN   TestLocSyntax
--- PASS: TestLocSyntax (0.00s)
=== RUN   TestRoundTripAdd
--- PASS: TestRoundTripAdd (0.00s)
=== RUN   TestRoundTripIntrinsic
--- PASS: TestRoundTripIntrinsic (0.00s)
=== RUN   TestRoundTripInlineAssembly
--- PASS: TestRoundTripInlineAssembly (0.00s)
=== RUN   TestRoundTripAtomics
--- PASS: TestRoundTripAtomics (0.00s)
=== RUN   TestRoundTripLoopWithPhis
--- PASS: TestRoundTripLoopWithPhis (0.00s)
=== RUN   TestRoundTripBranchesOutOfOrderTargets
--- PASS: TestRoundTripBranchesOutOfOrderTargets (0.00s)
=== RUN   TestRoundTripCallsAndMemory
--- PASS: TestRoundTripCallsAndMemory (0.00s)
=== RUN   TestRoundTripFloats
--- PASS: TestRoundTripFloats (0.00s)
=== RUN   TestRoundTripAggregates
--- PASS: TestRoundTripAggregates (0.00s)
=== RUN   TestRoundTripUnion
--- PASS: TestRoundTripUnion (0.00s)
=== RUN   TestRoundTripDataAndTypes
--- PASS: TestRoundTripDataAndTypes (0.00s)
PASS
ok  	github.com/evanphx/cg12/parse	0.739s
=== RUN   TestSpecializeAggregateCall
    aggcall_test.go:55: residual:
        export function l $interp$spec(l %in0) {
        @start
        	jmp @s_pc0_sp0
        @s_pc0_sp0
        	jmp @s_pc2_sp16
        @s_pc2_sp16
        	%r0 =l phi @s_pc0_sp0 0
        	%r1 =l phi @s_pc0_sp0 2
        	jmp @s_pc4_sp32
        @s_pc4_sp32
        	%r2 =l phi @s_pc2_sp16 %r0
        	%r3 =l phi @s_pc2_sp16 %r1
        	%r4 =l phi @s_pc2_sp16 1
        	%r5 =l phi @s_pc2_sp16 %in0
        	%t1 =p alloc8 16
        	storel %r2, %t1
        	%t2 =p add %t1, 8
        	storel %r3, %t2
        	%t3 =p alloc8 16
        	storel %r4, %t3
        	%t4 =p add %t3, 8
        	storel %r5, %t4
        	%t5 =:struct.Val call $rt_add(:struct.Val %t1, :struct.Val %t3)
        	%t6 =l loadl %t5
        	%t7 =p add %t5, 8
        	%t8 =l loadl %t7
        	jmp @s_pc5_sp16
        @s_pc5_sp16
        	%r6 =l phi @s_pc4_sp32 %t6
        	%r7 =l phi @s_pc4_sp32 %t8
        	ret %r7
        }
--- PASS: TestSpecializeAggregateCall (0.04s)
=== RUN   TestSpecializeStructStack
    aggregate_test.go:59: residual:
        export function l $interp$spec(l %in0) {
        @start
        	jmp @s_pc0_sp0
        @s_pc0_sp0
        	jmp @s_pc2_sp16
        @s_pc2_sp16
        	%r0 =l phi @s_pc0_sp0 0
        	%r1 =l phi @s_pc0_sp0 2
        	jmp @s_pc4_sp32
        @s_pc4_sp32
        	%r2 =l phi @s_pc2_sp16 %r0
        	%r3 =l phi @s_pc2_sp16 %r1
        	%r4 =l phi @s_pc2_sp16 1
        	%r5 =l phi @s_pc2_sp16 %in0
        	%t1 =l add %r3, %r5
        	jmp @s_pc5_sp16
        @s_pc5_sp16
        	%r6 =l phi @s_pc4_sp32 0
        	%r7 =l phi @s_pc4_sp32 %t1
        	ret %r7
        }
--- PASS: TestSpecializeStructStack (0.03s)
=== RUN   TestSpecializeStructStackDeep
--- PASS: TestSpecializeStructStackDeep (0.04s)
=== RUN   TestSpecializeAggregateReturn
    aggret_test.go:48: residual:
        export function :struct.Val $interp$spec(l %in0) {
        @start
        	jmp @s_pc0_sp0
        @s_pc0_sp0
        	jmp @s_pc2_sp8
        @s_pc2_sp8
        	%r0 =l phi @s_pc0_sp0 %in0
        	%t1 =p alloc8 16
        	storel 9, %t1
        	%t2 =p add %t1, 8
        	storel %r0, %t2
        	ret %t1
        }
--- PASS: TestSpecializeAggregateReturn (0.03s)
=== RUN   TestSpecializeDivRem
--- PASS: TestSpecializeDivRem (0.11s)
=== RUN   TestSpecializeComputedGoto
    computedgoto_test.go:67: residual:
        export function l $interp$spec(l %in0) {
        @start
        	jmp @s_pc0_sp0
        @s_pc0_sp0
        	%r0 =l phi @start 0
        	%r1 =l phi @start 0
        	jmp @s_pc2_sp8
        @s_pc2_sp8
        	%r2 =l phi @s_pc0_sp0 2
        	%r3 =l phi @s_pc0_sp0 %r0
        	%r4 =l phi @s_pc0_sp0 %r1
        	jmp @s_pc4_sp16
        @s_pc4_sp16
        	%r5 =l phi @s_pc2_sp8 %r2
        	%r6 =l phi @s_pc2_sp8 %in0
        	%r7 =l phi @s_pc2_sp8 %r3
        	%r8 =l phi @s_pc2_sp8 %r4
        	%t1 =l add %r5, %r6
        	jmp @s_pc5_sp8
        @s_pc5_sp8
        	%r9 =l phi @s_pc4_sp16 %t1
        	%r10 =l phi @s_pc4_sp16 %r7
        	%r11 =l phi @s_pc4_sp16 %r8
        	ret %r9
        }
--- PASS: TestSpecializeComputedGoto (0.04s)
=== RUN   TestSpecializeComputedGotoLoop
--- PASS: TestSpecializeComputedGotoLoop (0.04s)
=== RUN   TestSpecializeEscapingPointerParam
    escape_test.go:51: residual:
        export function l $interp$spec(l %in0, p %ctx) {
        @start
        	jmp @s_pc0_sp0
        @s_pc0_sp0
        	jmp @s_pc2_sp8
        @s_pc2_sp8
        	%r0 =l phi @s_pc0_sp0 2
        	jmp @s_pc4_sp16
        @s_pc4_sp16
        	%r1 =l phi @s_pc2_sp8 %r0
        	%r2 =l phi @s_pc2_sp8 %in0
        	%t1 =l call $rt_op(p %ctx, l %r1, l %r2)
        	jmp @s_pc5_sp8
        @s_pc5_sp8
        	%r3 =l phi @s_pc4_sp16 %t1
        	ret %r3
        }
--- PASS: TestSpecializeEscapingPointerParam (0.04s)
=== RUN   TestSpecializeEscapingLocalAddress
    escape_test.go:118: residual:
        export function l $interp$spec(l %in0) {
        @start
        	%t1 =p alloc16 16
        	storel 3, %t1
        	%t2 =p add %t1, 8
        	storel 4, %t2
        	%t3 =l call $rt_sum(p %t1)
        	jmp @s_pc0_sp0
        @s_pc0_sp0
        	%t4 =l add %t3, %in0
        	jmp @s_pc2_sp8
        @s_pc2_sp8
        	%r0 =l phi @s_pc0_sp0 %t4
        	ret %r0
        }
--- PASS: TestSpecializeEscapingLocalAddress (0.04s)
=== RUN   TestSpecializeEscapingHandlerLocal
    escape_test.go:172: residual:
        export function l $interp$spec(l %in0, l %in1) {
        @start
        	jmp @s_pc0_sp0
        @s_pc0_sp0
        	%t1 =p alloc16 16
        	storel 7, %t1
        	%t2 =p add %t1, 8
        	storel %in0, %t2
        	%t3 =l call $rt_use(p %t1)
        	jmp @s_pc2_sp8
        @s_pc2_sp8
        	%r0 =l phi @s_pc0_sp0 %t3
        	%t4 =p alloc16 16
        	storel 7, %t4
        	%t5 =p add %t4, 8
        	storel %in1, %t5
        	%t6 =l call $rt_use(p %t4)
        	jmp @s_pc4_sp16
        @s_pc4_sp16
        	%r1 =l phi @s_pc2_sp8 %r0
        	%r2 =l phi @s_pc2_sp8 %t6
        	%t7 =l add %r1, %r2
        	jmp @s_pc5_sp8
        @s_pc5_sp8
        	%r3 =l phi @s_pc4_sp16 %t7
        	ret %r3
        }
--- PASS: TestSpecializeEscapingHandlerLocal (0.05s)
=== RUN   TestSpecializeAggregateArgFromResult
    escape_test.go:233: residual:
        export function l $interp$spec(l %in0) {
        @start
        	jmp @s_pc0_sp0
        @s_pc0_sp0
        	%t1 =:struct.Val call $rt_mk(l %in0)
        	%t2 =p alloc8 16
        	%t3 =l loadl %t1
        	storel %t3, %t2
        	%t4 =p add %t1, 8
        	%t5 =l loadl %t4
        	%t6 =p add %t2, 8
        	storel %t5, %t6
        	%t7 =:struct.Val call $rt_inc(:struct.Val %t2)
        	%t8 =l loadl %t7
        	%t9 =p add %t7, 8
        	%t10 =l loadl %t9
        	jmp @s_pc2_sp16
        @s_pc2_sp16
        	%r0 =l phi @s_pc0_sp0 %t8
        	%r1 =l phi @s_pc0_sp0 %t10
        	ret %r1
        }
--- PASS: TestSpecializeAggregateArgFromResult (0.04s)
=== RUN   TestSpecializeInlineCache
    inlinecache_test.go:112: residual:
        export function l $interp$spec(l %in0, l %in1) {
        @start
        	%t1 =p call $calloc(l 256, l 16)
        	jmp @s_pc0_sp0
        @s_pc0_sp0
        	%r0 =l phi @start 0
        	%r1 =l phi @start 0
        	%r2 =l phi @start 0
        	%r3 =l phi @start 0
        	jmp @s_pc2_sp8
        @s_pc2_sp8
        	%r4 =l phi @s_pc0_sp0 %in0
        	%r5 =l phi @s_pc0_sp0 %r0
        	%r6 =l phi @s_pc0_sp0 %r1
        	%r7 =l phi @s_pc0_sp0 %r2
        	%r8 =l phi @s_pc0_sp0 %r3
        	jmp @s_pc4_sp0
        @s_pc4_sp0
        	%r9 =l phi @s_pc2_sp8 %r4
        	%r10 =l phi @s_pc2_sp8 %r6
        	%r11 =l phi @s_pc2_sp8 %r7
        	%r12 =l phi @s_pc2_sp8 %r8
        	jmp @s_pc6_sp8
        @s_pc6_sp8
        	%r13 =l phi @s_pc4_sp0 %in1
        	%r14 =l phi @s_pc4_sp0 %r9
        	%r15 =l phi @s_pc4_sp0 %r10
        	%r16 =l phi @s_pc4_sp0 %r11
        	%r17 =l phi @s_pc4_sp0 %r12
        	jmp @s_pc8_sp0
        @s_pc8_sp0
        	%r18 =l phi @s_pc6_sp8 %r14, @s_pc25_sp0 %r71
        	%r19 =l phi @s_pc6_sp8 %r13, @s_pc25_sp0 %r72
        	%r20 =l phi @s_pc6_sp8 %r16, @s_pc25_sp0 %r73
        	%r21 =l phi @s_pc6_sp8 %r17, @s_pc25_sp0 %r74
        	jmp @s_pc10_sp8
        @s_pc10_sp8
        	%r22 =l phi @s_pc8_sp0 %r19
        	%r23 =l phi @s_pc8_sp0 %r18
        	%r24 =l phi @s_pc8_sp0 %r19
        	%r25 =l phi @s_pc8_sp0 %r20
        	%r26 =l phi @s_pc8_sp0 %r21
        	%t2 =w ceql %r22, 0
        	jnz %t2, @t1, @f2
        @t1
        	jmp @s_pc27_sp0
        @f2
        	jmp @s_pc12_sp0
        @s_pc27_sp0
        	%r27 =l phi @t1 %r23
        	%r28 =l phi @t1 %r24
        	%r29 =l phi @t1 %r25
        	%r30 =l phi @t1 %r26
        	jmp @s_pc29_sp8
        @s_pc12_sp0
        	%r31 =l phi @f2 %r23
        	%r32 =l phi @f2 %r24
        	%r33 =l phi @f2 %r25
        	%r34 =l phi @f2 %r26
        	jmp @s_pc14_sp8
        @s_pc29_sp8
        	%r35 =l phi @s_pc27_sp0 %r29
        	%r36 =l phi @s_pc27_sp0 %r27
        	%r37 =l phi @s_pc27_sp0 %r28
        	%r38 =l phi @s_pc27_sp0 %r29
        	%r39 =l phi @s_pc27_sp0 %r30
        	ret %r35
        @s_pc14_sp8
        	%r40 =l phi @s_pc12_sp0 %r31
        	%r41 =l phi @s_pc12_sp0 %r31
        	%r42 =l phi @s_pc12_sp0 %r32
        	%r43 =l phi @s_pc12_sp0 %r33
        	%r44 =l phi @s_pc12_sp0 %r34
        	%t3 =l and %r40, 255
        	%t4 =p add %t1, 224
        	%t5 =l loadl %t4
        	%t6 =w ceql %t5, %t3
        	jnz %t6, @t3, @f4
        @t3
        	%t7 =p add %t1, 224
        	%t8 =p add %t7, 8
        	%t9 =l loadl %t8
        	jmp @join5
        @f4
        	%t10 =l call $rt_lookup(l %t3, l 7)
        	%t11 =p add %t1, 224
        	storel %t3, %t11
        	%t12 =p add %t1, 224
        	%t13 =p add %t12, 8
        	storel %t10, %t13
        	jmp @join5
        @join5
        	%r45 =l phi @t3 %t9, @f4 %t10
        	%t14 =l call $rt_invoke(l %r45, l %r40)
        	jmp @s_pc16_sp8
        @s_pc16_sp8
        	%r46 =l phi @join5 %t14
        	%r47 =l phi @join5 %r41
        	%r48 =l phi @join5 %r42
        	%r49 =l phi @join5 %r43
        	%r50 =l phi @join5 %r44
        	jmp @s_pc18_sp0
        @s_pc18_sp0
        	%r51 =l phi @s_pc16_sp8 %r47
        	%r52 =l phi @s_pc16_sp8 %r48
        	%r53 =l phi @s_pc16_sp8 %r46
        	%r54 =l phi @s_pc16_sp8 %r50
        	jmp @s_pc20_sp8
        @s_pc20_sp8
        	%r55 =l phi @s_pc18_sp0 %r52
        	%r56 =l phi @s_pc18_sp0 %r51
        	%r57 =l phi @s_pc18_sp0 %r52
        	%r58 =l phi @s_pc18_sp0 %r53
        	%r59 =l phi @s_pc18_sp0 %r54
        	jmp @s_pc22_sp16
        @s_pc22_sp16
        	%r60 =l phi @s_pc20_sp8 %r55
        	%r61 =l phi @s_pc20_sp8 1
        	%r62 =l phi @s_pc20_sp8 %r56
        	%r63 =l phi @s_pc20_sp8 %r57
        	%r64 =l phi @s_pc20_sp8 %r58
        	%r65 =l phi @s_pc20_sp8 %r59
        	%t15 =l sub %r60, %r61
        	jmp @s_pc23_sp8
        @s_pc23_sp8
        	%r66 =l phi @s_pc22_sp16 %t15
        	%r67 =l phi @s_pc22_sp16 %r62
        	%r68 =l phi @s_pc22_sp16 %r63
        	%r69 =l phi @s_pc22_sp16 %r64
        	%r70 =l phi @s_pc22_sp16 %r65
        	jmp @s_pc25_sp0
        @s_pc25_sp0
        	%r71 =l phi @s_pc23_sp8 %r67
        	%r72 =l phi @s_pc23_sp8 %r66
        	%r73 =l phi @s_pc23_sp8 %r69
        	%r74 =l phi @s_pc23_sp8 %r70
        	jmp @s_pc8_sp0
        }
--- PASS: TestSpecializeInlineCache (0.04s)
=== RUN   TestSpecializeResidualLoopSum
    loop_test.go:44: residual:
        export function l $interp$spec(l %n, l %in0) {
        @start
        	jmp @loop1
        @loop1
        	%lv0 =l phi @start 0, @lbody2 %t2
        	%lv1 =l phi @start 0, @lbody2 %t3
        	%t1 =w csltl %lv1, %n
        	jnz %t1, @lbody2, @lexit3
        @lbody2
        	%t2 =l add %lv0, %lv1
        	%t3 =l add %lv1, 1
        	jmp @loop1
        @lexit3
        	jmp @s_pc0_sp0
        @s_pc0_sp0
        	%t4 =l add %lv0, %in0
        	jmp @s_pc2_sp8
        @s_pc2_sp8
        	%r2 =l phi @s_pc0_sp0 %t4
        	ret %r2
        }
--- PASS: TestSpecializeResidualLoopSum (0.04s)
=== RUN   TestSpecializeResidualLoopCountdown
    loop_test.go:105: residual:
        export function l $interp$spec(l %n, l %in0) {
        @start
        	jmp @loop1
        @loop1
        	%lv0 =l phi @start 0, @lbody2 %t2
        	%lv1 =l phi @start %n, @lbody2 %t3
        	%t1 =w csgtl %lv1, 0
        	jnz %t1, @lbody2, @lexit3
        @lbody2
        	%t2 =l add %lv0, %lv1
        	%t3 =l sub %lv1, 1
        	jmp @loop1
        @lexit3
        	jmp @s_pc0_sp0
        @s_pc0_sp0
        	%t4 =l add %lv0, %in0
        	jmp @s_pc2_sp8
        @s_pc2_sp8
        	%r2 =l phi @s_pc0_sp0 %t4
        	ret %r2
        }
--- PASS: TestSpecializeResidualLoopCountdown (0.05s)
=== RUN   TestSpecializeWithMarkers
    marker_test.go:57: residual:
        export function l $interp$spec(l %in0) {
        @start
        	jmp @s_pc0_sp0
        @s_pc0_sp0
        	%r0 =l phi @start 0
        	%r1 =l phi @start 0
        	%r2 =l phi @start 0
        	%r3 =l phi @start 0
        	%r4 =l phi @start 0
        	%r5 =l phi @start 0
        	%r6 =l phi @start 0
        	%r7 =l phi @start 0
        	jmp @s_pc2_sp8
        @s_pc2_sp8
        	%r8 =l phi @s_pc0_sp0 5
        	%r9 =l phi @s_pc0_sp0 %r0
        	%r10 =l phi @s_pc0_sp0 %r1
        	%r11 =l phi @s_pc0_sp0 %r2
        	%r12 =l phi @s_pc0_sp0 %r3
        	%r13 =l phi @s_pc0_sp0 %r4
        	%r14 =l phi @s_pc0_sp0 %r5
        	%r15 =l phi @s_pc0_sp0 %r6
        	%r16 =l phi @s_pc0_sp0 %r7
        	jmp @s_pc4_sp0
        @s_pc4_sp0
        	%r17 =l phi @s_pc2_sp8 %r8
        	%r18 =l phi @s_pc2_sp8 %r10
        	%r19 =l phi @s_pc2_sp8 %r11
        	%r20 =l phi @s_pc2_sp8 %r12
        	%r21 =l phi @s_pc2_sp8 %r13
        	%r22 =l phi @s_pc2_sp8 %r14
        	%r23 =l phi @s_pc2_sp8 %r15
        	%r24 =l phi @s_pc2_sp8 %r16
        	jmp @s_pc6_sp8
        @s_pc6_sp8
        	%r25 =l phi @s_pc4_sp0 %in0
        	%r26 =l phi @s_pc4_sp0 %r17
        	%r27 =l phi @s_pc4_sp0 %r18
        	%r28 =l phi @s_pc4_sp0 %r19
        	%r29 =l phi @s_pc4_sp0 %r20
        	%r30 =l phi @s_pc4_sp0 %r21
        	%r31 =l phi @s_pc4_sp0 %r22
        	%r32 =l phi @s_pc4_sp0 %r23
        	%r33 =l phi @s_pc4_sp0 %r24
        	jmp @s_pc8_sp16
        @s_pc8_sp16
        	%r34 =l phi @s_pc6_sp8 %r25
        	%r35 =l phi @s_pc6_sp8 %r26
        	%r36 =l phi @s_pc6_sp8 %r26
        	%r37 =l phi @s_pc6_sp8 %r27
        	%r38 =l phi @s_pc6_sp8 %r28
        	%r39 =l phi @s_pc6_sp8 %r29
        	%r40 =l phi @s_pc6_sp8 %r30
        	%r41 =l phi @s_pc6_sp8 %r31
        	%r42 =l phi @s_pc6_sp8 %r32
        	%r43 =l phi @s_pc6_sp8 %r33
        	%t1 =l add %r34, %r35
        	jmp @s_pc9_sp8
        @s_pc9_sp8
        	%r44 =l phi @s_pc8_sp16 %t1
        	%r45 =l phi @s_pc8_sp16 %r36
        	%r46 =l phi @s_pc8_sp16 %r37
        	%r47 =l phi @s_pc8_sp16 %r38
        	%r48 =l phi @s_pc8_sp16 %r39
        	%r49 =l phi @s_pc8_sp16 %r40
        	%r50 =l phi @s_pc8_sp16 %r41
        	%r51 =l phi @s_pc8_sp16 %r42
        	%r52 =l phi @s_pc8_sp16 %r43
        	ret %r44
        }
--- PASS: TestSpecializeWithMarkers (0.04s)
=== RUN   TestSpecializeEscapingCodePointer
    marker_test.go:136: residual:
        export function l $interp$spec(l %in0, p %code) {
        @start
        	jmp @s_pc0_sp0
        @s_pc0_sp0
        	%t1 =p add %code, 1
        	%t2 =l call $rt_at(p %t1, l %in0)
        	jmp @s_pc2_sp8
        @s_pc2_sp8
        	%r0 =l phi @s_pc0_sp0 %t2
        	ret %r0
        }
--- PASS: TestSpecializeEscapingCodePointer (0.04s)
=== RUN   TestSpecializeGreenPointerCompare
    marker_test.go:173: residual:
        export function l $interp$spec(l %in0) {
        @start
        	jmp @s_pc0_sp0
        @s_pc0_sp0
        	jmp @s_pc2_sp8
        @s_pc2_sp8
        	%r0 =l phi @s_pc0_sp0 3
        	jmp @s_pc4_sp16
        @s_pc4_sp16
        	%r1 =l phi @s_pc2_sp8 %r0
        	%r2 =l phi @s_pc2_sp8 4
        	jmp @s_pc6_sp24
        @s_pc6_sp24
        	%r3 =l phi @s_pc4_sp16 %r1
        	%r4 =l phi @s_pc4_sp16 %r2
        	%r5 =l phi @s_pc4_sp16 %in0
        	%t1 =l add 0, %r3
        	%t2 =l add %t1, %r4
        	%t3 =l add %t2, %r5
        	jmp @s_pc7_sp8
        @s_pc7_sp8
        	%r6 =l phi @s_pc6_sp24 %t3
        	ret %r6
        }
--- PASS: TestSpecializeGreenPointerCompare (0.04s)
=== RUN   TestSpecializeToNative
    native_test.go:66: specialized program, as native ARM64:
        sum1toN:
        	mov x9, x0
        	movz x10, #0x0
        	cbnz x9, .+12
        	mov x0, x10
        	ret
        	add x10, x10, x9
        	sub x9, x9, #1
        	b .-20
    native_test.go:69: interpreter = 126 instructions; specialized program = 8
--- PASS: TestSpecializeToNative (0.09s)
=== RUN   TestSpecializeConstantProgram
    pe_test.go:131: residual:
        export function l $interp$spec() {
        @start
        	jmp @s_pc0_sp0
        @s_pc0_sp0
        	%r0 =l phi @start 0
        	%r1 =l phi @start 0
        	jmp @s_pc2_sp8
        @s_pc2_sp8
        	%r2 =l phi @s_pc0_sp0 2
        	%r3 =l phi @s_pc0_sp0 %r0
        	%r4 =l phi @s_pc0_sp0 %r1
        	jmp @s_pc4_sp16
        @s_pc4_sp16
        	%r5 =l phi @s_pc2_sp8 %r2
        	%r6 =l phi @s_pc2_sp8 3
        	%r7 =l phi @s_pc2_sp8 %r3
        	%r8 =l phi @s_pc2_sp8 %r4
        	%t1 =l add %r5, %r6
        	jmp @s_pc5_sp8
        @s_pc5_sp8
        	%r9 =l phi @s_pc4_sp16 %t1
        	%r10 =l phi @s_pc4_sp16 %r7
        	%r11 =l phi @s_pc4_sp16 %r8
        	jmp @s_pc7_sp16
        @s_pc7_sp16
        	%r12 =l phi @s_pc5_sp8 %r9
        	%r13 =l phi @s_pc5_sp8 4
        	%r14 =l phi @s_pc5_sp8 %r10
        	%r15 =l phi @s_pc5_sp8 %r11
        	%t2 =l mul %r12, %r13
        	jmp @s_pc8_sp8
        @s_pc8_sp8
        	%r16 =l phi @s_pc7_sp16 %t2
        	%r17 =l phi @s_pc7_sp16 %r14
        	%r18 =l phi @s_pc7_sp16 %r15
        	ret %r16
        }
--- PASS: TestSpecializeConstantProgram (0.04s)
=== RUN   TestSpecializeProgramWithInput
    pe_test.go:146: residual:
        export function l $interp$spec(l %in0) {
        @start
        	jmp @s_pc0_sp0
        @s_pc0_sp0
        	%r0 =l phi @start 0
        	%r1 =l phi @start 0
        	jmp @s_pc2_sp8
        @s_pc2_sp8
        	%r2 =l phi @s_pc0_sp0 2
        	%r3 =l phi @s_pc0_sp0 %r0
        	%r4 =l phi @s_pc0_sp0 %r1
        	jmp @s_pc4_sp16
        @s_pc4_sp16
        	%r5 =l phi @s_pc2_sp8 %r2
        	%r6 =l phi @s_pc2_sp8 3
        	%r7 =l phi @s_pc2_sp8 %r3
        	%r8 =l phi @s_pc2_sp8 %r4
        	%t1 =l add %r5, %r6
        	jmp @s_pc5_sp8
        @s_pc5_sp8
        	%r9 =l phi @s_pc4_sp16 %t1
        	%r10 =l phi @s_pc4_sp16 %r7
        	%r11 =l phi @s_pc4_sp16 %r8
        	jmp @s_pc7_sp16
        @s_pc7_sp16
        	%r12 =l phi @s_pc5_sp8 %r9
        	%r13 =l phi @s_pc5_sp8 %in0
        	%r14 =l phi @s_pc5_sp8 %r10
        	%r15 =l phi @s_pc5_sp8 %r11
        	%t2 =l mul %r12, %r13
        	jmp @s_pc8_sp8
        @s_pc8_sp8
        	%r16 =l phi @s_pc7_sp16 %t2
        	%r17 =l phi @s_pc7_sp16 %r14
        	%r18 =l phi @s_pc7_sp16 %r15
        	ret %r16
        }
--- PASS: TestSpecializeProgramWithInput (0.04s)
=== RUN   TestSpecializeLoop
    pe_test.go:172: residual:
        export function l $interp$spec(l %in0) {
        @start
        	jmp @s_pc0_sp0
        @s_pc0_sp0
        	%r0 =l phi @start 0
        	%r1 =l phi @start 0
        	jmp @s_pc2_sp8
        @s_pc2_sp8
        	%r2 =l phi @s_pc0_sp0 0
        	%r3 =l phi @s_pc0_sp0 %r0
        	%r4 =l phi @s_pc0_sp0 %r1
        	jmp @s_pc4_sp0
        @s_pc4_sp0
        	%r5 =l phi @s_pc2_sp8 %r2
        	%r6 =l phi @s_pc2_sp8 %r4
        	jmp @s_pc6_sp8
        @s_pc6_sp8
        	%r7 =l phi @s_pc4_sp0 %in0
        	%r8 =l phi @s_pc4_sp0 %r5
        	%r9 =l phi @s_pc4_sp0 %r6
        	jmp @s_pc8_sp0
        @s_pc8_sp0
        	%r10 =l phi @s_pc6_sp8 %r8, @s_pc26_sp0 %r44
        	%r11 =l phi @s_pc6_sp8 %r7, @s_pc26_sp0 %r45
        	jmp @s_pc10_sp8
        @s_pc10_sp8
        	%r12 =l phi @s_pc8_sp0 %r11
        	%r13 =l phi @s_pc8_sp0 %r10
        	%r14 =l phi @s_pc8_sp0 %r11
        	%t1 =w ceql %r12, 0
        	jnz %t1, @t1, @f2
        @t1
        	jmp @s_pc28_sp0
        @f2
        	jmp @s_pc12_sp0
        @s_pc28_sp0
        	%r15 =l phi @t1 %r13
        	%r16 =l phi @t1 %r14
        	jmp @s_pc30_sp8
        @s_pc12_sp0
        	%r17 =l phi @f2 %r13
        	%r18 =l phi @f2 %r14
        	jmp @s_pc14_sp8
        @s_pc30_sp8
        	%r19 =l phi @s_pc28_sp0 %r15
        	%r20 =l phi @s_pc28_sp0 %r15
        	%r21 =l phi @s_pc28_sp0 %r16
        	ret %r19
        @s_pc14_sp8
        	%r22 =l phi @s_pc12_sp0 %r17
        	%r23 =l phi @s_pc12_sp0 %r17
        	%r24 =l phi @s_pc12_sp0 %r18
        	jmp @s_pc16_sp16
        @s_pc16_sp16
        	%r25 =l phi @s_pc14_sp8 %r22
        	%r26 =l phi @s_pc14_sp8 %r24
        	%r27 =l phi @s_pc14_sp8 %r23
        	%r28 =l phi @s_pc14_sp8 %r24
        	%t2 =l add %r25, %r26
        	jmp @s_pc17_sp8
        @s_pc17_sp8
        	%r29 =l phi @s_pc16_sp16 %t2
        	%r30 =l phi @s_pc16_sp16 %r27
        	%r31 =l phi @s_pc16_sp16 %r28
        	jmp @s_pc19_sp0
        @s_pc19_sp0
        	%r32 =l phi @s_pc17_sp8 %r29
        	%r33 =l phi @s_pc17_sp8 %r31
        	jmp @s_pc21_sp8
        @s_pc21_sp8
        	%r34 =l phi @s_pc19_sp0 %r33
        	%r35 =l phi @s_pc19_sp0 %r32
        	%r36 =l phi @s_pc19_sp0 %r33
        	jmp @s_pc23_sp16
        @s_pc23_sp16
        	%r37 =l phi @s_pc21_sp8 %r34
        	%r38 =l phi @s_pc21_sp8 1
        	%r39 =l phi @s_pc21_sp8 %r35
        	%r40 =l phi @s_pc21_sp8 %r36
        	%t3 =l sub %r37, %r38
        	jmp @s_pc24_sp8
        @s_pc24_sp8
        	%r41 =l phi @s_pc23_sp16 %t3
        	%r42 =l phi @s_pc23_sp16 %r39
        	%r43 =l phi @s_pc23_sp16 %r40
        	jmp @s_pc26_sp0
        @s_pc26_sp0
        	%r44 =l phi @s_pc24_sp8 %r42
        	%r45 =l phi @s_pc24_sp8 %r41
        	jmp @s_pc8_sp0
        }
--- PASS: TestSpecializeLoop (0.03s)
=== RUN   TestSpecializePointerWalk
    pointer_test.go:63: residual:
        export function l $interp$spec(l %in0) {
        @start
        	jmp @s_pc0_sp0
        @s_pc0_sp0
        	%r0 =l phi @start 0
        	%r1 =l phi @start 0
        	jmp @s_pc2_sp8
        @s_pc2_sp8
        	%r2 =l phi @s_pc0_sp0 2
        	%r3 =l phi @s_pc0_sp0 %r0
        	%r4 =l phi @s_pc0_sp0 %r1
        	jmp @s_pc4_sp16
        @s_pc4_sp16
        	%r5 =l phi @s_pc2_sp8 %r2
        	%r6 =l phi @s_pc2_sp8 %in0
        	%r7 =l phi @s_pc2_sp8 %r3
        	%r8 =l phi @s_pc2_sp8 %r4
        	%t1 =l add %r5, %r6
        	jmp @s_pc5_sp8
        @s_pc5_sp8
        	%r9 =l phi @s_pc4_sp16 %t1
        	%r10 =l phi @s_pc4_sp16 %r7
        	%r11 =l phi @s_pc4_sp16 %r8
        	ret %r9
        }
--- PASS: TestSpecializePointerWalk (0.04s)
=== RUN   TestSpecializePointerWalkLoop
--- PASS: TestSpecializePointerWalkLoop (0.04s)
=== RUN   TestSpecializeRuntimeCalls
    rtcall_test.go:144: residual:
        export function l $interp$spec(l %in0) {
        @start
        	jmp @s_pc0_sp0
        @s_pc0_sp0
        	%r0 =l phi @start 0
        	%r1 =l phi @start 0
        	jmp @s_pc2_sp8
        @s_pc2_sp8
        	%r2 =l phi @s_pc0_sp0 1
        	%r3 =l phi @s_pc0_sp0 %r0
        	%r4 =l phi @s_pc0_sp0 %r1
        	jmp @s_pc4_sp0
        @s_pc4_sp0
        	%r5 =l phi @s_pc2_sp8 %r2
        	%r6 =l phi @s_pc2_sp8 %r4
        	jmp @s_pc6_sp8
        @s_pc6_sp8
        	%r7 =l phi @s_pc4_sp0 %in0
        	%r8 =l phi @s_pc4_sp0 %r5
        	%r9 =l phi @s_pc4_sp0 %r6
        	jmp @s_pc8_sp0
        @s_pc8_sp0
        	%r10 =l phi @s_pc6_sp8 %r8, @s_pc28_sp0 %r44
        	%r11 =l phi @s_pc6_sp8 %r7, @s_pc28_sp0 %r45
        	jmp @s_pc10_sp8
        @s_pc10_sp8
        	%r12 =l phi @s_pc8_sp0 %r11
        	%r13 =l phi @s_pc8_sp0 %r10
        	%r14 =l phi @s_pc8_sp0 %r11
        	%t1 =w ceql %r12, 0
        	jnz %t1, @t1, @f2
        @t1
        	jmp @s_pc30_sp0
        @f2
        	jmp @s_pc12_sp0
        @s_pc30_sp0
        	%r15 =l phi @t1 %r13
        	%r16 =l phi @t1 %r14
        	jmp @s_pc32_sp8
        @s_pc12_sp0
        	%r17 =l phi @f2 %r13
        	%r18 =l phi @f2 %r14
        	jmp @s_pc14_sp8
        @s_pc32_sp8
        	%r19 =l phi @s_pc30_sp0 %r15
        	%r20 =l phi @s_pc30_sp0 %r15
        	%r21 =l phi @s_pc30_sp0 %r16
        	ret %r19
        @s_pc14_sp8
        	%r22 =l phi @s_pc12_sp0 %r17
        	%r23 =l phi @s_pc12_sp0 %r17
        	%r24 =l phi @s_pc12_sp0 %r18
        	jmp @s_pc16_sp16
        @s_pc16_sp16
        	%r25 =l phi @s_pc14_sp8 %r22
        	%r26 =l phi @s_pc14_sp8 %r24
        	%r27 =l phi @s_pc14_sp8 %r23
        	%r28 =l phi @s_pc14_sp8 %r24
        	%t2 =l call $rt_binop(l 2, l %r25, l %r26)
        	jmp @s_pc18_sp8
        @s_pc18_sp8
        	%r29 =l phi @s_pc16_sp16 %t2
        	%r30 =l phi @s_pc16_sp16 %r27
        	%r31 =l phi @s_pc16_sp16 %r28
        	jmp @s_pc20_sp0
        @s_pc20_sp0
        	%r32 =l phi @s_pc18_sp8 %r29
        	%r33 =l phi @s_pc18_sp8 %r31
        	jmp @s_pc22_sp8
        @s_pc22_sp8
        	%r34 =l phi @s_pc20_sp0 %r33
        	%r35 =l phi @s_pc20_sp0 %r32
        	%r36 =l phi @s_pc20_sp0 %r33
        	jmp @s_pc24_sp16
        @s_pc24_sp16
        	%r37 =l phi @s_pc22_sp8 %r34
        	%r38 =l phi @s_pc22_sp8 1
        	%r39 =l phi @s_pc22_sp8 %r35
        	%r40 =l phi @s_pc22_sp8 %r36
        	%t3 =l call $rt_binop(l 1, l %r37, l %r38)
        	jmp @s_pc26_sp8
        @s_pc26_sp8
        	%r41 =l phi @s_pc24_sp16 %t3
        	%r42 =l phi @s_pc24_sp16 %r39
        	%r43 =l phi @s_pc24_sp16 %r40
        	jmp @s_pc28_sp0
        @s_pc28_sp0
        	%r44 =l phi @s_pc26_sp8 %r42
        	%r45 =l phi @s_pc26_sp8 %r41
        	jmp @s_pc8_sp0
        }
--- PASS: TestSpecializeRuntimeCalls (0.04s)
=== RUN   TestSpecializeNestedReconvergingBranches
--- PASS: TestSpecializeNestedReconvergingBranches (0.11s)
=== RUN   TestSpecializeBothArmsBreak
--- PASS: TestSpecializeBothArmsBreak (0.03s)
=== RUN   TestSpecializeJumpPastAlloca
--- PASS: TestSpecializeJumpPastAlloca (0.08s)
PASS
ok  	github.com/evanphx/cg12/pe	1.339s
=== RUN   TestTranslateARM64OperandOrderAndAddressing
--- PASS: TestTranslateARM64OperandOrderAndAddressing (0.00s)
=== RUN   TestTranslateARM64LargeWordImmediateUsesWordScratch
--- PASS: TestTranslateARM64LargeWordImmediateUsesWordScratch (0.00s)
=== RUN   TestTranslateARM64CarryAndHighMultiplyInstructions
--- PASS: TestTranslateARM64CarryAndHighMultiplyInstructions (0.00s)
=== RUN   TestTranslateARM64DirectABIUsesFloatRegisterBankForRawFloatBits
--- PASS: TestTranslateARM64DirectABIUsesFloatRegisterBankForRawFloatBits (0.00s)
=== RUN   TestTranslateARM64ConditionalAndIndexedInstructions
--- PASS: TestTranslateARM64ConditionalAndIndexedInstructions (0.00s)
=== RUN   TestTranslateARM64MakesStaticTextVisibleToRuntimeMetadata
--- PASS: TestTranslateARM64MakesStaticTextVisibleToRuntimeMetadata (0.00s)
=== RUN   TestTranslateARM64NamedVirtualStackSlots
--- PASS: TestTranslateARM64NamedVirtualStackSlots (0.00s)
=== RUN   TestTranslateARM64LeafFrameKeepsLiveLinkRegister
--- PASS: TestTranslateARM64LeafFrameKeepsLiveLinkRegister (0.00s)
=== RUN   TestTranslateARM64VectorLoadCompareAndMove
--- PASS: TestTranslateARM64VectorLoadCompareAndMove (0.00s)
=== RUN   TestTranslateARM64CountInstructions
--- PASS: TestTranslateARM64CountInstructions (0.00s)
=== RUN   TestTranslateARM64MaterializesWideImmediate
--- PASS: TestTranslateARM64MaterializesWideImmediate (0.00s)
=== RUN   TestTranslateARM64BuildsABI0RegisterWrapper
--- PASS: TestTranslateARM64BuildsABI0RegisterWrapper (0.00s)
=== RUN   TestTranslateARM64BuildsABI0MultiResultWrapper
--- PASS: TestTranslateARM64BuildsABI0MultiResultWrapper (0.00s)
=== RUN   TestTranslateARM64DirectABI0Leaf
--- PASS: TestTranslateARM64DirectABI0Leaf (0.00s)
=== RUN   TestTranslateARM64RawVforkSyscallUsesNoStackDirectBody
--- PASS: TestTranslateARM64RawVforkSyscallUsesNoStackDirectBody (0.00s)
=== RUN   TestTranslateARM64DirectABI0CallAfterReadingArguments
--- PASS: TestTranslateARM64DirectABI0CallAfterReadingArguments (0.00s)
=== RUN   TestTranslateARM64SystemstackRestoresTranslatedCallerFramePointer
--- PASS: TestTranslateARM64SystemstackRestoresTranslatedCallerFramePointer (0.00s)
=== RUN   TestTranslateARM64KeepsABI0WrapperWhenReadingArgumentsAfterCall
--- PASS: TestTranslateARM64KeepsABI0WrapperWhenReadingArgumentsAfterCall (0.00s)
=== RUN   TestTranslateARM64ABI0TailBranchUsesDirectTarget
--- PASS: TestTranslateARM64ABI0TailBranchUsesDirectTarget (0.00s)
=== RUN   TestTranslateARM64AssemblyFunctionAddressUsesDirectBodyWhenAvailable
--- PASS: TestTranslateARM64AssemblyFunctionAddressUsesDirectBodyWhenAvailable (0.00s)
=== RUN   TestTranslateExactRuntimeSecretEraseRegisters
--- PASS: TestTranslateExactRuntimeSecretEraseRegisters (0.00s)
=== RUN   TestTranslateExactRuntimeAsyncPreempt
--- PASS: TestTranslateExactRuntimeAsyncPreempt (0.00s)
=== RUN   TestTranslateExactRuntimeTLS
--- PASS: TestTranslateExactRuntimeTLS (0.00s)
=== RUN   TestTranslateExactRuntimeLinuxSystemAssembly
--- PASS: TestTranslateExactRuntimeLinuxSystemAssembly (0.01s)
=== RUN   TestTranslateDataRelocationAndString
--- PASS: TestTranslateDataRelocationAndString (0.00s)
=== RUN   TestTranslatePreservesNoLocalPointersMetadata
--- PASS: TestTranslatePreservesNoLocalPointersMetadata (0.00s)
=== RUN   TestTranslateExactChacha8FrameAndReadOnlyData
--- PASS: TestTranslateExactChacha8FrameAndReadOnlyData (0.00s)
=== RUN   TestTranslateExactReflectAssembly
--- PASS: TestTranslateExactReflectAssembly (0.00s)
=== RUN   TestTranslateRuntimeReflectcallKeepsABI0StackFrame
--- PASS: TestTranslateRuntimeReflectcallKeepsABI0StackFrame (0.00s)
=== RUN   TestTranslateExactSHA256Assembly
--- PASS: TestTranslateExactSHA256Assembly (0.00s)
=== RUN   TestTranslateExactSHA512Assembly
--- PASS: TestTranslateExactSHA512Assembly (0.01s)
=== RUN   TestTranslateExactMD5Assembly
--- PASS: TestTranslateExactMD5Assembly (0.01s)
=== RUN   TestTranslateExactSHA1Assembly
--- PASS: TestTranslateExactSHA1Assembly (0.00s)
=== RUN   TestTranslateExactCRC32Assembly
--- PASS: TestTranslateExactCRC32Assembly (0.00s)
=== RUN   TestSupportsARM64FileKeepsTargetPolicyWithTranslator
--- PASS: TestSupportsARM64FileKeepsTargetPolicyWithTranslator (0.00s)
=== RUN   TestTranslateExactRuntimeARM64FilesAssemble
--- PASS: TestTranslateExactRuntimeARM64FilesAssemble (0.07s)
=== RUN   TestExecuteExactRuntimeSecretEraseRegisters
--- PASS: TestExecuteExactRuntimeSecretEraseRegisters (0.05s)
=== RUN   TestExecuteExactRuntimeAsyncPreemptRegisterSave
--- PASS: TestExecuteExactRuntimeAsyncPreemptRegisterSave (0.05s)
=== RUN   TestExecuteExactRuntimeTLSWithoutCgo
--- PASS: TestExecuteExactRuntimeTLSWithoutCgo (0.05s)
=== RUN   TestParseTextLabelsInstructionsAndGlobal
--- PASS: TestParseTextLabelsInstructionsAndGlobal (0.00s)
=== RUN   TestParseRejectsUnbalancedOperands
--- PASS: TestParseRejectsUnbalancedOperands (0.00s)
=== RUN   TestParseSplitsSemicolonStatements
--- PASS: TestParseSplitsSemicolonStatements (0.00s)
=== RUN   TestParseExpandsMultilineFunctionMacro
--- PASS: TestParseExpandsMultilineFunctionMacro (0.00s)
=== RUN   TestParseExpandsNestedFunctionMacros
--- PASS: TestParseExpandsNestedFunctionMacros (0.00s)
=== RUN   TestParseExpandsIncludedObjectAndFunctionMacros
--- PASS: TestParseExpandsIncludedObjectAndFunctionMacros (0.00s)
=== RUN   TestParseSelectsConditionalSource
--- PASS: TestParseSelectsConditionalSource (0.00s)
=== RUN   TestParseSelectsConditionalIntroducedByMacroExpansion
--- PASS: TestParseSelectsConditionalIntroducedByMacroExpansion (0.00s)
=== RUN   TestParseIndexedMemoryOperand
--- PASS: TestParseIndexedMemoryOperand (0.00s)
=== RUN   TestParseVectorRegistersAndLists
--- PASS: TestParseVectorRegistersAndLists (0.00s)
=== RUN   TestParseExtendedRegister
--- PASS: TestParseExtendedRegister (0.00s)
PASS
ok  	github.com/evanphx/cg12/plan9asm	0.282s
=== RUN   TestBuildDissolvesFrameAndSymbolPseudoRegisters
--- PASS: TestBuildDissolvesFrameAndSymbolPseudoRegisters (0.00s)
=== RUN   TestBuildClassifiesMachineStateFunctionsRaw
--- PASS: TestBuildClassifiesMachineStateFunctionsRaw (0.00s)
=== RUN   TestBuildRequiresSignatureForABIInternalRegisterIntent
--- PASS: TestBuildRequiresSignatureForABIInternalRegisterIntent (0.00s)
=== RUN   TestBuildBindsDeclaredResultAddresses
--- PASS: TestBuildBindsDeclaredResultAddresses (0.00s)
=== RUN   TestBuildAllowsWidenedIntegerResultRegister
--- PASS: TestBuildAllowsWidenedIntegerResultRegister (0.00s)
=== RUN   TestBuildPreservesRawCallerFrameAddresses
--- PASS: TestBuildPreservesRawCallerFrameAddresses (0.00s)
=== RUN   TestBuildMergesGlobalData
--- PASS: TestBuildMergesGlobalData (0.00s)
=== RUN   TestBuildResolvesSymbolMemoryAddends
--- PASS: TestBuildResolvesSymbolMemoryAddends (0.00s)
=== RUN   TestBuildClassifiesSymbolBranchesAsFunctions
--- PASS: TestBuildClassifiesSymbolBranchesAsFunctions (0.00s)
=== RUN   TestBuildResolvesFloatingPointImmediate
--- PASS: TestBuildResolvesFloatingPointImmediate (0.00s)
=== RUN   TestBuildPropagatesTailAliasSignatures
--- PASS: TestBuildPropagatesTailAliasSignatures (0.00s)
PASS
ok  	github.com/evanphx/cg12/plan9asm/sem	0.040s
=== RUN   TestWasmType
--- PASS: TestWasmType (0.00s)
=== RUN   TestBinOp
--- PASS: TestBinOp (0.00s)
=== RUN   TestCmpOp
--- PASS: TestCmpOp (0.00s)
=== RUN   TestConvOps
--- PASS: TestConvOps (0.00s)
=== RUN   TestFormatFloat
--- PASS: TestFormatFloat (0.00s)
=== RUN   TestSanitize
--- PASS: TestSanitize (0.00s)
=== RUN   TestUnsupportedOpErrors
--- PASS: TestUnsupportedOpErrors (0.00s)
=== RUN   TestUnknownSymbolErrors
--- PASS: TestUnknownSymbolErrors (0.00s)
=== RUN   TestIrreducibleErrors
--- PASS: TestIrreducibleErrors (0.00s)
=== RUN   TestVoidAndHltEmit
--- PASS: TestVoidAndHltEmit (0.00s)
=== RUN   TestLoadOps
--- PASS: TestLoadOps (0.00s)
=== RUN   TestStoreOps
--- PASS: TestStoreOps (0.00s)
=== RUN   TestDataEncoding
--- PASS: TestDataEncoding (0.00s)
=== RUN   TestEncodeDataUnknownSymbol
--- PASS: TestEncodeDataUnknownSymbol (0.00s)
=== RUN   TestCompileStandalone
--- PASS: TestCompileStandalone (0.00s)
=== RUN   TestE2EAggregateReturnAndArg
    agg_test.go:49: wasmtime not available
--- SKIP: TestE2EAggregateReturnAndArg (0.00s)
=== RUN   TestIndirectAggReturnUnsupported
--- PASS: TestIndirectAggReturnUnsupported (0.00s)
=== RUN   TestAggregateSignatureShape
--- PASS: TestAggregateSignatureShape (0.00s)
=== RUN   TestE2EVariadicInt
    agg_test.go:111: wasmtime not available
--- SKIP: TestE2EVariadicInt (0.00s)
=== RUN   TestE2EVariadicDouble
    agg_test.go:138: wasmtime not available
--- SKIP: TestE2EVariadicDouble (0.00s)
=== RUN   TestE2EArithmetic
    e2e_test.go:66: wasmtime not available
--- SKIP: TestE2EArithmetic (0.00s)
=== RUN   TestE2ESelect
    e2e_test.go:76: wasmtime not available
--- SKIP: TestE2ESelect (0.00s)
=== RUN   TestE2ELongArith
    e2e_test.go:84: wasmtime not available
--- SKIP: TestE2ELongArith (0.00s)
=== RUN   TestE2EBitwiseAndShifts
=== RUN   TestE2EBitwiseAndShifts/and
    e2e_test.go:105: wasmtime not available
=== RUN   TestE2EBitwiseAndShifts/or
    e2e_test.go:105: wasmtime not available
=== RUN   TestE2EBitwiseAndShifts/xor
    e2e_test.go:105: wasmtime not available
=== RUN   TestE2EBitwiseAndShifts/shl
    e2e_test.go:105: wasmtime not available
=== RUN   TestE2EBitwiseAndShifts/shr
    e2e_test.go:105: wasmtime not available
=== RUN   TestE2EBitwiseAndShifts/sar
    e2e_test.go:105: wasmtime not available
=== RUN   TestE2EBitwiseAndShifts/neg
    e2e_test.go:105: wasmtime not available
--- PASS: TestE2EBitwiseAndShifts (0.00s)
    --- SKIP: TestE2EBitwiseAndShifts/and (0.00s)
    --- SKIP: TestE2EBitwiseAndShifts/or (0.00s)
    --- SKIP: TestE2EBitwiseAndShifts/xor (0.00s)
    --- SKIP: TestE2EBitwiseAndShifts/shl (0.00s)
    --- SKIP: TestE2EBitwiseAndShifts/shr (0.00s)
    --- SKIP: TestE2EBitwiseAndShifts/sar (0.00s)
    --- SKIP: TestE2EBitwiseAndShifts/neg (0.00s)
=== RUN   TestE2EFloat
    e2e_test.go:114: wasmtime not available
--- SKIP: TestE2EFloat (0.00s)
=== RUN   TestE2ECompare
=== RUN   TestE2ECompare/slt_true
    e2e_test.go:141: wasmtime not available
=== RUN   TestE2ECompare/slt_false
    e2e_test.go:141: wasmtime not available
=== RUN   TestE2ECompare/_eq
    e2e_test.go:141: wasmtime not available
=== RUN   TestE2ECompare/uge
    e2e_test.go:141: wasmtime not available
--- PASS: TestE2ECompare (0.00s)
    --- SKIP: TestE2ECompare/slt_true (0.00s)
    --- SKIP: TestE2ECompare/slt_false (0.00s)
    --- SKIP: TestE2ECompare/_eq (0.00s)
    --- SKIP: TestE2ECompare/uge (0.00s)
=== RUN   TestE2EFloatCompare
    e2e_test.go:152: wasmtime not available
--- SKIP: TestE2EFloatCompare (0.00s)
=== RUN   TestE2EConversions
    e2e_test.go:161: wasmtime not available
--- SKIP: TestE2EConversions (0.00s)
=== RUN   TestE2EIf
    e2e_test.go:193: wasmtime not available
--- SKIP: TestE2EIf (0.00s)
=== RUN   TestE2EDiamondMerge
    e2e_test.go:213: wasmtime not available
--- SKIP: TestE2EDiamondMerge (0.00s)
=== RUN   TestE2ELoop
    e2e_test.go:237: wasmtime not available
--- SKIP: TestE2ELoop (0.00s)
=== RUN   TestE2ENestedLoopWithBranch
    e2e_test.go:290: wasmtime not available
--- SKIP: TestE2ENestedLoopWithBranch (0.00s)
=== RUN   TestE2EFloatCompareAll
=== RUN   TestE2EFloatCompareAll/fle
    e2e_test.go:316: wasmtime not available
=== RUN   TestE2EFloatCompareAll/fgt
    e2e_test.go:316: wasmtime not available
=== RUN   TestE2EFloatCompareAll/fge
    e2e_test.go:316: wasmtime not available
=== RUN   TestE2EFloatCompareAll/fne
    e2e_test.go:316: wasmtime not available
=== RUN   TestE2EFloatCompareAll/feq
    e2e_test.go:316: wasmtime not available
=== RUN   TestE2EFloatCompareAll/ford
    e2e_test.go:316: wasmtime not available
=== RUN   TestE2EFloatCompareAll/funord
    e2e_test.go:316: wasmtime not available
--- PASS: TestE2EFloatCompareAll (0.00s)
    --- SKIP: TestE2EFloatCompareAll/fle (0.00s)
    --- SKIP: TestE2EFloatCompareAll/fgt (0.00s)
    --- SKIP: TestE2EFloatCompareAll/fge (0.00s)
    --- SKIP: TestE2EFloatCompareAll/fne (0.00s)
    --- SKIP: TestE2EFloatCompareAll/feq (0.00s)
    --- SKIP: TestE2EFloatCompareAll/ford (0.00s)
    --- SKIP: TestE2EFloatCompareAll/funord (0.00s)
=== RUN   TestE2EMoreConversions
    e2e_test.go:326: wasmtime not available
--- SKIP: TestE2EMoreConversions (0.00s)
=== RUN   TestE2EDivRem
=== RUN   TestE2EDivRem/div
    e2e_test.go:373: wasmtime not available
=== RUN   TestE2EDivRem/udiv
    e2e_test.go:373: wasmtime not available
=== RUN   TestE2EDivRem/rem
    e2e_test.go:373: wasmtime not available
=== RUN   TestE2EDivRem/urem
    e2e_test.go:373: wasmtime not available
--- PASS: TestE2EDivRem (0.00s)
    --- SKIP: TestE2EDivRem/div (0.00s)
    --- SKIP: TestE2EDivRem/udiv (0.00s)
    --- SKIP: TestE2EDivRem/rem (0.00s)
    --- SKIP: TestE2EDivRem/urem (0.00s)
=== RUN   TestE2EPhiSwap
    e2e_test.go:400: wasmtime not available
--- SKIP: TestE2EPhiSwap (0.00s)
=== RUN   TestE2EPointerIsWord
    e2e_test.go:425: wasmtime not available
--- SKIP: TestE2EPointerIsWord (0.00s)
=== RUN   TestE2EAllocRoundTrip
    mem_test.go:21: wasmtime not available
--- SKIP: TestE2EAllocRoundTrip (0.00s)
=== RUN   TestE2ESubwordLoadStore
=== RUN   TestE2ESubwordLoadStore/sb
    mem_test.go:45: wasmtime not available
=== RUN   TestE2ESubwordLoadStore/ub
    mem_test.go:45: wasmtime not available
=== RUN   TestE2ESubwordLoadStore/sh
    mem_test.go:45: wasmtime not available
--- PASS: TestE2ESubwordLoadStore (0.00s)
    --- SKIP: TestE2ESubwordLoadStore/sb (0.00s)
    --- SKIP: TestE2ESubwordLoadStore/ub (0.00s)
    --- SKIP: TestE2ESubwordLoadStore/sh (0.00s)
=== RUN   TestE2EArrayLoop
    mem_test.go:89: wasmtime not available
--- SKIP: TestE2EArrayLoop (0.00s)
=== RUN   TestE2ERecursion
    mem_test.go:104: wasmtime not available
--- SKIP: TestE2ERecursion (0.00s)
=== RUN   TestE2EGlobalData
    mem_test.go:122: wasmtime not available
--- SKIP: TestE2EGlobalData (0.00s)
=== RUN   TestE2EDataSymbolReference
    mem_test.go:138: wasmtime not available
--- SKIP: TestE2EDataSymbolReference (0.00s)
=== RUN   TestE2EIndirectCall
    mem_test.go:168: wasmtime not available
--- SKIP: TestE2EIndirectCall (0.00s)
=== RUN   TestE2EParsedArrayPointers
    parsed_test.go:55: wasmtime not available
--- SKIP: TestE2EParsedArrayPointers (0.00s)
=== RUN   TestE2EParsedNestedLoops
    parsed_test.go:89: wasmtime not available
--- SKIP: TestE2EParsedNestedLoops (0.00s)
=== RUN   TestE2EParsedPointerInMemory
    parsed_test.go:107: wasmtime not available
--- SKIP: TestE2EParsedPointerInMemory (0.00s)
=== RUN   TestE2ETailCallDeepRecursion
    tailcall_test.go:38: wasmtime not available
--- SKIP: TestE2ETailCallDeepRecursion (0.00s)
=== RUN   TestTailCallManyArgsAllowedOnWasm
    tailcall_test.go:72: wasmtime not available
--- SKIP: TestTailCallManyArgsAllowedOnWasm (0.00s)
=== RUN   TestTailCallNotInTailPositionErrors
--- PASS: TestTailCallNotInTailPositionErrors (0.00s)
PASS
ok  	github.com/evanphx/cg12/wasm	0.040s
